Exposure,Exposure.Domain,Outcome.Name,Association,Outcome.Domain.Level.2,Outcome.Domain.Level.1,Biospecimen,Dataset_id,Datasets.Type,Dataset.Source,Linked.Dataset.ID,Linked.Dataset.Name
heat wave,Weather,TTS hospitalization,Positive,Cardiovascular Health,Health Outcome,,42179263,Literature,PubMed,,
dew point temperature,Other,total brain volumes,Positive,Neurological Health,Health Outcome,,41458450,Literature,PubMed,,
relative humidity,Other,total brain volumes,Positive,Neurological Health,Health Outcome,,41458450,Literature,PubMed,,
wet bulb temperature,Other,total brain volumes,Null,Neurological Health,Health Outcome,,41458450,Literature,PubMed,,
air quality,Other,total brain volumes,Null,Neurological Health,Health Outcome,,41458450,Literature,PubMed,,
Temperature variability,Weather,Cardiovascular emergency department visits,Positive,Cardiovascular Health,Health Outcome,,38254140,Literature,PubMed,,
Temperature variability,Weather,hypertension,Null,Cardiovascular Health,Health Outcome,,38254140,Literature,PubMed,,
PM2.5,Air Quality,acute kidney failure [AKF],Positive,Renal Health,Health Outcome,,37054868,Literature,PubMed,,
PM2.5,Air Quality,glomerular diseases [GD],Positive,Renal Health,Health Outcome,,37054868,Literature,PubMed,,
PM2.5,Air Quality,volume depletion,Positive,Renal Health,Health Outcome,,37054868,Literature,PubMed,,
NO2,Air Quality,acute kidney failure [AKF],Positive,Renal Health,Health Outcome,,37054868,Literature,PubMed,,
O3,Air Quality,acute kidney failure [AKF],Null,Renal Health,Health Outcome,,37054868,Literature,PubMed,,
O3,Air Quality,urolithiasis,Null,Renal Health,Health Outcome,,37054868,Literature,PubMed,,
O3,Air Quality,glomerular diseases [GD],Null,Renal Health,Health Outcome,,37054868,Literature,PubMed,,
O3,Air Quality,renal tubulo-interstitial diseases,Null,Renal Health,Health Outcome,,37054868,Literature,PubMed,,
O3,Air Quality,chronic kidney disease,Null,Renal Health,Health Outcome,,37054868,Literature,PubMed,,
O3,Air Quality,dysnatremia,Null,Renal Health,Health Outcome,,37054868,Literature,PubMed,,
O3,Air Quality,volume depletion,Null,Renal Health,Health Outcome,,37054868,Literature,PubMed,,
heat index,Weather,term birthweight,Negative,Gestational growth;Fetal growth,Health Outcome,,36279910,Literature,PubMed,,
heat index,Weather,small for gestational age,Positive,Gestational growth;Fetal growth,Health Outcome,,36279910,Literature,PubMed,,
temperature,Weather,term birthweight,Negative,Gestational growth;Fetal growth,Health Outcome,,36279910,Literature,PubMed,,
temperature,Weather,term birthweight,Null,Gestational growth;Fetal growth,Health Outcome,,36279910,Literature,PubMed,,
temperature,Weather,small for gestational age,Null,Gestational growth;Fetal growth,Health Outcome,,36279910,Literature,PubMed,,
heat index,Weather,term birthweight,Null,Gestational growth;Fetal growth,Health Outcome,,36279910,Literature,PubMed,,
heat index,Weather,small for gestational age,Null,Gestational growth;Fetal growth,Health Outcome,,36279910,Literature,PubMed,,
temperature,Weather,COVID-19 incidence rate,Negative,Infectious Disease,Health Outcome,,36092863,Literature,PubMed,,
humidity,Weather,COVID-19 incidence rate,Negative,Infectious Disease,Health Outcome,,36092863,Literature,PubMed,,
temperature,Weather,COVID-19 incidence rate,Positive,Infectious Disease,Health Outcome,,36092863,Literature,PubMed,,
humidity,Weather,COVID-19 incidence rate,Negative,Infectious Disease,Health Outcome,,36092863,Literature,PubMed,,
temperature,Weather,COVID-19 incidence rate,Null,Infectious Disease,Health Outcome,,36092863,Literature,PubMed,,
humidity,Weather,COVID-19 incidence rate,Null,Infectious Disease,Health Outcome,,36092863,Literature,PubMed,,
air temperature,Weather,heat-associated mortalities,Positive,Mortality,Health Outcome,,36088401,Literature,PubMed,,
dew point temperature,Weather,heat-associated mortalities,Positive,Mortality,Health Outcome,,36088401,Literature,PubMed,,
PM2.5,Weather,heat-associated mortalities,Positive,Mortality,Health Outcome,,36088401,Literature,PubMed,,
temperature,Weather,influenza reports,Negative,Influenza-like illness,Health Outcome,,33722496,Literature,PubMed,,
PM2.5,Air Quality,Monthly age-adjusted mortality,Positive,Mortality,Health Outcome,,32126999,Literature,PubMed,,
diurnal temperature range,Weather,emergency department (ED) admissions,Positive,Morbidity and Mortality,Health Outcome,,31720855,Literature,PubMed,,
Heat waves defined by maximum apparent temperature at lag 0,Weather,ED visits for acute renal failure,Positive,Renal Health;Cardiovascular Health;Infectious Disease;General Health,Health Outcome,,28599264,Literature,PubMed,,
Heat waves defined by minimum temperature at lag 0,Weather,ED visits for ischemic stroke,Positive,Renal Health;Cardiovascular Health;Infectious Disease;General Health,Health Outcome,,28599264,Literature,PubMed,,
Heat waves defined by average temperature at lag 1,Weather,ED visits for intestinal infection,Positive,Renal Health;Cardiovascular Health;Infectious Disease;General Health,Health Outcome,,28599264,Literature,PubMed,,
Heat waves defined by maximum temperature at lag 1,Weather,ED visits for all internal causes,Positive,Renal Health;Cardiovascular Health;Infectious Disease;General Health,Health Outcome,,28599264,Literature,PubMed,,
relative humidity,Weather,monthly legionellosis rate,Positive,Infectious Diseases,Health Outcome,,26993637,Literature,PubMed,,
temperature,Weather,monthly legionellosis rate,Negative,Infectious Diseases,Health Outcome,,26993637,Literature,PubMed,,
relative humidity,Weather,legionellosis,Positive,Infectious Diseases,Health Outcome,,26993637,Literature,PubMed,,
daily maximum temperature,Weather,ED visits for all internal causes,Positive,Heat-related Illness;Renal Disease;Cardiorespiratory Disease;Intestinal Infection;Asthma;Diabetes,Health Outcome,,26922412,Literature,PubMed,,
daily maximum temperature,Weather,ED visits for diabetes,Positive,Heat-related Illness;Renal Disease;Cardiorespiratory Disease;Intestinal Infection;Asthma;Diabetes,Health Outcome,,26922412,Literature,PubMed,,
daily maximum temperature,Weather,ED visits for fluid/electrolyte imbalances,Positive,Heat-related Illness;Renal Disease;Cardiorespiratory Disease;Intestinal Infection;Asthma;Diabetes,Health Outcome,,26922412,Literature,PubMed,,
daily maximum temperature,Weather,ED visits for renal disease,Positive,Heat-related Illness;Renal Disease;Cardiorespiratory Disease;Intestinal Infection;Asthma;Diabetes,Health Outcome,,26922412,Literature,PubMed,,
daily maximum temperature,Weather,ED visits for asthma/wheeze,Positive,Heat-related Illness;Renal Disease;Cardiorespiratory Disease;Intestinal Infection;Asthma;Diabetes,Health Outcome,,26922412,Literature,PubMed,,
daily maximum temperature,Weather,ED visits for intestinal infections,Positive,Heat-related Illness;Renal Disease;Cardiorespiratory Disease;Intestinal Infection;Asthma;Diabetes,Health Outcome,,26922412,Literature,PubMed,,
temperature,Other,initial Pseudomonas aeruginosa acquisition,Positive,Cystic Fibrosis;Respiratory Health,Health Outcome,,26449886,Literature,PubMed,,
dew point,Other,initial Pseudomonas aeruginosa acquisition,Positive,Cystic Fibrosis;Respiratory Health,Health Outcome,,26449886,Literature,PubMed,,
"upper atmosphere temperature, dew point, mixing ratio, and six air pollutants",Other,asthma exacerbations,Positive,Respiratory Health,Health Outcome,,23406925,Literature,PubMed,,
dew point,Weather,admission rates,Negative,Respiratory Health,Health Outcome,,23091965,Literature,PubMed,,
Winter temperature inversions,Weather,Emergency department visits for asthma,Positive,Respiratory Health,Health Outcome,,22784691,Literature,PubMed,,
Winter temperature inversions,Weather,Emergency department visits for asthma,Positive,Respiratory Health,Health Outcome,,22784691,Literature,PubMed,,
Upper-air temperature,Weather,asthma exacerbations,Positive,Asthma,Health Outcome,,22574718,Literature,PubMed,,
Upper-air relative humidity,Weather,asthma exacerbations,Positive,Asthma,Health Outcome,,22574718,Literature,PubMed,,
Upper-air dew point,Weather,asthma exacerbations,Positive,Asthma,Health Outcome,,22574718,Literature,PubMed,,
O3,Air Quality,hospital admissions for asthma,Positive,Respiratory Health;Cardiovascular Health,Health Outcome,,21609456,Literature,PubMed,,
O3,Air Quality,hospital admissions for myocardial infarction (MI),Positive,Respiratory Health;Cardiovascular Health,Health Outcome,,21609456,Literature,PubMed,,
heat waves,Weather,Excess mortality,Positive,Mortality,Health Outcome,,21193384,Literature,PubMed,,
ambient temperature,Weather,HDL,Negative,Cardiovascular Health,Health Outcome,Serum,21172696,Literature,PubMed,,
ambient temperature,Weather,HDL,Negative,Cardiovascular Health,Health Outcome,Serum,21172696,Literature,PubMed,,
ambient temperature,Weather,LDL,Positive,Cardiovascular Health,Health Outcome,Serum,21172696,Literature,PubMed,,
ambient temperature,Weather,LDL,Positive,Cardiovascular Health,Health Outcome,Serum,21172696,Literature,PubMed,,
apparent temperature,Weather,HDL,Negative,Cardiovascular Health,Health Outcome,Serum,21172696,Literature,PubMed,,
apparent temperature,Weather,LDL,Positive,Cardiovascular Health,Health Outcome,Serum,21172696,Literature,PubMed,,
dew point temperature,Weather,HDL,Negative,Cardiovascular Health,Health Outcome,Serum,21172696,Literature,PubMed,,
dew point temperature,Weather,LDL,Positive,Cardiovascular Health,Health Outcome,Serum,21172696,Literature,PubMed,,
ambient temperature,Weather,total cholesterol,Null,Cardiovascular Health,Health Outcome,Serum,21172696,Literature,PubMed,,
ambient temperature,Weather,triglycerides,Null,Cardiovascular Health,Health Outcome,Serum,21172696,Literature,PubMed,,
ambient temperature,Weather,diastolic blood pressure (DBP),Negative,Cardiovascular Health,Health Outcome,,20864465,Literature,PubMed,,
apparent temperature,Weather,diastolic blood pressure (DBP),Negative,Cardiovascular Health,Health Outcome,,20864465,Literature,PubMed,,
ambient temperature (excluding extreme temperatures),Weather,diastolic blood pressure (DBP),Negative,Cardiovascular Health,Health Outcome,,20864465,Literature,PubMed,,
apparent temperature (excluding extreme temperatures),Weather,diastolic blood pressure (DBP),Negative,Cardiovascular Health,Health Outcome,,20864465,Literature,PubMed,,
dew point temperature (DPT),Weather,diastolic blood pressure (DBP),Null,Cardiovascular Health,Health Outcome,,20864465,Literature,PubMed,,
apparent temperature,Weather,systolic blood pressure (SBP),Negative,Cardiovascular Health,Health Outcome,,20864465,Literature,PubMed,,
O3,Air Quality,mortality rate,Positive,Mortality,Health Outcome,,20717546,Literature,PubMed,,
O3,Air Quality,premature deaths,Positive,Mortality,Health Outcome,,20717546,Literature,PubMed,,
relative humidity,Weather,new headache onset,Positive,Neurological Health,Health Outcome,,20039960,Literature,PubMed,,
temperature,Weather,new headache onset,Null,Neurological Health,Health Outcome,,20039960,Literature,PubMed,,
dew point temperature,Weather,new headache onset,Null,Neurological Health,Health Outcome,,20039960,Literature,PubMed,,
sunlight,Weather,new headache onset,Null,Neurological Health,Health Outcome,,20039960,Literature,PubMed,,
PM2.5,Air Quality,Emergency hospital admissions for cardiovascular disease (unadjusted),Positive,Cardiovascular Health;Respiratory Health,Health Outcome,,18477784,Literature,PubMed,,
PM2.5,Air Quality,Emergency hospital admissions for respiratory disease (unadjusted),Positive,Cardiovascular Health;Respiratory Health,Health Outcome,,18477784,Literature,PubMed,,
PM2.5,Air Quality,heart failure hospital admission,Positive,Cardiovascular Health;Respiratory Health,Health Outcome,,16522832,Literature,PubMed,,
PM2.5,Air Quality,injuries hospital admission,Null,Cardiovascular Health;Respiratory Health,Health Outcome,,16522832,Literature,PubMed,,
O3,Other,hospitalization for acute myocardial infarction,Positive,Cardiovascular Health,Health Outcome,,12896852,Literature,PubMed,,
O3,Other,hospitalization for coronary atherosclerosis,Positive,Cardiovascular Health,Health Outcome,,12896852,Literature,PubMed,,
O3,Other,hospitalization for pulmonary heart disease,Positive,Cardiovascular Health,Health Outcome,,12896852,Literature,PubMed,,
CO,Other,hospitalization for congestive heart failure,Positive,Cardiovascular Health,Health Outcome,,12896852,Literature,PubMed,,
NO2,Other,hospitalization for cardiovascular diseases,Null,Cardiovascular Health,Health Outcome,,12896852,Literature,PubMed,,
maximum temperature,Other,hospitalization for acute myocardial infarction,Positive,Cardiovascular Health,Health Outcome,,12896852,Literature,PubMed,,
maximum temperature,Other,hospitalization for congestive heart failure,Positive,Cardiovascular Health,Health Outcome,,12896852,Literature,PubMed,,
maximum temperature,Other,hospitalization for coronary atherosclerosis,Negative,Cardiovascular Health,Health Outcome,,12896852,Literature,PubMed,,
maximum temperature,Other,hospitalization for pulmonary heart disease,Negative,Cardiovascular Health,Health Outcome,,12896852,Literature,PubMed,,
PM2.5,Air Quality,HF HRV,Negative,Cardiovascular Health,Health Outcome,,11409004,Literature,PubMed,,
PM2.5,Air Quality,HF HRV (excluding study days 4 and 5),Negative,Cardiovascular Health,Health Outcome,,11409004,Literature,PubMed,,
PM2.5,Air Quality,total mortality during summer quarters,Positive,Respiratory Health,Health Outcome,,8674485,Literature,PubMed,,
PM2.5,Air Quality,respiratory-specific mortality during summer quarters,Positive,Respiratory Health,Health Outcome,,8674485,Literature,PubMed,,
PM2.5,Air Quality,total mortality for the year taken as a whole,Null,Respiratory Health,Health Outcome,,8674485,Literature,PubMed,,
O3,Air Quality,mortality during summer quarters,Positive,Respiratory Health,Health Outcome,,8674485,Literature,PubMed,,
CO,Air Quality,ischemic heart disease admissions,Null,Cardiovascular Health,Health Outcome,,7785670,Literature,PubMed,,
O3,Air Quality,ischemic heart disease admissions,Null,Cardiovascular Health,Health Outcome,,7785670,Literature,PubMed,,
CO,Air Quality,heart failure admissions,Positive,Cardiovascular Health,Health Outcome,,7785670,Literature,PubMed,,
greenness,Built Environment,global composite score,Positive,Neurological Health,Health Outcome,,39016600,Literature,PubMed,,
greenness,Built Environment,verbal memory,Null,Neurological Health,Health Outcome,,39016600,Literature,PubMed,,
walkability,Built Environment,BMI,Negative,Physical Fitness,Health Outcome,,37831961,Literature,PubMed,,
walkability,Built Environment,PACER,Positive,Physical Fitness,Health Outcome,,37831961,Literature,PubMed,,
walkability,Built Environment,BMI (girls),Negative,Physical Fitness,Health Outcome,,37831961,Literature,PubMed,,
walkability,Built Environment,BMI (boys),Negative,Physical Fitness,Health Outcome,,37831961,Literature,PubMed,,
walkability,Built Environment,PACER (girls),Positive,Physical Fitness,Health Outcome,,37831961,Literature,PubMed,,
walkability,Built Environment,BMI,Negative,Cardiovascular Health;Physical Fitness,Health Outcome,,33596444,Literature,PubMed,,
walkability,Built Environment,diastolic blood pressure percentiles (DBP),Negative,Cardiovascular Health;Physical Fitness,Health Outcome,,33596444,Literature,PubMed,,
walkability,Built Environment,skinfold thickness,Negative,Cardiovascular Health;Physical Fitness,Health Outcome,,33596444,Literature,PubMed,,
walkability,Built Environment,sit-ups,Positive,Cardiovascular Health;Physical Fitness,Health Outcome,,33596444,Literature,PubMed,,
walkability,Built Environment,systolic blood pressure percentiles (SBP),Negative,Cardiovascular Health;Physical Fitness,Health Outcome,,33596444,Literature,PubMed,,
local greenness,Built Environment,test scores,Null,Academic Achievement,Health Outcome,,42090361,Literature,PubMed,,
heat waves,Weather,annual all-cause mortality,Positive,Mortality;Cardiovascular Health;Respiratory Health;Neurological Health,Health Outcome,,41825471,Literature,PubMed,,
heat waves,Weather,cardiovascular deaths,Positive,Mortality;Cardiovascular Health;Respiratory Health;Neurological Health,Health Outcome,,41825471,Literature,PubMed,,
heat waves,Weather,respiratory deaths,Positive,Mortality;Cardiovascular Health;Respiratory Health;Neurological Health,Health Outcome,,41825471,Literature,PubMed,,
heat waves,Weather,neurological deaths,Positive,Mortality;Cardiovascular Health;Respiratory Health;Neurological Health,Health Outcome,,41825471,Literature,PubMed,,
temperature,Other,distribution of temperature among disabled residents,Null,Environmental Justice;Disability Health,Health Outcome,,41818890,Literature,PubMed,,
Extreme heat and NO2,Other,Cardiorespiratory hospitalizations,Positive,Cardiorespiratory Health,Health Outcome,,41790999,Literature,PubMed,,
PM2.5,Other,birthweight,Negative,Birth Outcomes,Health Outcome,,41558211,Literature,PubMed,,
Residential greenness (270m Buffer),Built Environment,colorectal cancer (CRC)-specific mortality,Null,Oncology,Health Outcome,,41496239,Literature,PubMed,,
Residential greenness (1230m Buffer),Built Environment,colorectal cancer (CRC)-specific mortality,Null,Oncology,Health Outcome,,41496239,Literature,PubMed,,
residential greenness,Other,type 2 diabetes (T2D) incidence,Negative,Metabolic Health,Health Outcome,,41124816,Literature,PubMed,,
greenness,Other,COVID-19 vaccination willingness,Negative,COVID-19 experiences;Health-related outcomes,Health Outcome,,40869865,Literature,PubMed,,
heat wave,Other,COVID-19 vaccination willingness,Positive,COVID-19 experiences;Health-related outcomes,Health Outcome,,40869865,Literature,PubMed,,
PM2.5,Other,Burkitt lymphoma,Positive,Childhood Cancer;Oncology,Health Outcome,,40668547,Literature,PubMed,,
PM2.5,Other,lymphoreticular neoplasms,Positive,Childhood Cancer;Oncology,Health Outcome,,40668547,Literature,PubMed,,
PM2.5,Other,Hodgkin lymphoma,Positive,Childhood Cancer;Oncology,Health Outcome,,40668547,Literature,PubMed,,
PM2.5,Other,lymphoid leukemias,Positive,Childhood Cancer;Oncology,Health Outcome,,40668547,Literature,PubMed,,
PM2.5,Other,B-cell leukemia,Positive,Childhood Cancer;Oncology,Health Outcome,,40668547,Literature,PubMed,,
PM2.5,Other,intracranial and intraspinal embryonal neoplasms,Positive,Childhood Cancer;Oncology,Health Outcome,,40668547,Literature,PubMed,,
residential greenness,Other,malignant epithelial neoplasms and melanomas,Negative,Childhood Cancer;Oncology,Health Outcome,,40668547,Literature,PubMed,,
residential greenness,Other,renal tumors,Positive,Childhood Cancer;Oncology,Health Outcome,,40668547,Literature,PubMed,,
residential greenness,Other,neuroblastoma,Positive,Childhood Cancer;Oncology,Health Outcome,,40668547,Literature,PubMed,,
mean temperature during pregnancy,Built Environment,preterm birth (PTB) association with plant species richness,Positive,Reproductive Health,Health Outcome,,40578112,Literature,PubMed,,
walkability,Built Environment,Intervention group,Negative,Obesity;Weight Loss,Health Outcome,,40345106,Literature,PubMed,,
greenness,Built Environment,Intervention group,Null,Obesity;Weight Loss,Health Outcome,,40345106,Literature,PubMed,,
12-month average NO2,Other,generalized anxiety disorder (GAD) symptoms,Positive,Mental Health,Health Outcome,,40237568,Literature,PubMed,,
12-month average temperature,Other,generalized anxiety disorder (GAD) symptoms,Positive,Mental Health,Health Outcome,,40237568,Literature,PubMed,,
walkability,Other,generalized anxiety disorder (GAD) symptoms,Positive,Mental Health,Health Outcome,,40237568,Literature,PubMed,,
greenness,Built Environment,incidence of stroke in Eastern Temperate Forests region,Negative,Cardiovascular Health;Neurological Health,Health Outcome,,40207510,Literature,PubMed,,
greenness,Built Environment,incidence of stroke in Great Plains region,Positive,Cardiovascular Health;Neurological Health,Health Outcome,,40207510,Literature,PubMed,,
greenness,Built Environment,incidence of stroke in Mediterranean California region,Positive,Cardiovascular Health;Neurological Health,Health Outcome,,40207510,Literature,PubMed,,
wildfire smoke PM2.5,Air Quality,life expectancy,Negative,Life Expectancy,Health Outcome,,39842293,Literature,PubMed,,
interaction of greenspace with smoke PM2.5,Air Quality,life expectancy,Negative,Life Expectancy,Health Outcome,,39842293,Literature,PubMed,,
daily summer temperature,Weather,violent crime,Positive,Aggression and Violence,Health Outcome,,39742829,Literature,PubMed,,
daily summer temperature,Weather,violent crime,Positive,Aggression and Violence,Health Outcome,,39742829,Literature,PubMed,,
daily summer temperature,Weather,violent crime,Null,Aggression and Violence,Health Outcome,,39742829,Literature,PubMed,,
ambient temperature,Weather,Postpartum depression (PPD),Positive,Mental Health,Health Outcome,,39601565,Literature,PubMed,,
diurnal temperature range,Weather,Postpartum depression (PPD),Positive,Mental Health,Health Outcome,,39601565,Literature,PubMed,,
PM2.5,Air Quality,preterm birth,Null,Perinatal Health,Health Outcome,,38995210,Literature,PubMed,,
PM2.5,Air Quality,medically attended acute respiratory illness,Null,Respiratory Health,Health Outcome,,38958238,Literature,PubMed,,
PM2.5,Air Quality,emergency department (ED) visits,Null,Respiratory Health,Health Outcome,,38958238,Literature,PubMed,,
PM2.5,Air Quality,hospital readmissions,Null,Respiratory Health,Health Outcome,,38958238,Literature,PubMed,,
PM2.5,Air Quality,medically attended acute respiratory illness among infants with Grade 1 BPD,Positive,Respiratory Health,Health Outcome,,38958238,Literature,PubMed,,
PM2.5,Air Quality,medically attended acute respiratory illness among infants with Grade 3 BPD,Null,Respiratory Health,Health Outcome,,38958238,Literature,PubMed,,
PM2.5,Air Quality,MDA (first trimester),Positive,Maternal and Fetal Health,Health Outcome,Urine,38942277,Literature,PubMed,,
PM2.5,Air Quality,MDA (second trimester),Negative,Maternal and Fetal Health,Health Outcome,Urine,38942277,Literature,PubMed,,
PM2.5,Air Quality,MDA (third trimester),Null,Maternal and Fetal Health,Health Outcome,Urine,38942277,Literature,PubMed,,
PM2.5,Air Quality,8-OHdG (second trimester),Positive,Maternal and Fetal Health,Health Outcome,Urine,38942277,Literature,PubMed,,
NO2,Air Quality,MDA,Null,Maternal and Fetal Health,Health Outcome,Urine,38942277,Literature,PubMed,,
NO2,Air Quality,8-OHdG,Null,Maternal and Fetal Health,Health Outcome,Urine,38942277,Literature,PubMed,,
PM2.5,Air Quality,Loss of independence,Positive,Geriatric Health,Health Outcome,,38941096,Literature,PubMed,,
PM2.5 levels from road traffic,Air Quality,Loss of independence,Positive,Geriatric Health,Health Outcome,,38941096,Literature,PubMed,,
PM2.5 levels from nonroad traffic,Air Quality,Loss of independence,Positive,Geriatric Health,Health Outcome,,38941096,Literature,PubMed,,
NO2,Air Quality,Loss of independence,Positive,Geriatric Health,Health Outcome,,38941096,Literature,PubMed,,
PM2.5 levels from road traffic,Air Quality,Loss of independence,Positive,Geriatric Health,Health Outcome,,38941096,Literature,PubMed,,
O3,Air Quality,Loss of independence,Negative,Geriatric Health,Health Outcome,,38941096,Literature,PubMed,,
NO2,Air Quality,regional brain volumes,Negative,Neurological Health,Health Outcome,,38922331,Literature,PubMed,,
CO,Air Quality,regional brain volumes,Negative,Neurological Health,Health Outcome,,38922331,Literature,PubMed,,
O3,Air Quality,brain magnetic resonance imaging (MRI) markers,Null,Neurological Health,Health Outcome,,38922331,Literature,PubMed,,
"built environment, neighborhood poverty, and air quality",Other,disparities in asthma prevalence,Negative,Respiratory Health,Health Outcome,,38908569,Literature,PubMed,,
Extreme heat event,Weather,Death,Positive,Mortality,Health Outcome,,38876272,Literature,PubMed,,
PM2.5,Air Quality,executive function,Null,Neurodevelopment,Health Outcome,,38871635,Literature,PubMed,,
NO2,Air Quality,executive function,Null,Neurodevelopment,Health Outcome,,38871635,Literature,PubMed,,
O3,Air Quality,executive function,Null,Neurodevelopment,Health Outcome,,38871635,Literature,PubMed,,
NO2,Air Quality,working memory,Negative,Neurodevelopment,Health Outcome,,38871635,Literature,PubMed,,
NO2,Air Quality,Hodgkin lymphoma,Positive,Oncology;Hematologic Health,Health Outcome,,38802672,Literature,PubMed,,
NO2,Air Quality,marginal zone lymphoma,Positive,Oncology;Hematologic Health,Health Outcome,,38802672,Literature,PubMed,,
CO,Air Quality,marginal zone lymphoma,Positive,Oncology;Hematologic Health,Health Outcome,,38802672,Literature,PubMed,,
CO,Air Quality,T-cell lymphoma,Positive,Oncology;Hematologic Health,Health Outcome,,38802672,Literature,PubMed,,
PM2.5,Air Quality,birthweight,Negative,Birth Outcomes,Health Outcome,,38677086,Literature,PubMed,,
CO,Air Quality,birthweight,Negative,Birth Outcomes,Health Outcome,,38677086,Literature,PubMed,,
PM2.5,Air Quality,preeclampsia and eclampsia (PE-E),Positive,Maternal Health;Cardiovascular Health,Health Outcome,,38669277,Literature,PubMed,,
black carbon,Air Quality,preeclampsia and eclampsia (PE-E),Positive,Maternal Health;Cardiovascular Health,Health Outcome,,38669277,Literature,PubMed,,
PM2.5,Air Quality,gestational hypertension (GH),Null,Maternal Health;Cardiovascular Health,Health Outcome,,38669277,Literature,PubMed,,
PM2.5 mixture,Air Quality,preeclampsia and eclampsia (PE-E),Positive,Maternal Health;Cardiovascular Health,Health Outcome,,38669277,Literature,PubMed,,
"1,1,2,2-tetrachloroethane",Air Quality,invasive breast cancer,Positive,Oncology,Health Outcome,,38574449,Literature,PubMed,,
ethylene dichloride,Air Quality,invasive breast cancer,Positive,Oncology,Health Outcome,,38574449,Literature,PubMed,,
vinyl chloride,Air Quality,invasive breast cancer,Positive,Oncology,Health Outcome,,38574449,Literature,PubMed,,
benzene,Air Quality,breast cancer,Positive,Oncology,Health Outcome,,38574449,Literature,PubMed,,
ethylbenzene,Air Quality,breast cancer,Positive,Oncology,Health Outcome,,38574449,Literature,PubMed,,
toluene,Air Quality,breast cancer,Positive,Oncology,Health Outcome,,38574449,Literature,PubMed,,
naphthalene,Air Quality,breast cancer,Positive,Oncology,Health Outcome,,38574449,Literature,PubMed,,
acrolein,Air Quality,breast cancer,Positive,Oncology,Health Outcome,,38574449,Literature,PubMed,,
NO2,Air Quality,maternal cardiovascular biomarkers,Positive,Inflammatory Health;Cardiovascular Health;Metabolic Health;Cancer;Neurological Health,Health Outcome,Maternal blood;Cord blood,38555084,Literature,PubMed,,
NO2,Air Quality,maternal inflammation biomarkers,Positive,Inflammatory Health;Cardiovascular Health;Metabolic Health;Cancer;Neurological Health,Health Outcome,Maternal blood;Cord blood,38555084,Literature,PubMed,,
O3,Air Quality,maternal inflammation biomarkers,Negative,Inflammatory Health;Cardiovascular Health;Metabolic Health;Cancer;Neurological Health,Health Outcome,Maternal blood;Cord blood,38555084,Literature,PubMed,,
O3,Air Quality,maternal metabolic biomarkers,Negative,Inflammatory Health;Cardiovascular Health;Metabolic Health;Cancer;Neurological Health,Health Outcome,Maternal blood;Cord blood,38555084,Literature,PubMed,,
O3,Air Quality,maternal cardiovascular biomarkers,Negative,Inflammatory Health;Cardiovascular Health;Metabolic Health;Cancer;Neurological Health,Health Outcome,Maternal blood;Cord blood,38555084,Literature,PubMed,,
PM2.5,Air Quality,cord blood cardiovascular biomarkers,Positive,Inflammatory Health;Cardiovascular Health;Metabolic Health;Cancer;Neurological Health,Health Outcome,Maternal blood;Cord blood,38555084,Literature,PubMed,,
PM2.5,Air Quality,cord blood metabolic biomarkers,Negative,Inflammatory Health;Cardiovascular Health;Metabolic Health;Cancer;Neurological Health,Health Outcome,Maternal blood;Cord blood,38555084,Literature,PubMed,,
PM2.5,Air Quality,gestational hypertension (GH),Positive,Maternal Health;Cardiovascular Health,Health Outcome,,38533642,Literature,PubMed,,
PM2.5,Air Quality,preeclampsia,Null,Maternal Health;Cardiovascular Health,Health Outcome,,38533642,Literature,PubMed,,
NO2,Air Quality,preeclampsia,Null,Maternal Health;Cardiovascular Health,Health Outcome,,38533642,Literature,PubMed,,
O3,Air Quality,preeclampsia,Null,Maternal Health;Cardiovascular Health,Health Outcome,,38533642,Literature,PubMed,,
wildfire-sourced PM2.5,Air Quality,preterm birth,Positive,Pregnancy Outcomes,Health Outcome,,38518428,Literature,PubMed,,
black carbon,Air Quality,preterm birth,Positive,Pregnancy Outcomes,Health Outcome,,38518428,Literature,PubMed,,
wildfire-sourced PM2.5,Air Quality,term low birth weight,Positive,Pregnancy Outcomes,Health Outcome,,38518428,Literature,PubMed,,
PM2.5,Air Quality,Autism Spectrum Disorder (ASD) diagnosis,Positive,Neurological Health,Health Outcome,,38484609,Literature,PubMed,,
PM2.5,Air Quality,gastrointestinal bleeding,Positive,Cardiovascular Health;Hematologic Health,Health Outcome,,38460663,Literature,PubMed,,
PM2.5,Air Quality,intracranial bleeding,Positive,Cardiovascular Health;Hematologic Health,Health Outcome,,38460663,Literature,PubMed,,
PM2.5,Air Quality,epistaxis,Positive,Cardiovascular Health;Hematologic Health,Health Outcome,,38460663,Literature,PubMed,,
PM2.5,Air Quality,uterine fibroid (UF) diagnosis,Negative,Reproductive Health,Health Outcome,,38397711,Literature,PubMed,,
temperature,Air Quality,aged sea salt,Positive,Maternal Health,Health Outcome,,38326532,Literature,PubMed,,
ambient NO2,Air Quality,traffic,Positive,Maternal Health,Health Outcome,,38326532,Literature,PubMed,,
Laboratory exposure to unhealthy air quality,Air Quality,blastulation rate,Null,Reproductive Health,Health Outcome,Embryos;Blastocysts,38244020,Literature,PubMed,,
Patient exposure to unhealthy air quality,Air Quality,blastulation rate,Null,Reproductive Health,Health Outcome,Embryos;Blastocysts,38244020,Literature,PubMed,,
Laboratory exposure to unhealthy air quality,Air Quality,number of blastocysts obtained,Negative,Reproductive Health,Health Outcome,Embryos;Blastocysts,38244020,Literature,PubMed,,
Laboratory exposure to unhealthy air quality,Air Quality,cycles with no blastocysts obtained,Positive,Reproductive Health,Health Outcome,Embryos;Blastocysts,38244020,Literature,PubMed,,
Patient exposure to unhealthy air quality,Air Quality,IVF treatment outcomes,Null,Reproductive Health,Health Outcome,Embryos;Blastocysts,38244020,Literature,PubMed,,
Wildfire smoke exposure,Air Quality,pregnancy outcomes,Null,Reproductive Health,Health Outcome,Embryos;Blastocysts,38244020,Literature,PubMed,,
O3,Air Quality,emphysema progression,Positive,Respiratory Health,Health Outcome,,38226871,Literature,PubMed,,
PM2.5,Air Quality,spontaneous abortion (SAB),Positive,Reproductive Health,Health Outcome,,38157969,Literature,PubMed,,
PM2.5,Air Quality,spontaneous abortion (SAB),Null,Reproductive Health,Health Outcome,,38157969,Literature,PubMed,,
NO2,Air Quality,spontaneous abortion (SAB),Null,Reproductive Health,Health Outcome,,38157969,Literature,PubMed,,
O3,Air Quality,spontaneous abortion (SAB),Null,Reproductive Health,Health Outcome,,38157969,Literature,PubMed,,
PM2.5,Air Quality,adult premature mortality,Positive,Mortality,Health Outcome,,37997110,Literature,PubMed,,
PM2.5,Air Quality,"fecundability (US, annual average)",Null,Fertility,Health Outcome,,37862861,Literature,PubMed,,
PM2.5,Air Quality,"fecundability (US, cycle-specific)",Null,Fertility,Health Outcome,,37862861,Literature,PubMed,,
PM2.5,Air Quality,"fecundability (US, preconception average)",Null,Fertility,Health Outcome,,37862861,Literature,PubMed,,
PM2.5,Air Quality,"fecundability (Canada, annual average)",Null,Fertility,Health Outcome,,37862861,Literature,PubMed,,
PM2.5,Air Quality,"fecundability (Canada, cycle-specific)",Null,Fertility,Health Outcome,,37862861,Literature,PubMed,,
PM2.5,Air Quality,"fecundability (Canada, preconception average)",Null,Fertility,Health Outcome,,37862861,Literature,PubMed,,
NO2,Air Quality,fecundability,Null,Fertility,Health Outcome,,37862861,Literature,PubMed,,
O3,Air Quality,fecundability,Null,Fertility,Health Outcome,,37862861,Literature,PubMed,,
PM2.5,Air Quality,lung cancer incidence,Positive,Oncology,Health Outcome,,37847981,Literature,PubMed,,
NO2,Air Quality,lung cancer incidence,Positive,Oncology,Health Outcome,,37847981,Literature,PubMed,,
PM2.5,Air Quality,"new onset type 2 diabetes (REGARDS cohort, suburban/small town)",Positive,Metabolic Health,Health Outcome,,37827369,Literature,PubMed,,
PM2.5,Air Quality,"new onset type 2 diabetes (REGARDS cohort, other community types)",Null,Metabolic Health,Health Outcome,,37827369,Literature,PubMed,,
PM2.5,Air Quality,new onset type 2 diabetes (Geisinger sample),Null,Metabolic Health,Health Outcome,,37827369,Literature,PubMed,,
O3,Air Quality,new onset type 2 diabetes (Geisinger sample),Null,Metabolic Health,Health Outcome,,37827369,Literature,PubMed,,
PM2.5,Air Quality,new onset type 2 diabetes (VADR sample),Null,Metabolic Health,Health Outcome,,37827369,Literature,PubMed,,
O3,Air Quality,new onset type 2 diabetes (VADR sample),Null,Metabolic Health,Health Outcome,,37827369,Literature,PubMed,,
PM2.5,Air Quality,gestational diabetes mellitus,Positive,Maternal Health;Metabolic Health,Health Outcome,,37727593,Literature,PubMed,,
NO2,Air Quality,gestational diabetes mellitus,Positive,Maternal Health;Metabolic Health,Health Outcome,,37727593,Literature,PubMed,,
O3,Air Quality,gestational diabetes mellitus,Null,Maternal Health;Metabolic Health,Health Outcome,,37727593,Literature,PubMed,,
PM2.5 and Corticosteroid therapy,Air Quality,heart failure (HF),Positive,Cardiovascular Health,Health Outcome,,37709308,Literature,PubMed,,
PM2.5 and Corticosteroid therapy,Air Quality,heart failure (HF),Positive,Cardiovascular Health,Health Outcome,,37709308,Literature,PubMed,,
PM2.5 and Corticosteroid therapy,Air Quality,myocardial infarction or acute coronary syndrome (MI/ACS),Positive,Cardiovascular Health,Health Outcome,,37709308,Literature,PubMed,,
NO2,Air Quality,Sociodemographic disparities,Positive,Environmental Justice;Maternal Health,Health Outcome,,37566419,Literature,PubMed,,
PM2.5,Air Quality,deterioration to intensive care,Positive,Infectious Disease,Health Outcome,,37558120,Literature,PubMed,,
PM2.5,Air Quality,deterioration to death,Positive,Infectious Disease,Health Outcome,,37558120,Literature,PubMed,,
O3,Air Quality,transition from recovery to death,Positive,Infectious Disease,Health Outcome,,37558120,Literature,PubMed,,
O3,Air Quality,deterioration to intensive care and death,Positive,Infectious Disease,Health Outcome,,37558120,Literature,PubMed,,
NO2,Air Quality,transition risks,Positive,Infectious Disease,Health Outcome,,37558120,Literature,PubMed,,
PM2.5,Air Quality,respiratory-related hospitalizations,Negative,Respiratory Health;Cardiovascular Health,Health Outcome,,37386433,Literature,PubMed,,
PM2.5,Air Quality,cardiovascular (CVD) hospitalizations,Negative,Respiratory Health;Cardiovascular Health,Health Outcome,,37386433,Literature,PubMed,,
PM2.5,Air Quality,all-cause hospitalizations,Positive,Respiratory Health;Cardiovascular Health,Health Outcome,,37386433,Literature,PubMed,,
"co-exposure to the five metals (Pb, Mn, Cd, Cr, and As)",Air Quality,intelligence quotient (IQ) score,Negative,Cognitive Growth,Health Outcome,,37187629,Literature,PubMed,,
PM2.5,Air Quality,gestational diabetes mellitus,Positive,Maternal Health;Metabolic Health,Health Outcome,,37182828,Literature,PubMed,,
PM2.5,Air Quality,all-cause mortality,Positive,All-cause mortality,Health Outcome,,37074132,Literature,PubMed,,
black carbon,Air Quality,all-cause mortality,Positive,All-cause mortality,Health Outcome,,37074132,Literature,PubMed,,
PM2.5,Air Quality,transient ischemic attack,Positive,Cardiovascular Health,Health Outcome,,37070398,Literature,PubMed,,
PM2.5,Air Quality,venous thromboembolism,Positive,Cardiovascular Health,Health Outcome,,37070398,Literature,PubMed,,
PM2.5,Air Quality,heart failure,Positive,Cardiovascular Health,Health Outcome,,37070398,Literature,PubMed,,
PM2.5,Air Quality,first hospital admission for AKI,Positive,Renal Health,Health Outcome,,37036790,Literature,PubMed,,
NO2,Air Quality,first hospital admission for AKI,Positive,Renal Health,Health Outcome,,37036790,Literature,PubMed,,
O3,Air Quality,first hospital admission for AKI,Positive,Renal Health,Health Outcome,,37036790,Literature,PubMed,,
air quality index,Other,MVPA before and after MBS,Negative,Obesity;Metabolic Health,Health Outcome,,36993516,Literature,PubMed,,
air quality index,Other,ST before MBS,Negative,Obesity;Metabolic Health,Health Outcome,,36993516,Literature,PubMed,,
NO2,Air Quality,biparietal diameter (BPD),Negative,Fetal Growth;Offspring Health,Health Outcome,,36963378,Literature,PubMed,,
NO2,Air Quality,head circumference,Negative,Fetal Growth;Offspring Health,Health Outcome,,36963378,Literature,PubMed,,
NO2,Air Quality,femur length,Negative,Fetal Growth;Offspring Health,Health Outcome,,36963378,Literature,PubMed,,
NO2,Air Quality,abdominal circumference,Negative,Fetal Growth;Offspring Health,Health Outcome,,36963378,Literature,PubMed,,
PM2.5,Air Quality,Incident AMI,Positive,Cardiovascular Health,Health Outcome,,36826819,Literature,PubMed,,
PM2.5,Air Quality,ischemic heart disease (IHD) mortality,Positive,Cardiovascular Health,Health Outcome,,36826819,Literature,PubMed,,
PM2.5,Air Quality,cardiovascular disease (CVD) mortality,Positive,Cardiovascular Health,Health Outcome,,36826819,Literature,PubMed,,
PM2.5,Air Quality,Incident AMI,Positive,Cardiovascular Health,Health Outcome,,36826819,Literature,PubMed,,
PM2.5,Air Quality,ischemic heart disease (IHD) mortality,Positive,Cardiovascular Health,Health Outcome,,36826819,Literature,PubMed,,
cadmium,Air Quality,urinary cadmium concentrations,Positive,,Health Outcome,Urine,36764435,Literature,PubMed,,
PM2.5,Air Quality,lower albumin,Positive,Kidney Failure;Inflammation,Health Outcome,Serum,36700905,Literature,PubMed,,
PM2.5,Air Quality,lower hemoglobin,Positive,Kidney Failure;Inflammation,Health Outcome,Serum,36700905,Literature,PubMed,,
PM2.5,Air Quality,higher ferritin,Null,Kidney Failure;Inflammation,Health Outcome,Serum,36700905,Literature,PubMed,,
PM2.5,Air Quality,lower TSAT,Null,Kidney Failure;Inflammation,Health Outcome,Serum,36700905,Literature,PubMed,,
PM2.5,Air Quality,first documented diabetes occurrence,Positive,Metabolic Health,Health Outcome,,36634862,Literature,PubMed,,
NO2,Air Quality,first documented diabetes occurrence,Positive,Metabolic Health,Health Outcome,,36634862,Literature,PubMed,,
O3,Air Quality,first documented diabetes occurrence,Null,Metabolic Health,Health Outcome,,36634862,Literature,PubMed,,
PM2.5 mass,Other,COVID-19 death,Positive,Infectious Disease,Health Outcome,,36565571,Literature,PubMed,,
PM2.5 nitrates,Other,COVID-19 death,Positive,Infectious Disease,Health Outcome,,36565571,Literature,PubMed,,
PM2.5 elemental carbon,Other,COVID-19 death,Positive,Infectious Disease,Health Outcome,,36565571,Literature,PubMed,,
PM2.5 on-road diesel,Other,COVID-19 death,Positive,Infectious Disease,Health Outcome,,36565571,Literature,PubMed,,
PM2.5 on-road gasoline,Other,COVID-19 death,Positive,Infectious Disease,Health Outcome,,36565571,Literature,PubMed,,
humidity,Other,COVID-19 death,Negative,Infectious Disease,Health Outcome,,36565571,Literature,PubMed,,
temperature,Other,COVID-19 death,Negative,Infectious Disease,Health Outcome,,36565571,Literature,PubMed,,
PM2.5,Air Quality,first hospitalization with Alzheimer's disease and related dementias (ADRD),Positive,Neurological Health,Health Outcome,,36521347,Literature,PubMed,,
NO2,Air Quality,first hospitalization with Alzheimer's disease and related dementias (ADRD),Positive,Neurological Health,Health Outcome,,36521347,Literature,PubMed,,
ambient temperature,Weather,abdominal circumference (AC),Negative,Fetal Growth,Health Outcome,,36495569,Literature,PubMed,,
ambient temperature,Weather,birthweight (BW),Negative,Fetal Growth,Health Outcome,,36495569,Literature,PubMed,,
calibrated PM2.5,Air Quality,all-cause mortality,Positive,All-cause mortality,Health Outcome,,36375508,Literature,PubMed,,
error-prone PM2.5,Air Quality,all-cause mortality,Positive,All-cause mortality,Health Outcome,,36375508,Literature,PubMed,,
PM2.5,Air Quality,atrial fibrillation (AF),Positive,Cardiovascular Health,Health Outcome,,36283157,Literature,PubMed,,
PM2.5,Air Quality,congestive heart failure (CHF),Positive,Cardiovascular Health,Health Outcome,,36283157,Literature,PubMed,,
PM2.5,Air Quality,stroke,Positive,Cardiovascular Health,Health Outcome,,36283157,Literature,PubMed,,
NO2,Air Quality,atrial fibrillation (AF),Positive,Cardiovascular Health,Health Outcome,,36283157,Literature,PubMed,,
NO2,Air Quality,congestive heart failure (CHF),Positive,Cardiovascular Health,Health Outcome,,36283157,Literature,PubMed,,
NO2,Air Quality,stroke,Positive,Cardiovascular Health,Health Outcome,,36283157,Literature,PubMed,,
warm-season O3,Air Quality,congestive heart failure (CHF),Positive,Cardiovascular Health,Health Outcome,,36283157,Literature,PubMed,,
warm-season O3,Air Quality,stroke,Positive,Cardiovascular Health,Health Outcome,,36283157,Literature,PubMed,,
PM2.5,Other,irritable bowel syndrome (IBS),Positive,Gastrointestinal Health,Health Outcome,,36202347,Literature,PubMed,,
PM2.5,Other,functional dyspepsia,Positive,Gastrointestinal Health,Health Outcome,,36202347,Literature,PubMed,,
O3,Other,inflammatory bowel diseases (IBDs),Null,Gastrointestinal Health,Health Outcome,,36202347,Literature,PubMed,,
O3,Other,eosinophilic esophagitis (EoE),Null,Gastrointestinal Health,Health Outcome,,36202347,Literature,PubMed,,
3rd trimester PM2.5,Air Quality,early childhood cognition scores in females in PRISM-Boston,Negative,Neurological Health,Health Outcome,,36030921,Literature,PubMed,,
PM2.5,Air Quality,critical CHD diagnosis,Null,Cardiovascular Health,Health Outcome,,35759718,Literature,PubMed,,
O3,Air Quality,critical CHD diagnosis,Null,Cardiovascular Health,Health Outcome,,35759718,Literature,PubMed,,
PM2.5,Air Quality,critical CHD diagnosis,Positive,Cardiovascular Health,Health Outcome,,35759718,Literature,PubMed,,
O3,Air Quality,critical CHD diagnosis,Negative,Cardiovascular Health,Health Outcome,,35759718,Literature,PubMed,,
PM2.5,Air Quality,cardiac troponin I,Positive,Cardiovascular Health,Health Outcome,,35750420,Literature,PubMed,,
PM2.5,Air Quality,sepsis-related mortality,Positive,Sepsis,Health Outcome,,35717154,Literature,PubMed,,
PM2.5,Air Quality,CV event,Positive,Cardiovascular Health,Health Outcome,,35690155,Literature,PubMed,,
PM2.5,Air Quality,CVD-specific mortality,Positive,Cardiovascular Health,Health Outcome,,35690155,Literature,PubMed,,
NO2,Air Quality,socioeconomic status (SES),Positive,Environmental Health,Health Outcome,,35674427,Literature,PubMed,,
PM2.5,Air Quality,socioeconomic status (SES),Positive,Environmental Health,Health Outcome,,35674427,Literature,PubMed,,
NO2,Air Quality,rural-to-urban migration status,Positive,Environmental Health,Health Outcome,,35674427,Literature,PubMed,,
PM2.5,Air Quality,rural-to-urban migration status,Positive,Environmental Health,Health Outcome,,35674427,Literature,PubMed,,
NO2,Air Quality,minority status,Positive,Environmental Health,Health Outcome,,35674427,Literature,PubMed,,
PM2.5,Air Quality,minority status,Positive,Environmental Health,Health Outcome,,35674427,Literature,PubMed,,
NO2,Air Quality,lung cancer risk,Positive,Oncology;Respiratory Health,Health Outcome,,35649154,Literature,PubMed,,
CO,Air Quality,lung cancer risk,Positive,Oncology;Respiratory Health,Health Outcome,,35649154,Literature,PubMed,,
regional benzene,Air Quality,lung cancer risk,Positive,Oncology;Respiratory Health,Health Outcome,,35649154,Literature,PubMed,,
PM2.5,Air Quality,COVID-19-related hospitalizations,Positive,Infectious Disease;Respiratory Health,Health Outcome,,35537137,Literature,PubMed,,
PM2.5,Air Quality,intensive respiratory support (IRS),Positive,Infectious Disease;Respiratory Health,Health Outcome,,35537137,Literature,PubMed,,
PM2.5,Air Quality,ICU admissions,Positive,Infectious Disease;Respiratory Health,Health Outcome,,35537137,Literature,PubMed,,
PM2.5,Air Quality,mortality,Positive,Infectious Disease;Respiratory Health,Health Outcome,,35537137,Literature,PubMed,,
NO2,Air Quality,COVID-19-related hospitalizations,Positive,Infectious Disease;Respiratory Health,Health Outcome,,35537137,Literature,PubMed,,
NO2,Air Quality,intensive respiratory support (IRS),Positive,Infectious Disease;Respiratory Health,Health Outcome,,35537137,Literature,PubMed,,
NO2,Air Quality,ICU admissions,Positive,Infectious Disease;Respiratory Health,Health Outcome,,35537137,Literature,PubMed,,
NO2,Air Quality,mortality,Null,Infectious Disease;Respiratory Health,Health Outcome,,35537137,Literature,PubMed,,
PM2.5,Air Quality,readmission within 3 days of discharge,Positive,Cardiovascular Health,Health Outcome,,35263652,Literature,PubMed,,
PM2.5,Air Quality,modified Telephone Interview for Cognitive Status (TICSm),Positive,Cognitive Health,Health Outcome,,35113870,Literature,PubMed,,
NO2,Air Quality,modified Telephone Interview for Cognitive Status (TICSm),Positive,Cognitive Health,Health Outcome,,35113870,Literature,PubMed,,
PM2.5,Air Quality,California Verbal Learning Test (CVLT),Positive,Cognitive Health,Health Outcome,,35113870,Literature,PubMed,,
NO2,Air Quality,California Verbal Learning Test (CVLT),Positive,Cognitive Health,Health Outcome,,35113870,Literature,PubMed,,
NO2,Air Quality,all-cause mortality,Positive,Cancer;Cardiovascular Health,Health Outcome,,35063793,Literature,PubMed,,
PM2.5,Air Quality,all-cause mortality,Positive,Cancer;Cardiovascular Health,Health Outcome,,35063793,Literature,PubMed,,
NO2,Air Quality,breast cancer mortality,Positive,Cancer;Cardiovascular Health,Health Outcome,,35063793,Literature,PubMed,,
PM2.5,Air Quality,breast cancer mortality,Positive,Cancer;Cardiovascular Health,Health Outcome,,35063793,Literature,PubMed,,
NO2,Air Quality,cardiovascular disease (CVD) mortality,Positive,Cancer;Cardiovascular Health,Health Outcome,,35063793,Literature,PubMed,,
PM2.5,Air Quality,cardiovascular disease (CVD) mortality,Positive,Cancer;Cardiovascular Health,Health Outcome,,35063793,Literature,PubMed,,
NO2,Air Quality,breast cancer mortality,Positive,Cancer;Cardiovascular Health,Health Outcome,,35063793,Literature,PubMed,,
PM2.5,Air Quality,biparietal diameter (BPD) z-score before 24 wk,Negative,Reproductive Health;Pediatric Health,Health Outcome,,34989624,Literature,PubMed,,
PM2.5,Air Quality,abdominal circumference (AC) z-score after 24 wk,Negative,Reproductive Health;Pediatric Health,Health Outcome,,34989624,Literature,PubMed,,
PM2.5,Air Quality,birth weight z-score,Negative,Reproductive Health;Pediatric Health,Health Outcome,,34989624,Literature,PubMed,,
PM2.5,Air Quality,fetal growth measures (cumulative exposure),Negative,Reproductive Health;Pediatric Health,Health Outcome,,34989624,Literature,PubMed,,
NO2,Air Quality,all-cause mortality,Positive,Mortality,Health Outcome,,34962424,Literature,PubMed,,
NO2,Air Quality,all-cause mortality,Positive,Mortality,Health Outcome,,34962424,Literature,PubMed,,
PM2.5 constituents,Air Quality,"all causes of death, except COPD",Positive,Cardiovascular Health;Respiratory Health;Oncology;Mortality,Health Outcome,,34933236,Literature,PubMed,,
coal combustion-related PM2.5 components,Air Quality,"all causes of death, except COPD",Positive,Cardiovascular Health;Respiratory Health;Oncology;Mortality,Health Outcome,,34933236,Literature,PubMed,,
metal-related PM2.5 components,Air Quality,"all causes of death, except COPD and lung cancer mortality",Positive,Cardiovascular Health;Respiratory Health;Oncology;Mortality,Health Outcome,,34933236,Literature,PubMed,,
traffic-related PM2.5 components,Air Quality,"all-cause, CVD, respiratory and all cancer-related mortality",Positive,Cardiovascular Health;Respiratory Health;Oncology;Mortality,Health Outcome,,34933236,Literature,PubMed,,
soil-related PM2.5 components,Air Quality,"all-cause, CVD, respiratory and all cancer-related mortality",Positive,Cardiovascular Health;Respiratory Health;Oncology;Mortality,Health Outcome,,34933236,Literature,PubMed,,
PM2.5,Air Quality,all-cause mortality,Positive,All-cause mortality,Health Outcome,,34932337,Literature,PubMed,,
NO2,Air Quality,all-cause mortality,Positive,All-cause mortality,Health Outcome,,34932337,Literature,PubMed,,
O3,Air Quality,all-cause mortality,Positive,All-cause mortality,Health Outcome,,34932337,Literature,PubMed,,
PM2.5,Air Quality,mortality,Positive,COVID-19,Health Outcome,,34881681,Literature,PubMed,,
PM2.5,Air Quality,ICU admission,Positive,COVID-19,Health Outcome,,34881681,Literature,PubMed,,
NO2,Air Quality,mortality,Null,COVID-19,Health Outcome,,34881681,Literature,PubMed,,
NO2,Air Quality,ICU admission,Null,COVID-19,Health Outcome,,34881681,Literature,PubMed,,
NO2,Air Quality,intubation,Null,COVID-19,Health Outcome,,34881681,Literature,PubMed,,
PM2.5,Air Quality,preterm birth,Positive,Reproductive Health,Health Outcome,,34831864,Literature,PubMed,,
PM2.5,Air Quality,preterm birth,Positive,Reproductive Health,Health Outcome,,34797570,Literature,PubMed,,
black carbon,Air Quality,all-cause mortality,Positive,Mortality,Health Outcome,,34741960,Literature,PubMed,,
PM2.5,Air Quality,circulatory hospitalization,Positive,Circulatory Health;Respiratory Health,Health Outcome,,34710436,Literature,PubMed,,
PM2.5,Air Quality,respiratory hospitalization,Positive,Circulatory Health;Respiratory Health,Health Outcome,,34710436,Literature,PubMed,,
PM2.5,Air Quality,all-cause mortality,Positive,All-cause mortality,Health Outcome,,34627473,Literature,PubMed,,
NO2,Air Quality,all-cause mortality,Positive,All-cause mortality,Health Outcome,,34627473,Literature,PubMed,,
summer O3,Air Quality,all-cause mortality,Positive,All-cause mortality,Health Outcome,,34627473,Literature,PubMed,,
PM2.5,Air Quality,acute kidney rejection (quartile 2 vs quartile 1),Null,Renal Health,Health Outcome,,34618038,Literature,PubMed,,
PM2.5,Air Quality,acute kidney rejection (quartile 3 vs quartile 1),Positive,Renal Health,Health Outcome,,34618038,Literature,PubMed,,
PM2.5,Air Quality,acute kidney rejection (quartile 4 vs quartile 1),Positive,Renal Health,Health Outcome,,34618038,Literature,PubMed,,
PM2.5,Air Quality,death-censored graft failure,Positive,Renal Health,Health Outcome,,34618038,Literature,PubMed,,
PM2.5,Air Quality,all-cause death,Positive,Renal Health,Health Outcome,,34618038,Literature,PubMed,,
NO2,Air Quality,gestational diabetes mellitus,Positive,Maternal Health;Metabolic Health,Health Outcome,,34563749,Literature,PubMed,,
"kriging-based regional air pollutants (NO2, PM2.5, and PM10) mixture",Air Quality,gestational diabetes mellitus,Positive,Maternal Health;Metabolic Health,Health Outcome,,34563749,Literature,PubMed,,
PM2.5 constituents mixture,Air Quality,gestational diabetes mellitus,Positive,Maternal Health;Metabolic Health,Health Outcome,,34563749,Literature,PubMed,,
PM2.5,Air Quality,gestational diabetes mellitus,Positive,Maternal Health;Metabolic Health,Health Outcome,,34563749,Literature,PubMed,,
NO2,Other,atrial fibrillation,Positive,Cardiovascular Health,Health Outcome,,34523977,Literature,PubMed,,
PM2.5,Other,atrial fibrillation,Null,Cardiovascular Health,Health Outcome,,34523977,Literature,PubMed,,
PM2.5,Other,atrial fibrillation (sensitivity model adjusting for census region),Positive,Cardiovascular Health,Health Outcome,,34523977,Literature,PubMed,,
Air cadmium,Air Quality,metastatic vs. localized prostate cancer,Positive,Oncology,Health Outcome,,34444081,Literature,PubMed,,
Air cadmium,Air Quality,high- vs. low-grade prostate cancer,Positive,Oncology,Health Outcome,,34444081,Literature,PubMed,,
PM2.5,Air Quality,all-cause dementia,Positive,Neurological Health,Health Outcome,,34347531,Literature,PubMed,,
extreme cold temperatures in the 'dry' region,Weather,cognitive scores,Negative,Cognitive Health,Health Outcome,,34325692,Literature,PubMed,,
hot temperatures,Weather,cognitive performance,Null,Cognitive Health,Health Outcome,,34325692,Literature,PubMed,,
PM2.5,Air Quality,myeloperoxidase,Positive,Cardiovascular Health,Health Outcome,Blood;Urine,27126478,Literature,PubMed,,
black carbon,Air Quality,myeloperoxidase,Positive,Cardiovascular Health,Health Outcome,Blood;Urine,27126478,Literature,PubMed,,
PM2.5,Air Quality,8-epi-prostaglandin F2α,Positive,Cardiovascular Health,Health Outcome,Blood;Urine,27126478,Literature,PubMed,,
NO2,Air Quality,diabetes,Null,Metabolic Health,Health Outcome,,27124624,Literature,PubMed,,
NO2,Air Quality,diabetes,Null,Metabolic Health,Health Outcome,,27124624,Literature,PubMed,,
NO2,Air Quality,bronchitic symptoms among children with asthma at age 10 years,Negative,Respiratory Health,Health Outcome,,27115265,Literature,PubMed,,
O3,Air Quality,bronchitic symptoms among children with asthma at age 10 years,Negative,Respiratory Health,Health Outcome,,27115265,Literature,PubMed,,
PM2.5,Air Quality,bronchitic symptoms among children with asthma at age 10 years,Negative,Respiratory Health,Health Outcome,,27115265,Literature,PubMed,,
NO2,Air Quality,bronchitic symptoms among children without asthma,Negative,Respiratory Health,Health Outcome,,27115265,Literature,PubMed,,
O3,Air Quality,bronchitic symptoms among children without asthma,Negative,Respiratory Health,Health Outcome,,27115265,Literature,PubMed,,
PM2.5,Air Quality,bronchitic symptoms among children without asthma,Negative,Respiratory Health,Health Outcome,,27115265,Literature,PubMed,,
PM2.5,Air Quality,incident ischemic heart disease,Positive,Cardiovascular Health,Health Outcome,,27033425,Literature,PubMed,,
PM2.5,Air Quality,incident ischemic heart disease,Null,Cardiovascular Health,Health Outcome,,27033425,Literature,PubMed,,
PM2.5,Air Quality,incident ischemic heart disease,Null,Cardiovascular Health,Health Outcome,,27033425,Literature,PubMed,,
PM2.5,Air Quality,incident ischemic heart disease,Positive,Cardiovascular Health,Health Outcome,,27033425,Literature,PubMed,,
PM2.5,Air Quality,estimated glomerular filtration rate (eGFR),Negative,Renal Health,Health Outcome,Serum,26955062,Literature,PubMed,,
PM2.5,Air Quality,renal function decline,Negative,Renal Health,Health Outcome,Serum,26955062,Literature,PubMed,,
PM2.5,Air Quality,gestational diabetes mellitus,Null,Maternal Health,Health Outcome,,26911579,Literature,PubMed,,
PM2.5,Air Quality,gestational diabetes mellitus (GDM) in women less than 20 years,Positive,Maternal Health,Health Outcome,,26911579,Literature,PubMed,,
CO,Air Quality,pulmonary tuberculosis,Positive,Infectious Disease;Respiratory Health,Health Outcome,,26859438,Literature,PubMed,,
NO2,Air Quality,pulmonary tuberculosis,Positive,Infectious Disease;Respiratory Health,Health Outcome,,26859438,Literature,PubMed,,
CO,Air Quality,pulmonary tuberculosis among never smokers,Positive,Infectious Disease;Respiratory Health,Health Outcome,,26859438,Literature,PubMed,,
CO,Air Quality,pulmonary tuberculosis among ever smokers,Null,Infectious Disease;Respiratory Health,Health Outcome,,26859438,Literature,PubMed,,
NO2,Air Quality,pulmonary tuberculosis among ever smokers,Positive,Infectious Disease;Respiratory Health,Health Outcome,,26859438,Literature,PubMed,,
NO2,Air Quality,pulmonary tuberculosis among never smokers,Null,Infectious Disease;Respiratory Health,Health Outcome,,26859438,Literature,PubMed,,
O3,Air Quality,pulmonary tuberculosis among ever smokers,Null,Infectious Disease;Respiratory Health,Health Outcome,,26859438,Literature,PubMed,,
O3,Air Quality,pulmonary tuberculosis among never smokers,Negative,Infectious Disease;Respiratory Health,Health Outcome,,26859438,Literature,PubMed,,
black carbon,Other,cardiometabolic parameters,Null,Cardiovascular Health;Metabolic Health,Health Outcome,,26843357,Literature,PubMed,,
PM2.5,Other,cardiometabolic profile,Negative,Cardiovascular Health;Metabolic Health,Health Outcome,,26843357,Literature,PubMed,,
PM2.5,Air Quality,preterm birth,Positive,Reproductive Health,Health Outcome,,26768419,Literature,PubMed,,
PM2.5,Air Quality,preterm birth,Positive,Reproductive Health,Health Outcome,,26768419,Literature,PubMed,,
O3,Air Quality,acute respiratory distress syndrome (ARDS),Positive,Respiratory Health,Health Outcome,,26681363,Literature,PubMed,,
O3,Air Quality,acute respiratory distress syndrome (ARDS) in trauma subgroup,Positive,Respiratory Health,Health Outcome,,26681363,Literature,PubMed,,
NO2,Air Quality,acute respiratory distress syndrome (ARDS),Positive,Respiratory Health,Health Outcome,,26681363,Literature,PubMed,,
O3,Air Quality,all-cause mortality,Positive,Circulatory Health;Respiratory Health;Mortality,Health Outcome,,26680605,Literature,PubMed,,
O3,Air Quality,circulatory mortality,Positive,Circulatory Health;Respiratory Health;Mortality,Health Outcome,,26680605,Literature,PubMed,,
O3,Air Quality,respiratory mortality,Positive,Circulatory Health;Respiratory Health;Mortality,Health Outcome,,26680605,Literature,PubMed,,
PM2.5,Air Quality,mortality,Positive,Circulatory Health;Respiratory Health;Mortality,Health Outcome,,26680605,Literature,PubMed,,
NO2,Air Quality,mortality,Positive,Circulatory Health;Respiratory Health;Mortality,Health Outcome,,26680605,Literature,PubMed,,
coal combustion PM2.5,Air Quality,ischemic heart disease (IHD) mortality,Positive,Cardiovascular Health,Health Outcome,,26629599,Literature,PubMed,,
PM2.5,Air Quality,ischemic heart disease (IHD) mortality,Positive,Cardiovascular Health,Health Outcome,,26629599,Literature,PubMed,,
PM2.5 from wind-blown soil,Air Quality,ischemic heart disease (IHD) mortality,Null,Cardiovascular Health,Health Outcome,,26629599,Literature,PubMed,,
PM2.5 from biomass combustion,Air Quality,ischemic heart disease (IHD) mortality,Null,Cardiovascular Health,Health Outcome,,26629599,Literature,PubMed,,
PM2.5,Air Quality,significant CAD,Positive,Cardiovascular Health,Health Outcome,,26613345,Literature,PubMed,,
PM2.5,Air Quality,myocardial infarction (MI),Positive,Cardiovascular Health,Health Outcome,,26613345,Literature,PubMed,,
PM2.5,Air Quality,total CVD,Null,Cardiovascular Health,Health Outcome,,26607712,Literature,PubMed,,
PM2.5,Air Quality,coronary heart disease,Null,Cardiovascular Health,Health Outcome,,26607712,Literature,PubMed,,
PM2.5,Air Quality,stroke,Null,Cardiovascular Health,Health Outcome,,26607712,Literature,PubMed,,
PM2.5,Air Quality,CVD among women with diabetes,Positive,Cardiovascular Health,Health Outcome,,26607712,Literature,PubMed,,
black carbon,Air Quality,high frequency (HF),Negative,Cardiovascular Health,Health Outcome,,26546332,Literature,PubMed,,
black carbon,Air Quality,low frequency (LF),Negative,Cardiovascular Health,Health Outcome,,26546332,Literature,PubMed,,
black carbon,Air Quality,standard deviation of normal-to-normal intervals (SDNN),Negative,Cardiovascular Health,Health Outcome,,26546332,Literature,PubMed,,
black carbon,Air Quality,LF:HF ratio,Positive,Cardiovascular Health,Health Outcome,,26546332,Literature,PubMed,,
black carbon,Air Quality,heart rate variability,Null,Cardiovascular Health,Health Outcome,,26546332,Literature,PubMed,,
PM2.5,Air Quality,low frequency (LF),Positive,Cardiovascular Health,Health Outcome,,26546332,Literature,PubMed,,
PM2.5,Air Quality,LF:HF ratio,Positive,Cardiovascular Health,Health Outcome,,26546332,Literature,PubMed,,
PM2.5,Air Quality,high frequency (HF),Null,Cardiovascular Health,Health Outcome,,26546332,Literature,PubMed,,
PM2.5,Air Quality,standard deviation of normal-to-normal intervals (SDNN),Null,Cardiovascular Health,Health Outcome,,26546332,Literature,PubMed,,
black carbon,Air Quality,WRAML2 index scores,Null,Neurological Health,Health Outcome,,26544967,Literature,PubMed,,
black carbon,Air Quality,Attention Concentration Index,Negative,Neurological Health,Health Outcome,,26544967,Literature,PubMed,,
PM2.5,Air Quality,breast cancer,Null,Oncology,Health Outcome,,26464427,Literature,PubMed,,
NO2,Air Quality,breast cancer,Null,Oncology,Health Outcome,,26464427,Literature,PubMed,,
NO2,Air Quality,ER(+)/PR(+) breast cancer,Positive,Oncology,Health Outcome,,26464427,Literature,PubMed,,
NO2,Air Quality,ER(-)/PR(-) breast cancer,Null,Oncology,Health Outcome,,26464427,Literature,PubMed,,
neighborhood walkability index,Built Environment,PM2.5,Positive,,Health Outcome,,26397775,Literature,PubMed,,
black carbon,Air Quality,mortality,Positive,Respiratory Health;Mortality,Health Outcome,,26383853,Literature,PubMed,,
black carbon,Air Quality,morbidity,Positive,Respiratory Health;Mortality,Health Outcome,,26383853,Literature,PubMed,,
PM2.5,Air Quality,total mortality,Positive,All-cause Mortality;Cardiovascular Health;Respiratory Health,Health Outcome,,26370657,Literature,PubMed,,
PM2.5,Air Quality,CVD mortality,Positive,All-cause Mortality;Cardiovascular Health;Respiratory Health,Health Outcome,,26370657,Literature,PubMed,,
PM2.5,Air Quality,respiratory mortality,Null,All-cause Mortality;Cardiovascular Health;Respiratory Health,Health Outcome,,26370657,Literature,PubMed,,
PM2.5,Air Quality,respiratory mortality among never smokers,Positive,All-cause Mortality;Cardiovascular Health;Respiratory Health,Health Outcome,,26370657,Literature,PubMed,,
black carbon,Air Quality,standing diastolic blood pressure (DBP),Positive,Cardiovascular Health,Health Outcome,,26333238,Literature,PubMed,,
PM2.5,Air Quality,leisure-time physical inactivity,Positive,Health Behaviour,Health Outcome,,26277287,Literature,PubMed,,
PM2.5,Air Quality,non-isolated truncus arteriosus,Positive,Birth Defects,Health Outcome,,26196779,Literature,PubMed,,
PM2.5,Air Quality,total anomalous pulmonary venous return,Positive,Birth Defects,Health Outcome,,26196779,Literature,PubMed,,
PM2.5,Air Quality,coarctation of the aorta,Positive,Birth Defects,Health Outcome,,26196779,Literature,PubMed,,
PM2.5,Air Quality,interrupted aortic arch,Positive,Birth Defects,Health Outcome,,26196779,Literature,PubMed,,
PM2.5,Air Quality,isolated and non-isolated any critical congenital heart defect,Positive,Birth Defects,Health Outcome,,26196779,Literature,PubMed,,
benzene,Air Quality,isolated cleft palate,Positive,Birth Defects,Health Outcome,,26196779,Literature,PubMed,,
benzene,Air Quality,any orofacial cleft,Positive,Birth Defects,Health Outcome,,26196779,Literature,PubMed,,
benzene,Air Quality,non-isolated pulmonary atresia,Negative,Birth Defects,Health Outcome,,26196779,Literature,PubMed,,
PM2.5,Air Quality,physician-diagnosed asthma,Positive,Respiratory Health,Health Outcome,,26176842,Literature,PubMed,,
ethylbenzene,Air Quality,cardiovascular events,Positive,Cardiovascular Health,Health Outcome,,26105036,Literature,PubMed,,
toluene,Air Quality,cardiovascular events,Positive,Cardiovascular Health,Health Outcome,,26105036,Literature,PubMed,,
O3,Air Quality,cardiovascular events,Negative,Cardiovascular Health,Health Outcome,,26105036,Literature,PubMed,,
PM2.5,Air Quality,ischemic heart disease (IHD) in smelters,Positive,Cardiovascular Health,Health Outcome,,26079662,Literature,PubMed,,
PM2.5,Air Quality,ischemic heart disease (IHD) in fabrication workers,Positive,Cardiovascular Health,Health Outcome,,26079662,Literature,PubMed,,
short-term (2 day) PM2.5,Air Quality,mortality,Positive,Mortality,Health Outcome,,26038801,Literature,PubMed,,
long-term (1 year) PM2.5,Air Quality,mortality,Positive,Mortality,Health Outcome,,26038801,Literature,PubMed,,
low-concentration short-term (2 day) PM2.5,Air Quality,mortality,Positive,Mortality,Health Outcome,,26038801,Literature,PubMed,,
low-concentration long-term (1 year) PM2.5,Air Quality,mortality,Positive,Mortality,Health Outcome,,26038801,Literature,PubMed,,
PM2.5 (1 month),Air Quality,incident PE,Positive,Pulmonary Health;Cardiovascular Health,Health Outcome,,25956005,Literature,PubMed,,
PM2.5 (12 months),Air Quality,incident PE,Positive,Pulmonary Health;Cardiovascular Health,Health Outcome,,25956005,Literature,PubMed,,
PM2.5,Air Quality,nonidiopathic PE,Positive,Pulmonary Health;Cardiovascular Health,Health Outcome,,25956005,Literature,PubMed,,
PM2.5,Air Quality,idiopathic PE,Null,Pulmonary Health;Cardiovascular Health,Health Outcome,,25956005,Literature,PubMed,,
PM2.5,Air Quality,mortality from all natural causes,Positive,Cardiovascular Health;Respiratory Health;Mortality,Health Outcome,,25910279,Literature,PubMed,,
PM2.5,Air Quality,mortality from cardiovascular causes,Positive,Cardiovascular Health;Respiratory Health;Mortality,Health Outcome,,25910279,Literature,PubMed,,
PM2.5,Air Quality,mortality from ischemic heart disease,Positive,Cardiovascular Health;Respiratory Health;Mortality,Health Outcome,,25910279,Literature,PubMed,,
PM2.5,Air Quality,mortality from cerebrovascular disease,Positive,Cardiovascular Health;Respiratory Health;Mortality,Health Outcome,,25910279,Literature,PubMed,,
PM2.5,Air Quality,mortality from respiratory causes,Null,Cardiovascular Health;Respiratory Health;Mortality,Health Outcome,,25910279,Literature,PubMed,,
NO2,Air Quality,stillbirth,Positive,Reproductive Health,Health Outcome,,25861815,Literature,PubMed,,
O3,Air Quality,stillbirth,Positive,Reproductive Health,Health Outcome,,25861815,Literature,PubMed,,
CO,Air Quality,stillbirth,Null,Reproductive Health,Health Outcome,,25861815,Literature,PubMed,,
PM2.5,Air Quality,cognitive performance,Null,Cognitive Development,Health Outcome,,25839914,Literature,PubMed,,
black carbon,Air Quality,verbal IQ,Null,Cognitive Development,Health Outcome,,25839914,Literature,PubMed,,
PM2.5,Air Quality,high symptoms of anxiety,Positive,Mental Health,Health Outcome,,25810495,Literature,PubMed,,
PM2.5,Air Quality,high symptoms of anxiety,Positive,Mental Health,Health Outcome,,25810495,Literature,PubMed,,
PM2.5,Air Quality,stillbirth,Null,Reproductive Health,Health Outcome,,25794052,Literature,PubMed,,
PM2.5,Air Quality,stillbirth,Null,Reproductive Health,Health Outcome,,25794052,Literature,PubMed,,
PM2.5,Air Quality,stillbirth,Null,Reproductive Health,Health Outcome,,25794052,Literature,PubMed,,
PM2.5,Air Quality,stillbirth,Positive,Reproductive Health,Health Outcome,,25794052,Literature,PubMed,,
PM2.5,Air Quality,systolic BP,Positive,Cardiovascular Health,Health Outcome,,25748169,Literature,PubMed,,
PM2.5,Air Quality,pulse pressure,Positive,Cardiovascular Health,Health Outcome,,25748169,Literature,PubMed,,
PM2.5,Air Quality,mean arterial pressure,Positive,Cardiovascular Health,Health Outcome,,25748169,Literature,PubMed,,
PM2.5,Air Quality,diastolic BP,Null,Cardiovascular Health,Health Outcome,,25748169,Literature,PubMed,,
NO2,Air Quality,pulse pressure,Positive,Cardiovascular Health,Health Outcome,,25748169,Literature,PubMed,,
NO2,Air Quality,4-year growth in FEV1,Negative,Respiratory Health,Health Outcome,,25738666,Literature,PubMed,,
NO2,Air Quality,4-year growth in FVC,Negative,Respiratory Health,Health Outcome,,25738666,Literature,PubMed,,
vinyl chloride,Air Quality,invasive breast cancer,Positive,Breast Cancer;Oncology,Health Outcome,,25636809,Literature,PubMed,,
vinyl chloride,Air Quality,ER+/PR+ tumors,Positive,Breast Cancer;Oncology,Health Outcome,,25636809,Literature,PubMed,,
benzene,Air Quality,ER-/PR- tumors,Positive,Breast Cancer;Oncology,Health Outcome,,25636809,Literature,PubMed,,
PM2.5,Air Quality,ischemic heart disease (IHD) mortality,Positive,Cardiovascular Health;Respiratory Health;All-cause mortality,Health Outcome,,25633926,Literature,PubMed,,
black carbon,Air Quality,systolic blood pressure,Positive,Cardiovascular Health,Health Outcome,,25625652,Literature,PubMed,,
PM2.5,Air Quality,systolic blood pressure,Positive,Cardiovascular Health,Health Outcome,,25625652,Literature,PubMed,,
O3,Air Quality,systolic blood pressure,Negative,Cardiovascular Health,Health Outcome,,25625652,Literature,PubMed,,
black carbon,Air Quality,gene expression levels,Positive,Cardiovascular Health,Health Outcome,,25564368,Literature,PubMed,,
PM2.5,Air Quality,autism spectrum disorder,Positive,Neurodevelopmental Disorders,Health Outcome,,25522338,Literature,PubMed,,
PM2.5,Air Quality,autism spectrum disorder,Positive,Neurodevelopmental Disorders,Health Outcome,,25522338,Literature,PubMed,,
PM2.5,Air Quality,autism spectrum disorder,Positive,Neurodevelopmental Disorders,Health Outcome,,25522338,Literature,PubMed,,
PM2.5,Air Quality,autism spectrum disorder,Null,Neurodevelopmental Disorders,Health Outcome,,25522338,Literature,PubMed,,
PM2.5,Air Quality,autism spectrum disorder,Null,Neurodevelopmental Disorders,Health Outcome,,25522338,Literature,PubMed,,
PM2.5,Air Quality,asthma symptoms,Positive,Respiratory Health,Health Outcome,,25460673,Literature,PubMed,,
PM2.5,Air Quality,FEV1,Negative,Respiratory Health,Health Outcome,,25460673,Literature,PubMed,,
black carbon,Air Quality,fetal growth and infant weight gain,Positive,Pediatric Health,Health Outcome,,25437317,Literature,PubMed,,
PM2.5,Air Quality,fetal growth and infant weight gain,Null,Pediatric Health,Health Outcome,,25437317,Literature,PubMed,,
PM2.5,Air Quality,percent emphysema-like lung (between-city contrast),Positive,Respiratory Health,Health Outcome,,25302408,Literature,PubMed,,
PM2.5,Air Quality,percent emphysema-like lung (adjusted for study site),Negative,Respiratory Health,Health Outcome,,25302408,Literature,PubMed,,
PM2.5,Air Quality,FEV1 and FVC,Negative,Respiratory Health,Health Outcome,,25302408,Literature,PubMed,,
PM2.5,Air Quality,Parkinson's disease,Null,Neurological Health,Health Outcome,,25294559,Literature,PubMed,,
PM2.5,Air Quality,8-isoprostane in exhaled breath condensate,Positive,Respiratory Health,Health Outcome,exhaled breath condensate,25262082,Literature,PubMed,,
black carbon,Air Quality,8-isoprostane in exhaled breath condensate,Positive,Respiratory Health,Health Outcome,exhaled breath condensate,25262082,Literature,PubMed,,
black carbon,Air Quality,serum leptin concentrations,Positive,Cardiometabolic Health,Health Outcome,Serum,25192230,Literature,PubMed,,
NO2,Air Quality,forced expiratory flow between 25% and 75% of forced vital capacity (FEF25-75),Negative,Respiratory Health,Health Outcome,,25182844,Literature,PubMed,,
PM2.5,Air Quality,term low birth weight,Positive,Adverse Birth Outcomes,Health Outcome,,25173052,Literature,PubMed,,
PM2.5,Air Quality,preterm delivery (PTD),Positive,Adverse Birth Outcomes,Health Outcome,,25173052,Literature,PubMed,,
PM2.5,Air Quality,very PTD (VPTD),Positive,Adverse Birth Outcomes,Health Outcome,,25173052,Literature,PubMed,,
O3,Air Quality,preterm delivery (PTD),Positive,Adverse Birth Outcomes,Health Outcome,,25173052,Literature,PubMed,,
O3,Air Quality,very PTD (VPTD),Positive,Adverse Birth Outcomes,Health Outcome,,25173052,Literature,PubMed,,
O3,Air Quality,term low birth weight,Negative,Adverse Birth Outcomes,Health Outcome,,25173052,Literature,PubMed,,
PM2.5,Air Quality,doctor-diagnosed asthma,Positive,Respiratory Health,Health Outcome,,25172226,Literature,PubMed,,
PM2.5,Air Quality,incident wheeze,Positive,Respiratory Health,Health Outcome,,25172226,Literature,PubMed,,
PM2.5,Air Quality,chronic cough,Null,Respiratory Health,Health Outcome,,25172226,Literature,PubMed,,
NO2,Air Quality,incident wheeze,Positive,Respiratory Health,Health Outcome,,25172226,Literature,PubMed,,
NO2,Air Quality,chronic cough,Null,Respiratory Health,Health Outcome,,25172226,Literature,PubMed,,
PM2.5,Air Quality,incident ischemic heart disease in smelters,Positive,Cardiovascular Health,Health Outcome,,25125691,Literature,PubMed,,
PM2.5,Air Quality,incident ischemic heart disease in fabricators,Positive,Cardiovascular Health,Health Outcome,,25125691,Literature,PubMed,,
PM2.5,Air Quality,incident lung cancer,Positive,Oncology;Respiratory Health,Health Outcome,,24911062,Literature,PubMed,,
PM2.5,Air Quality,incident lung cancer in never-smokers and former smokers who had quit at least 10 years before,Positive,Oncology;Respiratory Health,Health Outcome,,24911062,Literature,PubMed,,
PM2.5 exposure during the fourth week of gestation,Air Quality,preterm birth during 20-27 weeks,Positive,Reproductive Health,Health Outcome,,24879653,Literature,PubMed,,
PM2.5 exposure during the fourth week of gestation,Air Quality,preterm birth during 28-31 weeks,Positive,Reproductive Health,Health Outcome,,24879653,Literature,PubMed,,
PM2.5 exposure during the fourth week of gestation,Air Quality,preterm birth during 32-34 weeks,Positive,Reproductive Health,Health Outcome,,24879653,Literature,PubMed,,
PM2.5 exposure during the fourth week of gestation,Air Quality,preterm birth during 35-36 weeks,Positive,Reproductive Health,Health Outcome,,24879653,Literature,PubMed,,
PM2.5 exposure during the week of birth,Air Quality,preterm birth,Positive,Reproductive Health,Health Outcome,,24879653,Literature,PubMed,,
PM2.5 exposure during the 2 weeks before birth,Air Quality,preterm birth,Positive,Reproductive Health,Health Outcome,,24879653,Literature,PubMed,,
PM2.5,Air Quality,C-reactive protein,Positive,Cardiovascular Health,Health Outcome,,24792413,Literature,PubMed,,
PM2.5,Air Quality,CRP greater than 3mg/l,Positive,Cardiovascular Health,Health Outcome,,24792413,Literature,PubMed,,
O3,Air Quality,small for gestational age,Positive,Adverse pregnancy outcomes,Health Outcome,,24769562,Literature,PubMed,,
O3,Air Quality,term low birth weight,Positive,Adverse pregnancy outcomes,Health Outcome,,24769562,Literature,PubMed,,
PM2.5,Air Quality,small for gestational age,Negative,Adverse pregnancy outcomes,Health Outcome,,24769562,Literature,PubMed,,
PM2.5,Air Quality,term low birth weight,Null,Adverse pregnancy outcomes,Health Outcome,,24769562,Literature,PubMed,,
NO2,Air Quality,FeNO,Positive,Respiratory Health,Health Outcome,Exhaled breath,24696513,Literature,PubMed,,
PM2.5,Air Quality,FeNO,Positive,Respiratory Health,Health Outcome,Exhaled breath,24696513,Literature,PubMed,,
O3,Air Quality,FeNO,Null,Respiratory Health,Health Outcome,Exhaled breath,24696513,Literature,PubMed,,
PM2.5,Air Quality,nonaccidental mortality in the cohort as a whole,Null,Cardiovascular Health;Mortality,Health Outcome,,24633320,Literature,PubMed,,
PM2.5,Air Quality,nonaccidental mortality among women,Negative,Cardiovascular Health;Mortality,Health Outcome,,24633320,Literature,PubMed,,
PM2.5,Air Quality,cardiovascular mortality among men,Positive,Cardiovascular Health;Mortality,Health Outcome,,24633320,Literature,PubMed,,
PM2.5,Air Quality,cardiovascular mortality among men who did not move from their enrollment address,Positive,Cardiovascular Health;Mortality,Health Outcome,,24633320,Literature,PubMed,,
PM2.5,Air Quality,cardiovascular mortality in men (nonmoving participants with the most precise exposure geocoding),Positive,Cardiovascular Health;Mortality,Health Outcome,,24633320,Literature,PubMed,,
PM2.5,Air Quality,CESD-R score >= 16,Negative,Mental Health,Health Outcome,,24610154,Literature,PubMed,,
black carbon,Air Quality,depressive symptoms,Null,Mental Health,Health Outcome,,24610154,Literature,PubMed,,
"LUR-based estimates of NO, NO2 and NOx",Air Quality,biparietal diameter,Negative,Fetal Growth,Health Outcome,,24517884,Literature,PubMed,,
CO,Air Quality,biparietal diameter,Negative,Fetal Growth,Health Outcome,,24517884,Literature,PubMed,,
NO2,Air Quality,biparietal diameter,Negative,Fetal Growth,Health Outcome,,24517884,Literature,PubMed,,
PM2.5,Air Quality,oxygen saturation,Negative,Respiratory Health;Cardiovascular Health,Health Outcome,,24451609,Literature,PubMed,,
PM2.5,Air Quality,carotid intima-media thickness,Positive,Cardiovascular Health,Health Outcome,plasma;aorta;aortic plaque,24377210,Literature,PubMed,,
PM2.5,Air Quality,cardiovascular mortality,Positive,Cardiovascular Health,Health Outcome,plasma;aorta;aortic plaque,24377210,Literature,PubMed,,
PM2.5,Air Quality,birth weight,Negative,Birth Outcomes,Health Outcome,,24359709,Literature,PubMed,,
PM2.5 constituents,Air Quality,birth weight,Negative,Birth Outcomes,Health Outcome,,24359709,Literature,PubMed,,
PM2.5 constituents,Air Quality,low birth weight,Positive,Birth Outcomes,Health Outcome,,24359709,Literature,PubMed,,
NO2,Air Quality,IgM serologic responses to Msg,Negative,Infectious Disease;Pulmonary Health,Health Outcome,Serum,24236202,Literature,PubMed,,
PM2.5,Air Quality,FEV1,Negative,Respiratory Health,Health Outcome,,24200465,Literature,PubMed,,
NO2,Air Quality,FEV1,Negative,Respiratory Health,Health Outcome,,24200465,Literature,PubMed,,
O3,Air Quality,FEV1,Negative,Respiratory Health,Health Outcome,,24200465,Literature,PubMed,,
PM2.5,Air Quality,FVC,Negative,Respiratory Health,Health Outcome,,24200465,Literature,PubMed,,
NO2,Air Quality,FVC,Negative,Respiratory Health,Health Outcome,,24200465,Literature,PubMed,,
O3,Air Quality,FVC,Negative,Respiratory Health,Health Outcome,,24200465,Literature,PubMed,,
PM2.5,Air Quality,incident cognitive impairment,Null,Neurological Health,Health Outcome,,24086422,Literature,PubMed,,
PM2.5,Air Quality,incident cognitive impairment in urban areas,Positive,Neurological Health,Health Outcome,,24086422,Literature,PubMed,,
cadmium,Air Quality,ischemic heart disease (IHD),Positive,Cardiovascular Health;Respiratory Health;Oncology;Mortality,Health Outcome,,725789,Literature,PubMed,,
ambient temperature during preconception,Weather,polycystic ovary syndrome (PCOS),Positive,Reproductive Health,Health Outcome,,42204813,Literature,PubMed,,
ambient temperature during gestation,Weather,polycystic ovary syndrome (PCOS),Positive,Reproductive Health,Health Outcome,,42204813,Literature,PubMed,,
ambient temperature during childhood,Weather,polycystic ovary syndrome (PCOS),Positive,Reproductive Health,Health Outcome,,42204813,Literature,PubMed,,
ambient temperature during first-trimester,Weather,polycystic ovary syndrome (PCOS),Positive,Reproductive Health,Health Outcome,,42204813,Literature,PubMed,,
Daily maximum ambient temperature,Weather,preterm birth,Positive,Pregnancy and Birth Outcomes,Health Outcome,Serum,41270169,Literature,PubMed,,
Daily maximum ambient temperature,Weather,maternal metabolomic signatures,Positive,Pregnancy and Birth Outcomes,Health Outcome,Serum,41270169,Literature,PubMed,,
Indoor nighttime dry bulb temperature,Weather,Total sleep time,Negative,Sleep Health,Health Outcome,,41007535,Literature,PubMed,,
Indoor nighttime dry bulb temperature,Weather,Onset latency,Positive,Sleep Health,Health Outcome,,41007535,Literature,PubMed,,
Nighttime heat waves,Weather,Sleep efficiency,Negative,Sleep Health,Health Outcome,,41007535,Literature,PubMed,,
Nighttime heat waves,Weather,Onset latency,Positive,Sleep Health,Health Outcome,,41007535,Literature,PubMed,,
Elevated temperature,Weather,Fall incidents,Positive,Falls;Physical Activity,Health Outcome,,40831959,Literature,PubMed,,
ambient outdoor temperature,Weather,systolic blood pressure (SBP),Negative,Cardiovascular Health,Health Outcome,,40374966,Literature,PubMed,,
ambient outdoor temperature,Weather,diastolic blood pressure (DBP),Negative,Cardiovascular Health,Health Outcome,,40374966,Literature,PubMed,,
ambient temperature exposures during folliculogenesis and ovarian stimulation,Weather,oocyte yield,Negative,Reproductive Health,Health Outcome,oocytes,39952458,Literature,PubMed,,
ambient temperature exposures during folliculogenesis,Weather,oocyte survival,Positive,Reproductive Health,Health Outcome,oocytes,39952458,Literature,PubMed,,
ambient temperature exposures during ovarian stimulation,Weather,oocyte survival,Positive,Reproductive Health,Health Outcome,oocytes,39952458,Literature,PubMed,,
ambient maximum temperature (Tmax) during ovarian stimulation,Weather,oocyte fertilization,Positive,Reproductive Health,Health Outcome,oocytes,39952458,Literature,PubMed,,
initial core temperature,Weather,hypothermic cardiac arrest (HCA),Negative,Cardiovascular Health,Health Outcome,,39705852,Literature,PubMed,,
temperature,Weather,In-hospital mortality,Negative,Cardiovascular Health,Health Outcome,,39549264,Literature,PubMed,,
Maximum daily ambient temperature (t-max),Weather,Serious hypoglycaemia among non-insulin users of glimepiride and of glyburide,Positive,Type 2 diabetes;Glycaemic safety outcomes;Arrhythmogenic safety outcomes,Health Outcome,,39433419,Literature,PubMed,,
Maximum daily ambient temperature (t-max),Weather,Serious hypoglycaemia among non-insulin users of glipizide,Null,Type 2 diabetes;Glycaemic safety outcomes;Arrhythmogenic safety outcomes,Health Outcome,,39433419,Literature,PubMed,,
Maximum daily ambient temperature (t-max),Weather,Diabetic ketoacidosis (DKA) among users of sitagliptin,Negative,Type 2 diabetes;Glycaemic safety outcomes;Arrhythmogenic safety outcomes,Health Outcome,,39433419,Literature,PubMed,,
Maximum daily ambient temperature (t-max),Weather,Diabetic ketoacidosis (DKA) among users of exenatide,Null,Type 2 diabetes;Glycaemic safety outcomes;Arrhythmogenic safety outcomes,Health Outcome,,39433419,Literature,PubMed,,
Maximum daily ambient temperature (t-max),Weather,"Sudden cardiac arrest among users of SUs, meglitinides, exenatide, or DPP-4is",Null,Type 2 diabetes;Glycaemic safety outcomes;Arrhythmogenic safety outcomes,Health Outcome,,39433419,Literature,PubMed,,
relative humidity,Weather,preeclampsia,Positive,Maternal Health;Cardiovascular Health,Health Outcome,,38782342,Literature,PubMed,,
relative humidity,Weather,preeclampsia,Positive,Maternal Health;Cardiovascular Health,Health Outcome,,38782342,Literature,PubMed,,
temperature,Weather,preeclampsia,Null,Maternal Health;Cardiovascular Health,Health Outcome,,38782342,Literature,PubMed,,
relative humidity,Weather,gestational hypertension,Null,Maternal Health;Cardiovascular Health,Health Outcome,,38782342,Literature,PubMed,,
temperature,Weather,gestational hypertension,Null,Maternal Health;Cardiovascular Health,Health Outcome,,38782342,Literature,PubMed,,
"Ambient temperature (>95th percentile vs <25th percentile, aged >=65)",Weather,Heat-related ED visits,Positive,Cardiovascular Health;Renal Health;Heat-related Illness,Health Outcome,,38613874,Literature,PubMed,,
"Ambient temperature (>95th percentile vs <25th percentile, aged >=65)",Weather,All-cause acute hospitalization,Positive,Cardiovascular Health;Renal Health;Heat-related Illness,Health Outcome,,38613874,Literature,PubMed,,
"Ambient temperature (>95th percentile vs <25th percentile, aged <65)",Weather,Heat-related ED visits,Positive,Cardiovascular Health;Renal Health;Heat-related Illness,Health Outcome,,38613874,Literature,PubMed,,
"Ambient temperature (>95th percentile vs <25th percentile, aged <65)",Weather,All-cause ED visits,Positive,Cardiovascular Health;Renal Health;Heat-related Illness,Health Outcome,,38613874,Literature,PubMed,,
ambient temperature,Weather,CV-related ED visits,Null,Cardiovascular Health;Renal Health;Heat-related Illness,Health Outcome,,38613874,Literature,PubMed,,
ambient temperature,Weather,Renal-related ED visits,Null,Cardiovascular Health;Renal Health;Heat-related Illness,Health Outcome,,38613874,Literature,PubMed,,
Seasonal ambient temperature,Weather,Hypothermia,Positive,Trauma Care,Health Outcome,,38015941,Literature,PubMed,,
Seasonal ambient temperature,Weather,Emergency department temperature,Negative,Trauma Care,Health Outcome,,38015941,Literature,PubMed,,
Seasonality adjusted for temperature,Weather,FEV1 fluctuation,Positive,Respiratory Health,Health Outcome,,35125553,Literature,PubMed,,
temperature,Weather,systolic blood pressure (SBP),Negative,Hypertension,Health Outcome,Serum,32106744,Literature,PubMed,,
ambient temperature (>10 °C),Weather,NGAL,Positive,Renal Health,Health Outcome,Whole blood,31605868,Literature,PubMed,,
ambient temperature (>10 °C),Weather,adiponectin,Positive,Renal Health,Health Outcome,Whole blood,31605868,Literature,PubMed,,
ambient temperature (<10 °C),Weather,NGAL,Null,Renal Health,Health Outcome,Whole blood,31605868,Literature,PubMed,,
ambient temperature (<10 °C),Weather,adiponectin,Null,Renal Health,Health Outcome,Whole blood,31605868,Literature,PubMed,,
ambient temperature (>10 °C),Weather,plasma NGAL levels consistent with acute kidney injury (>150 μg/L),Positive,Renal Health,Health Outcome,Whole blood,31605868,Literature,PubMed,,
ambient temperature,Other,stability of Scope mouthwash samples (Shannon index),Positive,Other,Health Outcome,Scope mouthwash;saliva;oral samples,30776752,Literature,PubMed,,
ambient temperature,Other,Shannon index,Positive,Microbiome,Health Outcome,Scope mouthwash;saliva;OMNIgene ORAL Kit,30262598,Literature,PubMed,,
heat wave,Weather,Stroop color-word test (STROOP) reaction time,Positive,Cognitive Health,Health Outcome,,29990359,Literature,PubMed,,
heat wave,Weather,"2-digit, visual addition/subtraction test (ADD) reaction time",Positive,Cognitive Health,Health Outcome,,29990359,Literature,PubMed,,
heat wave,Weather,Stroop color-word test (STROOP) throughput,Negative,Cognitive Health,Health Outcome,,29990359,Literature,PubMed,,
heat wave,Weather,"2-digit, visual addition/subtraction test (ADD) throughput",Negative,Cognitive Health,Health Outcome,,29990359,Literature,PubMed,,
Indoor temperature,Weather,Stroop color-word test (STROOP) reaction time,Positive,Cognitive Health,Health Outcome,,29990359,Literature,PubMed,,
Indoor temperature,Weather,"2-digit, visual addition/subtraction test (ADD) reaction time",Positive,Cognitive Health,Health Outcome,,29990359,Literature,PubMed,,
1°C increase in temperature during the week preceding delivery,Weather,stillbirth,Positive,Pregnancy Outcomes,Health Outcome,,28650842,Literature,PubMed,,
ambient temperature,Weather,FIT positivity rate,Negative,Colorectal Cancer Screening,Health Outcome,Fecal samples,28076249,Literature,PubMed,,
ambient temperature,Weather,FIT sensitivity to detect CRC,Negative,Colorectal Cancer Screening,Health Outcome,Fecal samples,28076249,Literature,PubMed,,
Residential air temperature,Weather,Mini-Mental State Examination (MMSE) scores,Positive,Neurological Health,Health Outcome,,27391696,Literature,PubMed,,
temperature,Weather,net annual C uptake,Positive,Plant Physiology,Health Outcome,needles,26220656,Literature,PubMed,,
temperature,Weather,contribution of Y0 cohorts to annual C uptake,Negative,Plant Physiology,Health Outcome,needles,26220656,Literature,PubMed,,
heat,Other,semen quality,Null,Reproductive Health,Health Outcome,Semen,25765658,Literature,PubMed,,
Estimated indoor temperature,Weather,Ventricular arrhythmia (VA),Negative,Cardiovascular Health,Health Outcome,,24169878,Literature,PubMed,,
Absolute humidity,Weather,Ventricular arrhythmia (VA),Negative,Cardiovascular Health,Health Outcome,,24169878,Literature,PubMed,,
outdoor temperature,Weather,Ventricular arrhythmia (VA),Negative,Cardiovascular Health,Health Outcome,,24169878,Literature,PubMed,,
ambient temperature,Weather,cognition,Null,Neurological Health;Other,Health Outcome,,23064870,Literature,PubMed,,
ambient temperature,Weather,dynamic postural balance,Negative,Neurological Health;Other,Health Outcome,,23064870,Literature,PubMed,,
mean temperature,Weather,urine calcium,Positive,Nephrolithiasis,Health Outcome,Urine,22578009,Literature,PubMed,,
mean temperature,Weather,super-saturation of calcium oxalate,Positive,Nephrolithiasis,Health Outcome,Urine,22578009,Literature,PubMed,,
mean temperature,Weather,super-saturation of calcium phosphate,Positive,Nephrolithiasis,Health Outcome,Urine,22578009,Literature,PubMed,,
mean temperature,Weather,urine sodium,Negative,Nephrolithiasis,Health Outcome,Urine,22578009,Literature,PubMed,,
average humidity,Weather,24-h urine constituents,Null,Nephrolithiasis,Health Outcome,Urine,22578009,Literature,PubMed,,
daily high temperature,Weather,heat related deaths,Positive,Heat-related mortality,Health Outcome,,22527742,Literature,PubMed,,
ambient temperature,Weather,Testicular torsion visits,Positive,Urological Health,Health Outcome,,22134234,Literature,PubMed,,
ambient temperature,Weather,ETEC infection,Positive,Gastrointestinal Health,Health Outcome,stool sample,21366796,Literature,PubMed,,
ambient temperature,Weather,EPEC infection,Null,Gastrointestinal Health,Health Outcome,stool sample,21366796,Literature,PubMed,,
ambient temperature,Weather,EAEC infection,Null,Gastrointestinal Health,Health Outcome,stool sample,21366796,Literature,PubMed,,
topical radiant heating,Other,local dermal blood flow,Positive,Wound Healing,Health Outcome,Skin biopsies,16722872,Literature,PubMed,,
topical radiant heating,Other,CD3 immunoreactivity,Positive,Wound Healing,Health Outcome,Skin biopsies,16722872,Literature,PubMed,,
heat index,Other,Intermittent nonattendance,Positive,Physical Activity;Behavioral Health,Health Outcome,,15851821,Literature,PubMed,,
Sunlight hours,Other,Attendance,Negative,Physical Activity;Behavioral Health,Health Outcome,,15851821,Literature,PubMed,,
O3,Air Quality,emergency department (ED) use for asthma,Positive,Respiratory Health,Health Outcome,,10351917,Literature,PubMed,,
PM2.5,Other,birthweight,Negative,Birth Outcomes,Health Outcome,,42118800,Literature,PubMed,,
O3,Other,birthweight,Positive,Birth Outcomes,Health Outcome,,42118800,Literature,PubMed,,
vegetation greenness,Other,birthweight,Positive,Birth Outcomes,Health Outcome,,42118800,Literature,PubMed,,
O3,Air Quality,late PTB (fifth 4-week period),Positive,Reproductive Health,Health Outcome,,25944700,Literature,PubMed,,
O3,Air Quality,late PTB (sixth 4-week period),Positive,Reproductive Health,Health Outcome,,25944700,Literature,PubMed,,
O3,Air Quality,late PTB (seventh 4-week period),Positive,Reproductive Health,Health Outcome,,25944700,Literature,PubMed,,
O3,Air Quality,moderate PTB (fifth 4-week period),Positive,Reproductive Health,Health Outcome,,25944700,Literature,PubMed,,
O3,Air Quality,moderate PTB (seventh 4-week period),Positive,Reproductive Health,Health Outcome,,25944700,Literature,PubMed,,
O3,Air Quality,severe PTB (fifth 4-week period),Positive,Reproductive Health,Health Outcome,,25944700,Literature,PubMed,,
O3,Air Quality,severe PTB (first 4-week period),Negative,Reproductive Health,Health Outcome,,25944700,Literature,PubMed,,
O3,Air Quality,total mortality in summer,Positive,Mortality,Health Outcome,,18513427,Literature,PubMed,,
O3,Air Quality,total mortality in June,Positive,Mortality,Health Outcome,,18513427,Literature,PubMed,,
O3,Air Quality,total mortality in July,Positive,Mortality,Health Outcome,,18513427,Literature,PubMed,,
O3,Air Quality,total mortality in autumn and winter,Null,Mortality,Health Outcome,,18513427,Literature,PubMed,,
O3,Air Quality,total mortality in September,Null,Mortality,Health Outcome,,18513427,Literature,PubMed,,
personal temperature,Weather,outdoor temperature,Positive,Reproductive Health,Health Outcome,,41764349,Literature,PubMed,,
heat index,Weather,total mortality,Positive,Mortality;Cardiovascular Health;Oncology,Health Outcome,,40962003,Literature,PubMed,,
heat index,Weather,cardiovascular disease (CVD) mortality,Positive,Mortality;Cardiovascular Health;Oncology,Health Outcome,,40962003,Literature,PubMed,,
summer average specific humidity,Weather,cardiovascular disease (CVD) hospitalization,Positive,Cardiovascular Health,Health Outcome,,37683506,Literature,PubMed,,
summer average specific humidity,Weather,coronary heart disease (CHD) hospitalization,Positive,Cardiovascular Health,Health Outcome,,37683506,Literature,PubMed,,
summer average specific humidity,Weather,cerebrovascular disease (CBV) hospitalization,Positive,Cardiovascular Health,Health Outcome,,37683506,Literature,PubMed,,
summer specific humidity variability,Weather,cardiovascular disease (CVD) hospitalization,Positive,Cardiovascular Health,Health Outcome,,37683506,Literature,PubMed,,
summer specific humidity variability,Weather,coronary heart disease (CHD) hospitalization,Positive,Cardiovascular Health,Health Outcome,,37683506,Literature,PubMed,,
summer specific humidity variability,Weather,cerebrovascular disease (CBV) hospitalization,Positive,Cardiovascular Health,Health Outcome,,37683506,Literature,PubMed,,
temperature,Weather,lesion growth rate,Positive,Plant Health,Health Outcome,foliar lesions,37147578,Literature,PubMed,,
relative humidity,Weather,lesion growth rate,Null,Plant Health,Health Outcome,foliar lesions,37147578,Literature,PubMed,,
summer average daily maximum temperature,Weather,first cardiovascular disease (CVD) hospitalization,Positive,Cardiovascular Health,Health Outcome,,36334826,Literature,PubMed,,
winter average daily maximum temperature,Weather,first cardiovascular disease (CVD) hospitalization,Negative,Cardiovascular Health,Health Outcome,,36334826,Literature,PubMed,,
Individually experienced heat index,Weather,Time to heat strain,Positive,Occupational Health,Health Outcome,,35759147,Literature,PubMed,,
Individually experienced heat index,Weather,Heat strain occurrence,Positive,Occupational Health,Health Outcome,,35759147,Literature,PubMed,,
heat index,Other,interaction with trees,Positive,Pediatric Health;Physical Activity;Socioemotional Well-being,Health Outcome,,33413276,Literature,PubMed,,
High temperature,Weather,all-cause mortality,Positive,All-cause mortality,Health Outcome,,30886182,Literature,PubMed,,
apparent temperature over the full gestation above 55°F,Weather,term low birth weight,Positive,Perinatal Health,Health Outcome,,29901701,Literature,PubMed,,
apparent temperature during third-trimester above 60°F,Weather,term low birth weight,Positive,Perinatal Health,Health Outcome,,29901701,Literature,PubMed,,
apparent temperature during the first month of pregnancy,Weather,term low birth weight,Null,Perinatal Health,Health Outcome,,29901701,Literature,PubMed,,
apparent temperature during the first trimester,Weather,term low birth weight,Negative,Perinatal Health,Health Outcome,,29901701,Literature,PubMed,,
apparent temperature during second trimester,Weather,term low birth weight,Positive,Perinatal Health,Health Outcome,,29901701,Literature,PubMed,,
apparent temperature during last month,Weather,term low birth weight,Positive,Perinatal Health,Health Outcome,,29901701,Literature,PubMed,,
apparent temperature during last 2 weeks,Weather,term low birth weight,Positive,Perinatal Health,Health Outcome,,29901701,Literature,PubMed,,
relative humidity,Other,MRSA colonization,Positive,Infectious Disease,Health Outcome,Nasal swabs;Perianal swabs,28558010,Literature,PubMed,,
relative humidity,Other,VRE colonization,Positive,Infectious Disease,Health Outcome,Nasal swabs;Perianal swabs,28558010,Literature,PubMed,,
wet-bulb globe temperature (WBGT) index,Weather,exertional heat illness (EHI),Positive,Exertional Heat Illness,Health Outcome,,15632673,Literature,PubMed,,
temperature,Other,Der p 1 concentration,Negative,,Health Outcome,house dust;living room dust;mattress dust,15147450,Literature,PubMed,,
temperature,Other,Der f 1 concentration,Negative,,Health Outcome,house dust;living room dust;mattress dust,15147450,Literature,PubMed,,
NO2,Other,mortality,Positive,Tuberculosis,Health Outcome,,37608175,Literature,PubMed,,
CO,Other,mortality,Positive,Tuberculosis,Health Outcome,,37608175,Literature,PubMed,,
O3,Air Quality,asthma-related emergency department visits (AREDV),Positive,Respiratory Health,Health Outcome,,30359141,Literature,PubMed,,
cadmium,Other,bronchitis,Null,Cerebrovascular Health;Respiratory Health;Oncology,Health Outcome,,19533624,Literature,PubMed,,
diffusing capacity for carbon monoxide,Other,IL-6,Positive,Oncology;Pulmonary Health,Health Outcome,archival formalin-fixed paraffin-embedded tumor specimens,42123542,Literature,PubMed,,
diffusing capacity for carbon monoxide,Other,IL-6R,Positive,Oncology;Pulmonary Health,Health Outcome,archival formalin-fixed paraffin-embedded tumor specimens,42123542,Literature,PubMed,,
Percentage of diffusion capacity of lung for carbon monoxide,Other,Perioperative pulmonary complication,Positive,Oncology;Perioperative Care,Health Outcome,,31539514,Literature,PubMed,,
lifetime cumulative O3 exposure,Air Quality,plasma clara cell protein (CC16) level,Positive,Respiratory Health,Health Outcome,blood;bronchoalveolar lavage,18332784,Literature,PubMed,,
lifetime cumulative O3 exposure,Air Quality,lower respiratory symptoms,Positive,Respiratory Health,Health Outcome,blood;bronchoalveolar lavage,18332784,Literature,PubMed,,
lifetime cumulative O3 exposure,Air Quality,lung function,Null,Respiratory Health,Health Outcome,blood;bronchoalveolar lavage,18332784,Literature,PubMed,,
PM2.5,Air Quality,afternoon augmentation index,Positive,Cardiovascular Health,Health Outcome,,18300696,Literature,PubMed,,
PM2.5,Air Quality,next-morning augmentation index,Negative,Cardiovascular Health,Health Outcome,,18300696,Literature,PubMed,,
PM2.5,Air Quality,all-cause mortality (American Cancer Society counties),Positive,Mortality,Health Outcome,,18223484,Literature,PubMed,,
PM2.5,Air Quality,all-cause mortality (Harvard Six Cities study counties),Positive,Mortality,Health Outcome,,18223484,Literature,PubMed,,
PM2.5,Air Quality,asthma,Null,Respiratory Health,Health Outcome,,18008001,Literature,PubMed,,
NO2,Air Quality,asthma,Null,Respiratory Health,Health Outcome,,18008001,Literature,PubMed,,
O3,Air Quality,asthma,Null,Respiratory Health,Health Outcome,,18008001,Literature,PubMed,,
NO2,Air Quality,asthma,Positive,Respiratory Health,Health Outcome,,17687439,Literature,PubMed,,
NO2,Air Quality,asthma,Positive,Respiratory Health,Health Outcome,,17687439,Literature,PubMed,,
CO,Air Quality,preterm birth,Positive,Reproductive Health,Health Outcome,,17675655,Literature,PubMed,,
CO,Air Quality,preterm birth,Positive,Reproductive Health,Health Outcome,,17675655,Literature,PubMed,,
PM2.5,Air Quality,outpatient visits for asthma,Null,Respiratory Health,Health Outcome,,17049511,Literature,PubMed,,
PM2.5,Air Quality,quick-relief medication prescriptions,Null,Respiratory Health,Health Outcome,,17049511,Literature,PubMed,,
NO2,Other,mortality,Positive,Mortality,Health Outcome,,16864555,Literature,PubMed,,
NO3-,Other,mortality,Positive,Mortality,Health Outcome,,16864555,Literature,PubMed,,
black carbon,Air Quality,inflammatory markers,Positive,Cardiovascular Disease,Health Outcome,Blood,16844771,Literature,PubMed,,
PM2.5,Air Quality,inflammatory markers,Positive,Cardiovascular Disease,Health Outcome,Blood,16844771,Literature,PubMed,,
NO2,Air Quality,ventricular arrhythmias,Positive,Cardiovascular Health,Health Outcome,,16698809,Literature,PubMed,,
ambient PM2.5,Air Quality,personal PM2.5 exposures,Positive,Respiratory Health;Exposure Assessment,Health Outcome,,16541849,Literature,PubMed,,
O3,Air Quality,Wheezing during the spring and summer months,Null,Respiratory Health,Health Outcome,,16425660,Literature,PubMed,,
NO2,Air Quality,Wheezing during the spring and summer months,Null,Respiratory Health,Health Outcome,,16425660,Literature,PubMed,,
PM2.5,Air Quality,Wheezing during the spring and summer months,Null,Respiratory Health,Health Outcome,,16425660,Literature,PubMed,,
O3,Air Quality,Asthma medication use among asthmatics,Positive,Respiratory Health,Health Outcome,,16425660,Literature,PubMed,,
PM2.5 (overall mean),Air Quality,overall mortality,Positive,Mortality;Cancer;Cardiovascular Health,Health Outcome,,16424447,Literature,PubMed,,
PM2.5 (exposure in the year of death),Air Quality,overall mortality,Positive,Mortality;Cancer;Cardiovascular Health,Health Outcome,,16424447,Literature,PubMed,,
PM2.5,Air Quality,lung cancer deaths,Positive,Mortality;Cancer;Cardiovascular Health,Health Outcome,,16424447,Literature,PubMed,,
PM2.5,Air Quality,cardiovascular deaths,Positive,Mortality;Cancer;Cardiovascular Health,Health Outcome,,16424447,Literature,PubMed,,
decreased mean PM2.5,Air Quality,overall mortality,Negative,Mortality;Cancer;Cardiovascular Health,Health Outcome,,16424447,Literature,PubMed,,
O3,Air Quality,Paroxysmal atrial fibrillation episodes (PAF),Positive,Cardiovascular Health,Health Outcome,,16393668,Literature,PubMed,,
NO2,Air Quality,Paroxysmal atrial fibrillation episodes (PAF),Positive,Cardiovascular Health,Health Outcome,,16393668,Literature,PubMed,,
black carbon,Air Quality,Paroxysmal atrial fibrillation episodes (PAF),Positive,Cardiovascular Health,Health Outcome,,16393668,Literature,PubMed,,
PM2.5,Air Quality,fatal coronary heart disease,Positive,Cardiovascular Health,Health Outcome,,16330354,Literature,PubMed,,
PM2.5,Air Quality,fatal coronary heart disease,Positive,Cardiovascular Health,Health Outcome,,16330354,Literature,PubMed,,
PM2.5,Air Quality,fatal coronary heart disease,Null,Cardiovascular Health,Health Outcome,,16330354,Literature,PubMed,,
PM2.5,Air Quality,total mortality (1973-1982),Positive,Total Mortality,Health Outcome,,16282158,Literature,PubMed,,
PM2.5,Air Quality,total mortality (1983-2002),Null,Total Mortality,Health Outcome,,16282158,Literature,PubMed,,
PM2.5,Air Quality,total mortality (1973-2002),Null,Total Mortality,Health Outcome,,16282158,Literature,PubMed,,
supplemental heating with gas stove,Other,indoor nitrogen dioxide concentrations,Null,Asthma,Health Outcome,,16268829,Literature,PubMed,,
PM2.5,Air Quality,all-cause mortality,Positive,Mortality;Cardiovascular Health;Respiratory Health;Cancer,Health Outcome,,16222161,Literature,PubMed,,
PM2.5,Air Quality,All-cause mortality (maximal control),Positive,Mortality;Cardiovascular Health;Respiratory Health;Cancer,Health Outcome,,16222161,Literature,PubMed,,
PM2.5,Air Quality,Ischemic heart disease mortality,Positive,Mortality;Cardiovascular Health;Respiratory Health;Cancer,Health Outcome,,16222161,Literature,PubMed,,
PM2.5,Air Quality,Lung cancer mortality,Positive,Mortality;Cardiovascular Health;Respiratory Health;Cancer,Health Outcome,,16222161,Literature,PubMed,,
home heating by coal/wood stoves,Air Quality,PM2.5,Positive,Birth Outcomes;Neonatal Health,Health Outcome,,16139869,Literature,PubMed,,
other types of heating,Air Quality,PM2.5,Positive,Birth Outcomes;Neonatal Health,Health Outcome,,16139869,Literature,PubMed,,
PM2.5,Air Quality,lung function,Negative,Respiratory Health,Health Outcome,,16079081,Literature,PubMed,,
O3,Air Quality,lung function,Negative,Respiratory Health,Health Outcome,,16079081,Literature,PubMed,,
PM2.5,Air Quality,all-cause mortality,Positive,Mortality,Health Outcome,,16020032,Literature,PubMed,,
ambient PM2.5,Air Quality,personal PM2.5 exposures,Positive,,Health Outcome,,15824556,Literature,PubMed,,
ambient O3,Air Quality,personal O3 exposures,Positive,,Health Outcome,,15824556,Literature,PubMed,,
ambient NO2,Air Quality,personal NO2 exposures,Positive,,Health Outcome,,15824556,Literature,PubMed,,
ambient-generated personal exposure to PM2.5,Air Quality,FeNO,Positive,Respiratory Health,Health Outcome,Exhaled breath,15811822,Literature,PubMed,,
indoor-generated personal exposure to PM2.5,Air Quality,FeNO,Null,Respiratory Health,Health Outcome,Exhaled breath,15811822,Literature,PubMed,,
ambient-generated personal exposure to PM2.5,Air Quality,FeNO,Positive,Respiratory Health,Health Outcome,Exhaled breath,15811822,Literature,PubMed,,
indoor-generated personal exposure to PM2.5,Air Quality,FeNO,Null,Respiratory Health,Health Outcome,Exhaled breath,15811822,Literature,PubMed,,
PM2.5,Air Quality,resting systolic blood pressure,Positive,Cardiovascular Health,Health Outcome,,15466639,Literature,PubMed,,
PM2.5,Air Quality,resting diastolic blood pressure,Positive,Cardiovascular Health,Health Outcome,,15466639,Literature,PubMed,,
PM2.5,Air Quality,resting mean arterial blood pressure,Positive,Cardiovascular Health,Health Outcome,,15466639,Literature,PubMed,,
PM2.5,Air Quality,diastolic blood pressure during exercise,Positive,Cardiovascular Health,Health Outcome,,15466639,Literature,PubMed,,
PM2.5,Air Quality,mean arterial blood pressure during exercise,Positive,Cardiovascular Health,Health Outcome,,15466639,Literature,PubMed,,
PM2.5,Air Quality,fraction of exhaled nitric oxide (FE(NO)),Positive,Respiratory Health,Health Outcome,breath samples,14985553,Literature,PubMed,,
PM2.5,Air Quality,two or more exacerbations,Positive,Respiratory Health,Health Outcome,,14718248,Literature,PubMed,Aerometric Information Retrieval System;Cystic Fibrosis Foundation National Patient Registry,
O3,Air Quality,two or more exacerbations,Positive,Respiratory Health,Health Outcome,,14718248,Literature,PubMed,Aerometric Information Retrieval System;Cystic Fibrosis Foundation National Patient Registry,
PM2.5,Air Quality,FEV1,Negative,Respiratory Health,Health Outcome,,14718248,Literature,PubMed,Aerometric Information Retrieval System;Cystic Fibrosis Foundation National Patient Registry,
PM2.5,Air Quality,mortality,Null,Respiratory Health,Health Outcome,,14718248,Literature,PubMed,Aerometric Information Retrieval System;Cystic Fibrosis Foundation National Patient Registry,
O3,Air Quality,wheeze,Positive,Respiratory Health,Health Outcome,,14532314,Literature,PubMed,,
O3,Air Quality,chest tightness,Positive,Respiratory Health,Health Outcome,,14532314,Literature,PubMed,,
O3,Air Quality,shortness of breath,Positive,Respiratory Health,Health Outcome,,14532314,Literature,PubMed,,
O3,Air Quality,rescue medication use,Positive,Respiratory Health,Health Outcome,,14532314,Literature,PubMed,,
PM2.5,Air Quality,respiratory symptoms,Null,Respiratory Health,Health Outcome,,14532314,Literature,PubMed,,
PM2.5,Air Quality,rescue medication use,Null,Respiratory Health,Health Outcome,,14532314,Literature,PubMed,,
NO2,Air Quality,bronchitic symptoms,Positive,Respiratory Health,Health Outcome,,12893648,Literature,PubMed,,
O3,Air Quality,bronchitic symptoms,Positive,Respiratory Health,Health Outcome,,12893648,Literature,PubMed,,
PM2.5,Air Quality,mortality,Positive,Mortality,Health Outcome,,12846486,Literature,PubMed,,
PM2.5 (constant average city-specific exposure),Air Quality,mortality,Positive,All-cause mortality,Health Outcome,,12495830,Literature,PubMed,,
PM2.5 (constant average city-specific exposure),Air Quality,mortality,Positive,All-cause mortality,Health Outcome,,12495830,Literature,PubMed,,
PM2.5 (time-dependent estimate of exposure),Air Quality,mortality,Positive,All-cause mortality,Health Outcome,,12495830,Literature,PubMed,,
O3,Air Quality,peak flow rate,Negative,Respiratory Health,Health Outcome,,12091175,Literature,PubMed,,
NO2,Air Quality,lung function growth rate,Negative,Respiratory Health,Health Outcome,,12091175,Literature,PubMed,,
PM2.5,Air Quality,lung function growth rate,Negative,Respiratory Health,Health Outcome,,12091175,Literature,PubMed,,
O3,Air Quality,evening PEFR,Null,Asthma;Respiratory Health,Health Outcome,,11999000,Literature,PubMed,,
O3,Air Quality,symptom reports,Null,Asthma;Respiratory Health,Health Outcome,,11999000,Literature,PubMed,,
O3,Air Quality,morning % PEFR,Negative,Asthma;Respiratory Health,Health Outcome,,11999000,Literature,PubMed,,
O3,Air Quality,morning symptoms,Positive,Asthma;Respiratory Health,Health Outcome,,11999000,Literature,PubMed,,
NO2,Air Quality,morning symptoms,Positive,Asthma;Respiratory Health,Health Outcome,,11999000,Literature,PubMed,,
CO,Air Quality,age specific mortality,Positive,Mortality,Health Outcome,,11886947,Literature,PubMed,,
O3,Air Quality,age specific mortality,Positive,Mortality,Health Outcome,,11886947,Literature,PubMed,,
NO2,Air Quality,age specific mortality,Positive,Mortality,Health Outcome,,11886947,Literature,PubMed,,
O3,Air Quality,asthma in children playing three or more sports,Positive,Respiratory Health,Health Outcome,,11844508,Literature,PubMed,,
O3,Air Quality,asthma in children playing three or more sports,Null,Respiratory Health,Health Outcome,,11844508,Literature,PubMed,,
O3,Air Quality,asthma in relation to time spent outside,Positive,Respiratory Health,Health Outcome,,11844508,Literature,PubMed,,
O3,Air Quality,illness-related absence rates,Positive,Respiratory Health,Health Outcome,,11138819,Literature,PubMed,,
O3,Air Quality,respiratory illnesses,Positive,Respiratory Health,Health Outcome,,11138819,Literature,PubMed,,
O3,Air Quality,upper respiratory illnesses,Positive,Respiratory Health,Health Outcome,,11138819,Literature,PubMed,,
O3,Air Quality,lower respiratory illnesses with wet cough,Positive,Respiratory Health,Health Outcome,,11138819,Literature,PubMed,,
NO2,Air Quality,school absenteeism,Null,Respiratory Health,Health Outcome,,11138819,Literature,PubMed,,
CO,Air Quality,asthma symptoms,Positive,Respiratory Health,Health Outcome,,11133403,Literature,PubMed,,
carbon monoxide and PM1.0,Air Quality,asthma symptoms,Positive,Respiratory Health,Health Outcome,,11133403,Literature,PubMed,,
PM2.5,Air Quality,growth of lung function,Negative,Respiratory Health,Health Outcome,,11051533,Literature,PubMed,,
NO2,Air Quality,growth of lung function,Negative,Respiratory Health,Health Outcome,,11051533,Literature,PubMed,,
O3,Air Quality,growth of lung function,Null,Respiratory Health,Health Outcome,,11051533,Literature,PubMed,,
PM2.5,Air Quality,growth of lung function,Negative,Respiratory Health,Health Outcome,,11029349,Literature,PubMed,,
NO2,Air Quality,growth of lung function,Negative,Respiratory Health,Health Outcome,,11029349,Literature,PubMed,,
O3,Air Quality,growth of lung function,Null,Respiratory Health,Health Outcome,,11029349,Literature,PubMed,,
PM2.5,Air Quality,infant mortality,Null,Infant Mortality,Health Outcome,,11002598,Literature,PubMed,,
CO,Air Quality,preterm birth,Positive,Reproductive Health;Neonatal Health,Health Outcome,,10955401,Literature,PubMed,,
CO,Air Quality,preterm birth,Positive,Reproductive Health;Neonatal Health,Health Outcome,,10955401,Literature,PubMed,,
PM2.5,Air Quality,all deaths (daily patterns),Positive,Respiratory Health;Cardiovascular Health;Mortality,Health Outcome,,10707911,Literature,PubMed,,
PM2.5,Air Quality,all deaths (monthly patterns),Positive,Respiratory Health;Cardiovascular Health;Mortality,Health Outcome,,10707911,Literature,PubMed,,
PM2.5,Air Quality,chronic obstructive pulmonary disease mortality,Positive,Respiratory Health;Cardiovascular Health;Mortality,Health Outcome,,10707911,Literature,PubMed,,
PM2.5,Air Quality,pneumonia mortality,Positive,Respiratory Health;Cardiovascular Health;Mortality,Health Outcome,,10707911,Literature,PubMed,,
PM2.5,Air Quality,heart attacks mortality,Positive,Respiratory Health;Cardiovascular Health;Mortality,Health Outcome,,10707911,Literature,PubMed,,
PM2.5,Air Quality,lower respiratory symptoms,Positive,Respiratory Health,Health Outcome,,10615836,Literature,PubMed,,
NO2,Air Quality,FVC,Negative,Respiratory Health,Health Outcome,,10051249,Literature,PubMed,,
PM2.5,Air Quality,FEV1,Negative,Respiratory Health,Health Outcome,,10051249,Literature,PubMed,,
O3,Air Quality,PEFR,Negative,Respiratory Health,Health Outcome,,10051249,Literature,PubMed,,
PM2.5,Air Quality,MMEF,Negative,Respiratory Health,Health Outcome,,10051249,Literature,PubMed,,
O3,Air Quality,MMEF,Negative,Respiratory Health,Health Outcome,,10051249,Literature,PubMed,,
NO2,Air Quality,Wheeze prevalence,Positive,Respiratory Health,Health Outcome,,10051248,Literature,PubMed,,
O3,Air Quality,lung cancer mortality,Positive,Respiratory Health;Oncology,Health Outcome,,9927346,Literature,PubMed,,
CO,Air Quality,low birth weight,Positive,Perinatal Health,Health Outcome,,9872713,Literature,PubMed,,
O3,Air Quality,incident lung cancer in males,Positive,Oncology,Health Outcome,,9831542,Literature,PubMed,,
O3,Air Quality,personal O3 exposure levels,Positive,,Health Outcome,,9074882,Literature,PubMed,,
PM2.5,Air Quality,definite symptoms of chronic bronchitis,Positive,Respiratory Health,Health Outcome,,7492903,Literature,PubMed,,
PM2.5,Air Quality,"severity of respiratory symptoms related to general airway obstructive disease, chronic bronchitis, and asthma",Positive,Respiratory Health,Health Outcome,,7492903,Literature,PubMed,,
O3,Air Quality,asthma,Positive,Respiratory Health,Health Outcome,,8229343,Literature,PubMed,,
air quality,Other,wheezing exacerbations,Positive,Respiratory Health,Health Outcome,,1603684,Literature,PubMed,,
O3,Air Quality,interpolated ozone,Positive,,Health Outcome,,1953035,Literature,PubMed,,
O3,Air Quality,respiratory cancers,Positive,Cancer,Health Outcome,,1953034,Literature,PubMed,,
O3,Air Quality,Respiratory cancers,Positive,Cancer;Respiratory Health,Health Outcome,,1954938,Literature,PubMed,,
O3,Air Quality,asthma,Positive,Cancer;Respiratory Health,Health Outcome,,1954938,Literature,PubMed,,
PM2.5,Other,mild cognitive impairment (MCI),Positive,Neurological Health,Health Outcome,,39563463,Literature,PubMed,,
PM2.5,Air Quality,spontaneous preterm birth (sPTB),Positive,Maternal and Child Health,Health Outcome,,39535795,Literature,PubMed,,
black carbon,Air Quality,spontaneous preterm birth (sPTB),Positive,Maternal and Child Health,Health Outcome,,39535795,Literature,PubMed,,
PM2.5 (first trimester),Air Quality,spontaneous preterm birth (sPTB),Positive,Maternal and Child Health,Health Outcome,,39535795,Literature,PubMed,,
PM2.5 (second trimester),Air Quality,spontaneous preterm birth (sPTB),Positive,Maternal and Child Health,Health Outcome,,39535795,Literature,PubMed,,
PM2.5 (third trimester),Air Quality,spontaneous preterm birth (sPTB),Positive,Maternal and Child Health,Health Outcome,,39535795,Literature,PubMed,,
extreme neighborhood heat exposure,Other,sleep quality,Negative,Sleep Health,Health Outcome,,39457244,Literature,PubMed,,
surrounding greenness,Other,incident hypertension,Null,Cardiovascular Health,Health Outcome,,39414106,Literature,PubMed,,
"environmental mixture (air pollution, noise, surrounding greenness)",Other,incident hypertension,Null,Cardiovascular Health,Health Outcome,,39414106,Literature,PubMed,,
greenness,Built Environment,Any new cardiovascular conditions,Negative,Cardiovascular Health,Health Outcome,,39344601,Literature,PubMed,,
PM2.5,Other,BMI,Positive,Obesity,Health Outcome,,39265401,Literature,PubMed,,
NO2,Other,BMI,Positive,Obesity,Health Outcome,,39265401,Literature,PubMed,,
greenness,Other,BMI,Negative,Obesity,Health Outcome,,39265401,Literature,PubMed,,
seasonal temperature,Other,BMI,Negative,Obesity,Health Outcome,,39265401,Literature,PubMed,,
greenness,Built Environment,vitality/hormonal symptoms,Negative,Oncology;Quality of Life,Health Outcome,,39187150,Literature,PubMed,,
greenness,Built Environment,bowel symptoms,Null,Oncology;Quality of Life,Health Outcome,,39187150,Literature,PubMed,,
greenness,Built Environment,urinary incontinence,Null,Oncology;Quality of Life,Health Outcome,,39187150,Literature,PubMed,,
greenness,Built Environment,urinary irritation,Null,Oncology;Quality of Life,Health Outcome,,39187150,Literature,PubMed,,
greenness,Built Environment,sexual symptoms,Null,Oncology;Quality of Life,Health Outcome,,39187150,Literature,PubMed,,
greenness,Built Environment,memory function,Null,Oncology;Quality of Life,Health Outcome,,39187150,Literature,PubMed,,
greenness,Built Environment,lack of depressive signs,Null,Oncology;Quality of Life,Health Outcome,,39187150,Literature,PubMed,,
greenness,Built Environment,wellbeing,Null,Oncology;Quality of Life,Health Outcome,,39187150,Literature,PubMed,,
PM2.5,Other,incident hypertension,Positive,Cardiovascular Health,Health Outcome,,39083359,Literature,PubMed,,
PM2.5,Other,Latinx-White TLBW disparity,Positive,Reproductive Health,Health Outcome,,38986802,Literature,PubMed,,
potential heat vulnerability,Other,Latinx-White TLBW disparity,Positive,Reproductive Health,Health Outcome,,38986802,Literature,PubMed,,
PM2.5,Other,depression,Positive,Mental Health,Health Outcome,,38960154,Literature,PubMed,,
PM2.5,Other,depression (without greenness),Positive,Mental Health,Health Outcome,,38960154,Literature,PubMed,,
PM2.5,Other,depression (with greenness),Null,Mental Health,Health Outcome,,38960154,Literature,PubMed,,
PM2.5,Other,anxiety (without greenness),Positive,Mental Health,Health Outcome,,38960154,Literature,PubMed,,
PM2.5,Other,anxiety (with greenness),Null,Mental Health,Health Outcome,,38960154,Literature,PubMed,,
NO2,Other,depression,Null,Mental Health,Health Outcome,,38960154,Literature,PubMed,,
NO2,Other,anxiety,Null,Mental Health,Health Outcome,,38960154,Literature,PubMed,,
street greenness,Built Environment,fatal vehicle collisions,Negative,Injuries and Fatalities,Health Outcome,,38844338,Literature,PubMed,,
street greenness,Built Environment,pedestrian-involved and cyclist-involved fatal collisions,Negative,Injuries and Fatalities,Health Outcome,,38844338,Literature,PubMed,,
ambient temperature,Weather,any psychiatric disorder (Any),Positive,Psychiatric Health;Mental Health,Health Outcome,,38829735,Literature,PubMed,,
ambient temperature,Weather,anxiety,Positive,Psychiatric Health;Mental Health,Health Outcome,,38829735,Literature,PubMed,,
ambient temperature,Weather,bipolar disorder,Positive,Psychiatric Health;Mental Health,Health Outcome,,38829735,Literature,PubMed,,
ambient temperature,Weather,suicidal thoughts (SUIC),Positive,Psychiatric Health;Mental Health,Health Outcome,,38829735,Literature,PubMed,,
ambient temperature,Weather,prenatal mood and anxiety disorders (PMAD),Positive,Psychiatric Health;Mental Health,Health Outcome,,38829735,Literature,PubMed,,
ambient temperature,Weather,anxiety,Positive,Psychiatric Health;Mental Health,Health Outcome,,38829735,Literature,PubMed,,
ambient temperature,Weather,any psychiatric disorder (Any),Positive,Psychiatric Health;Mental Health,Health Outcome,,38829735,Literature,PubMed,,
precision greenness,Built Environment,Alzheimer's disease incidence,Negative,Neurological Health,Health Outcome,,38706287,Literature,PubMed,,
walkability,Built Environment,SBP,Negative,Cardiometabolic Health,Health Outcome,,38696876,Literature,PubMed,,
walkability,Built Environment,DBP,Negative,Cardiometabolic Health,Health Outcome,,38696876,Literature,PubMed,,
walkability,Built Environment,hypertension status,Negative,Cardiometabolic Health,Health Outcome,,38696876,Literature,PubMed,,
walkability,Built Environment,waist circumference,Negative,Cardiometabolic Health,Health Outcome,,38696876,Literature,PubMed,,
PM2.5,Other,all childhood cancers,Positive,Oncology,Health Outcome,,38366656,Literature,PubMed,,
PM2.5,Other,lymphoid leukemias,Positive,Oncology,Health Outcome,,38366656,Literature,PubMed,,
PM2.5,Other,Hodgkin lymphomas,Positive,Oncology,Health Outcome,,38366656,Literature,PubMed,,
PM2.5,Other,non-Hodgkin lymphomas,Positive,Oncology,Health Outcome,,38366656,Literature,PubMed,,
PM2.5,Other,ependymoma,Positive,Oncology,Health Outcome,,38366656,Literature,PubMed,,
residential surrounding greenness,Built Environment,internalizing behavior,Negative,Mental Health;Pediatric Health,Health Outcome,,38331928,Literature,PubMed,,
residential surrounding greenness,Built Environment,externalizing behavior,Null,Mental Health;Pediatric Health,Health Outcome,,38331928,Literature,PubMed,,
residential surrounding greenness,Built Environment,attention problems subscale,Null,Mental Health;Pediatric Health,Health Outcome,,38331928,Literature,PubMed,,
temperature,Weather,mortality in low greenspace census tracts,Positive,Mortality,Health Outcome,,37898198,Literature,PubMed,,
temperature,Weather,mortality in high greenspace census tracts,Null,Mortality,Health Outcome,,37898198,Literature,PubMed,,
temperature,Weather,mortality in tracts with high impervious surface,Positive,Mortality,Health Outcome,,37898198,Literature,PubMed,,
temperature,Weather,mortality in tracts with low impervious surface,Null,Mortality,Health Outcome,,37898198,Literature,PubMed,,
temperature,Weather,mortality in census tracts with high dissimilarity index and low greenspace,Positive,Mortality,Health Outcome,,37898198,Literature,PubMed,,
temperature,Weather,mortality in census tracts with low dissimilarity index,Null,Mortality,Health Outcome,,37898198,Literature,PubMed,,
greenness,Built Environment,steps per minute,Negative,Physical Activity,Health Outcome,,37648192,Literature,PubMed,,
temperature,Other,asthma prevalence,Negative,Respiratory Health,Health Outcome,,37563691,Literature,PubMed,,
normalized difference vegetation index measure of overall greenness,Built Environment,mortality inequities,Negative,Cardiovascular Health;Mortality,Health Outcome,,37563520,Literature,PubMed,,
PM2.5,Other,COVID-19 hospitalization,Positive,Infectious Disease;Respiratory Health,Health Outcome,,37314984,Literature,PubMed,,
walkability,Other,COVID-19 hospitalization,Negative,Infectious Disease;Respiratory Health,Health Outcome,,37314984,Literature,PubMed,,
heat waves,Weather,Spontaneous premature rupture of membranes (PROM),Positive,Pregnancy and Birth Outcomes,Health Outcome,,36809710,Literature,PubMed,,
heat waves,Weather,Term PROM (TPROM),Positive,Pregnancy and Birth Outcomes,Health Outcome,,36809710,Literature,PubMed,,
heat waves,Weather,Preterm PROM (PPROM),Positive,Pregnancy and Birth Outcomes,Health Outcome,,36809710,Literature,PubMed,,
PM2.5,Air Quality,Late-life depression diagnosis,Positive,Mental Health,Health Outcome,,36763364,Literature,PubMed,,
NO2,Air Quality,Late-life depression diagnosis,Positive,Mental Health,Health Outcome,,36763364,Literature,PubMed,,
O3,Air Quality,Late-life depression diagnosis,Positive,Mental Health,Health Outcome,,36763364,Literature,PubMed,,
greenness (NDVI),Built Environment,ADRD hospitalization,Negative,Neurological Health,Health Outcome,,36538329,Literature,PubMed,,
greenness (NDVI),Built Environment,PD hospitalization,Negative,Neurological Health,Health Outcome,,36538329,Literature,PubMed,,
average greenness (NDVI),Built Environment,cardiovascular disease (CVD) hospitalization,Negative,Cardiovascular Health;Respiratory Health,Health Outcome,,36049575,Literature,PubMed,,
average greenness (NDVI),Built Environment,respiratory disease (RSD) hospitalization,Null,Cardiovascular Health;Respiratory Health,Health Outcome,,36049575,Literature,PubMed,,
average greenness (NDVI),Built Environment,respiratory disease (RSD) hospitalization in urban zip codes,Positive,Cardiovascular Health;Respiratory Health,Health Outcome,,36049575,Literature,PubMed,,
greenness,Built Environment,all-cause mortality,Negative,All-Cause Mortality,Health Outcome,,35619828,Literature,PubMed,,
PM2.5,Built Environment,COVID-19 cumulative incidence,Positive,Infectious Disease,Health Outcome,,35447167,Literature,PubMed,,
cumulative neighborhood greenness around childhood homes in lower-income areas,Built Environment,emotional intelligence,Positive,Socio-emotional Health,Health Outcome,,35183924,Literature,PubMed,,
greater greenness500-m in higher-income areas,Built Environment,emotional intelligence scores,Negative,Socio-emotional Health,Health Outcome,,35183924,Literature,PubMed,,
temperature,Weather,preterm birth,Positive,Reproductive Health,Health Outcome,,34742709,Literature,PubMed,,
heat waves,Weather,preterm birth,Null,Reproductive Health,Health Outcome,,34742709,Literature,PubMed,,
visibility of greenness,Built Environment,total ER visits for mental disorders in neighborhoods with low social vulnerability,Null,Mental Health,Health Outcome,,34728238,Literature,PubMed,,
PM2.5,Air Quality,mortality rate,Positive,Mortality,Health Outcome,,34507231,Literature,PubMed,,
O3,Air Quality,mortality rate,Positive,Mortality,Health Outcome,,34507231,Literature,PubMed,,
NO2,Air Quality,mortality rate,Negative,Mortality,Health Outcome,,34507231,Literature,PubMed,,
PM2.5,Air Quality,mortality rate (restricted to PM2.5 <= 12 μg/m3),Positive,Mortality,Health Outcome,,34507231,Literature,PubMed,,
O3,Air Quality,mortality rate (restricted to PM2.5 <= 12 μg/m3),Negative,Mortality,Health Outcome,,34507231,Literature,PubMed,,
NO2,Air Quality,mortality rate (restricted to PM2.5 <= 12 μg/m3),Positive,Mortality,Health Outcome,,34507231,Literature,PubMed,,
early-childhood residential greenness,Built Environment,nonverbal intelligence,Positive,Cognitive Health,Health Outcome,,34308473,Literature,PubMed,,
early-childhood residential greenness,Built Environment,visual memory,Positive,Cognitive Health,Health Outcome,,34308473,Literature,PubMed,,
PM2.5,Air Quality,CVD hospitalization,Positive,Cardiovascular Health,Health Outcome,,34218186,Literature,PubMed,,
PM2.5,Air Quality,CVD hospitalization in subgroup with annual exposures always below 10 µg/m3,Positive,Cardiovascular Health,Health Outcome,,34218186,Literature,PubMed,,
NO2,Air Quality,CVD hospitalization,Positive,Cardiovascular Health,Health Outcome,,34218186,Literature,PubMed,,
NO2,Air Quality,CHD hospitalization,Positive,Cardiovascular Health,Health Outcome,,34218186,Literature,PubMed,,
NO2,Air Quality,CBV hospitalization,Positive,Cardiovascular Health,Health Outcome,,34218186,Literature,PubMed,,
PM2.5,Air Quality,CHD hospitalization,Positive,Cardiovascular Health,Health Outcome,,34218186,Literature,PubMed,,
PM2.5,Air Quality,CBV hospitalization,Positive,Cardiovascular Health,Health Outcome,,34218186,Literature,PubMed,,
O3,Air Quality,CVD hospitalization in low-exposure subgroup (<40 ppb),Positive,Cardiovascular Health,Health Outcome,,34218186,Literature,PubMed,,
O3,Air Quality,CHD hospitalization in low-exposure subgroup (<40 ppb),Positive,Cardiovascular Health,Health Outcome,,34218186,Literature,PubMed,,
O3,Air Quality,CBV hospitalization in low-exposure subgroup (<40 ppb),Positive,Cardiovascular Health,Health Outcome,,34218186,Literature,PubMed,,
PM2.5,Other,mild preeclampsia,Positive,Maternal Health,Health Outcome,,34066190,Literature,PubMed,,
PM2.5,Other,severe preeclampsia,Positive,Maternal Health,Health Outcome,,34066190,Literature,PubMed,,
heat,Weather,mortality,Null,Mortality,Health Outcome,,34000533,Literature,PubMed,,
heat,Weather,mortality in urban areas,Null,Mortality,Health Outcome,,34000533,Literature,PubMed,,
heat,Weather,mortality in rural areas,Null,Mortality,Health Outcome,,34000533,Literature,PubMed,,
residential greenness,Other,antral follicle count (AFC),Null,Reproductive Health,Health Outcome,,33905704,Literature,PubMed,,
PM2.5,Other,antral follicle count (AFC),Negative,Reproductive Health,Health Outcome,,33905704,Literature,PubMed,,
residential greenness,Other,antral follicle count (AFC) among women with average PM2.5 exposure of 7 μg/m3,Positive,Reproductive Health,Health Outcome,,33905704,Literature,PubMed,,
residential greenness,Other,antral follicle count (AFC) among women with average PM2.5 exposure of 12 μg/m3,Negative,Reproductive Health,Health Outcome,,33905704,Literature,PubMed,,
greenness,Other,birthweight,Positive,Maternal and Child Health,Health Outcome,,33824415,Literature,PubMed,,
temperature,Other,birthweight,Positive,Maternal and Child Health,Health Outcome,,33824415,Literature,PubMed,,
greenness,Built Environment,Alzheimer's disease,Negative,Neurological Health,Health Outcome,,33814426,Literature,PubMed,,
greenness,Built Environment,Alzheimer's disease and related dementias (ADRD),Negative,Neurological Health,Health Outcome,,33814426,Literature,PubMed,,
greenness,Built Environment,non-Alzheimer's (non-AD) dementia,Negative,Neurological Health,Health Outcome,,33814426,Literature,PubMed,,
greenness,Built Environment,Alzheimer's disease,Negative,Neurological Health,Health Outcome,,33814426,Literature,PubMed,,
greenness,Built Environment,Alzheimer's disease and related dementias (ADRD),Negative,Neurological Health,Health Outcome,,33814426,Literature,PubMed,,
greenness,Built Environment,non-Alzheimer's (non-AD) dementia,Null,Neurological Health,Health Outcome,,33814426,Literature,PubMed,,
greenness,Built Environment,COVID-19 outcomes,Negative,Infectious Disease;COVID-19,Health Outcome,,33744577,Literature,PubMed,,
greenness,Built Environment,systolic blood pressure,Negative,Cardiovascular Health,Health Outcome,,33450813,Literature,PubMed,,
greenness,Built Environment,diastolic blood pressure,Negative,Cardiovascular Health,Health Outcome,,33450813,Literature,PubMed,,
greenness,Built Environment,new-onset type 2 diabetes,Negative,Metabolic Health,Health Outcome,,33441365,Literature,PubMed,,
greenness,Built Environment,fasting glucose,Negative,Metabolic Health,Health Outcome,,33435223,Literature,PubMed,,
neighborhood greenness,Built Environment,soluble vascular cell adhesion molecule-1,Negative,Cardiovascular Health,Health Outcome,,33420552,Literature,PubMed,,
PM2.5,Other,augmentation pressure,Positive,Cardiovascular Health,Health Outcome,,33416460,Literature,PubMed,,
PM2.5,Other,pulse pressure,Positive,Cardiovascular Health,Health Outcome,,33416460,Literature,PubMed,,
PM2.5,Other,aortic systolic pressure,Positive,Cardiovascular Health,Health Outcome,,33416460,Literature,PubMed,,
O3,Other,augmentation index,Positive,Cardiovascular Health,Health Outcome,,33416460,Literature,PubMed,,
O3,Other,augmentation pressure,Positive,Cardiovascular Health,Health Outcome,,33416460,Literature,PubMed,,
O3,Other,aortic systolic pressure,Positive,Cardiovascular Health,Health Outcome,,33416460,Literature,PubMed,,
overall greenness,Built Environment,adult-asthma rate,Positive,Respiratory Health,Health Outcome,,33321458,Literature,PubMed,,
greenness,Other,birthweight,Positive,Fetal growth and development,Health Outcome,,33260804,Literature,PubMed,,
temperature,Other,birthweight,Negative,Fetal growth and development,Health Outcome,,33260804,Literature,PubMed,,
walkability,Other,birthweight,Negative,Fetal growth and development,Health Outcome,,33260804,Literature,PubMed,,
greenness,Built Environment,depression,Null,Mental Health,Health Outcome,,33158170,Literature,PubMed,,
wildfire-specific PM2.5,Air Quality,preterm birth,Positive,Birth Outcomes,Health Outcome,,42143476,Literature,PubMed,,
wildfire-specific PM2.5,Air Quality,very preterm (VPT),Positive,Birth Outcomes,Health Outcome,,42143476,Literature,PubMed,,
wildfire-specific PM2.5,Air Quality,extremely preterm (EPT),Positive,Birth Outcomes,Health Outcome,,42143476,Literature,PubMed,,
wildfire-specific PM2.5,Air Quality,low birth weight,Positive,Birth Outcomes,Health Outcome,,42143476,Literature,PubMed,,
wildfire-specific PM2.5,Air Quality,large for gestational age (LGA),Positive,Birth Outcomes,Health Outcome,,42143476,Literature,PubMed,,
wildfire-specific PM2.5,Air Quality,small for gestational age,Negative,Birth Outcomes,Health Outcome,,42143476,Literature,PubMed,,
wildfire exposure in the first trimester,Other,spina bifida,Positive,Birth Defects,Health Outcome,,39223033,Literature,PubMed,,
wildfire exposure 30 days before the last menstrual period,Other,spina bifida,Null,Birth Defects,Health Outcome,,39223033,Literature,PubMed,,
wildfire exposure during the second and third trimesters,Other,spina bifida,Null,Birth Defects,Health Outcome,,39223033,Literature,PubMed,,
wildfires,Other,Antidepressants prescriptions,Positive,Mental Health,Health Outcome,,38407907,Literature,PubMed,,
wildfires,Other,Anxiolytics prescriptions,Positive,Mental Health,Health Outcome,,38407907,Literature,PubMed,,
wildfires,Other,Mood-stabilizing medications prescriptions,Positive,Mental Health,Health Outcome,,38407907,Literature,PubMed,,
wildfires,Other,Antipsychotics prescriptions,Null,Mental Health,Health Outcome,,38407907,Literature,PubMed,,
wildfires,Other,Hypnotics prescriptions,Null,Mental Health,Health Outcome,,38407907,Literature,PubMed,,
wildfires,Other,Statins prescriptions,Null,Mental Health,Health Outcome,,38407907,Literature,PubMed,,
diffusion capacity of lung for carbon monoxide,Other,progression to death or lung transplantation,Negative,Pulmonary Health,Health Outcome,,29940164,Literature,PubMed,,
diffusing capacity for carbon monoxide,Other,mortality,Negative,Systemic Sclerosis-Associated Pulmonary Arterial Hypertension,Health Outcome,,29777655,Literature,PubMed,,
diffusing capacity of the lung for carbon monoxide (DlCO),Other,all-cause mortality,Positive,Respiratory Health;Infectious Disease,Health Outcome,,29313714,Literature,PubMed,NCT00869544;NCT01326572,https://clinicaltrials.gov/;https://clinicaltrials.gov/
CO,Other,light chain myeloma,Positive,Oncology,Health Outcome,,2660985,Literature,PubMed,,
CO,Air Quality,cardiovascular disease deaths,Positive,Cardiovascular Health;Oncology;Injuries,Health Outcome,,6163400,Literature,PubMed,,
CO,Air Quality,cardiovascular disease deaths within the first 10 yr. following employment,Positive,Cardiovascular Health;Oncology;Injuries,Health Outcome,,6163400,Literature,PubMed,,
CO,Air Quality,cancer mortality after 30 yr latency,Positive,Cardiovascular Health;Oncology;Injuries,Health Outcome,,6163400,Literature,PubMed,,
CO,Air Quality,deaths due to accidents,Negative,Cardiovascular Health;Oncology;Injuries,Health Outcome,,6163400,Literature,PubMed,,
Perceived neighborhood walkability,Built Environment,Daily step counts,Positive,Physical Activity,Health Outcome,,41569831,Literature,PubMed,,
walkability,Built Environment,walking,Positive,Physical Activity,Health Outcome,,40804514,Literature,PubMed,,
walkability to recreational places,Built Environment,children moderate-to-vigorous intensity physical activity (MVPA),Positive,Physical Activity,Health Outcome,,40105108,Literature,PubMed,,
walkability index,Built Environment,90-day mortality,Positive,Orthopedic Health,Health Outcome,,39989237,Literature,PubMed,,
walkability index,Built Environment,one-year revision,Positive,Orthopedic Health,Health Outcome,,39989237,Literature,PubMed,,
walkability index,Built Environment,length of stay (LOS),Positive,Orthopedic Health,Health Outcome,,39989237,Literature,PubMed,,
walkability index,Built Environment,90-day readmission,Null,Orthopedic Health,Health Outcome,,39989237,Literature,PubMed,,
neighborhood walkability,Built Environment,overall obesity-related cancer,Negative,Oncology,Health Outcome,,37791759,Literature,PubMed,,
neighborhood walkability,Built Environment,postmenopausal breast cancer,Negative,Oncology,Health Outcome,,37791759,Literature,PubMed,,
neighborhood walkability,Built Environment,ovarian cancer,Negative,Oncology,Health Outcome,,37791759,Literature,PubMed,,
neighborhood walkability,Built Environment,endometrial cancer,Negative,Oncology,Health Outcome,,37791759,Literature,PubMed,,
neighborhood walkability,Built Environment,multiple myeloma,Negative,Oncology,Health Outcome,,37791759,Literature,PubMed,,
neighborhood walkability,Built Environment,medically indicated preterm birth (mPTB),Negative,Reproductive Health,Health Outcome,,37297536,Literature,PubMed,,
neighborhood walkability,Built Environment,spontaneous preterm birth (sPTB),Null,Reproductive Health,Health Outcome,,37297536,Literature,PubMed,,
neighborhood walkability,Built Environment,childhood obesity outcomes,Null,Childhood Obesity,Health Outcome,,36622547,Literature,PubMed,,
neighborhood walkability index,Built Environment,BMI,Negative,Obesity-related Health;Oncology,Health Outcome,,34406654,Literature,PubMed,,
Built Environment and Health Neighborhood Walkability Index (BEH-NWI),Built Environment,death from any cause,Negative,Mortality;Obesity-related diseases;Cardiometabolic diseases;Obesity-related cancers,Health Outcome,,34347687,Literature,PubMed,,
Built Environment and Health Neighborhood Walkability Index (BEH-NWI),Built Environment,obesity-related diseases,Negative,Mortality;Obesity-related diseases;Cardiometabolic diseases;Obesity-related cancers,Health Outcome,,34347687,Literature,PubMed,,
Built Environment and Health Neighborhood Walkability Index (BEH-NWI),Built Environment,obesity-related cancers,Negative,Mortality;Obesity-related diseases;Cardiometabolic diseases;Obesity-related cancers,Health Outcome,,34347687,Literature,PubMed,,
Built Environment and Health Neighborhood Walkability Index (BEH-NWI),Built Environment,cardiometabolic diseases,Null,Mortality;Obesity-related diseases;Cardiometabolic diseases;Obesity-related cancers,Health Outcome,,34347687,Literature,PubMed,,
Built Environment and Health-Neighborhood Walkability Index (BEH-NWI),Built Environment,self-reported walking per week,Positive,Physical Activity;Obesity,Health Outcome,,31214976,Literature,PubMed,,
Built Environment and Health-Neighborhood Walkability Index (BEH-NWI),Built Environment,BMI,Negative,Physical Activity;Obesity,Health Outcome,,31214976,Literature,PubMed,,
Built Environment and Health-Neighborhood Walkability Index (BEH-NWI),Built Environment,accelerometer-measured physical activity,Positive,Physical Activity;Obesity,Health Outcome,,31214976,Literature,PubMed,,
neighborhood walkability,Built Environment,Moderate to vigorous physical activity (MVPA) change,Positive,Physical Activity,Health Outcome,,30135389,Literature,PubMed,,
neighborhood walkability,Built Environment,Walking change,Positive,Physical Activity,Health Outcome,,30135389,Literature,PubMed,,
Objective walkability index,Built Environment,neighborhood walking,Positive,Physical Activity;Mental Health,Health Outcome,,30092314,Literature,PubMed,,
Objective walkability index,Built Environment,meeting physical activity recommendations,Positive,Physical Activity;Mental Health,Health Outcome,,30092314,Literature,PubMed,,
neighborhood walkability,Built Environment,disparities in health care access and outcomes,Null,Diabetes;Health Care Access,Health Outcome,,29717616,Literature,PubMed,,
neighborhood walkability,Built Environment,study retention,Negative,Health Behavior,Health Outcome,,26475680,Literature,PubMed,,
walkability,Other,self-rated physical health,Positive,Global Health,Health Outcome,,24211514,Literature,PubMed,,
walkability,Other,self-rated mental health,Null,Global Health,Health Outcome,,24211514,Literature,PubMed,,
walkability index,Built Environment,Total walking,Positive,Physical Activity,Health Outcome,,23963780,Literature,PubMed,,
walkability index,Built Environment,physical activity,Null,Physical Activity,Health Outcome,,23054541,Literature,PubMed,,
walkability index,Built Environment,meeting physical activity guidelines in men whose recreational physical activity included walking,Positive,Physical Activity,Health Outcome,,23054541,Literature,PubMed,,
walkability index,Built Environment,meeting physical activity guidelines in men whose only recreational physical activity was walking,Positive,Physical Activity,Health Outcome,,23054541,Literature,PubMed,,
walkability,Built Environment,smoking,Negative,Pregnancy Health,Health Outcome,,22551891,Literature,PubMed,,
walkability,Built Environment,pregnancy-induced hypertension (PIH),Negative,Pregnancy Health,Health Outcome,,22551891,Literature,PubMed,,
walkability,Built Environment,inadequate weight gain,Negative,Pregnancy Health,Health Outcome,,22551891,Literature,PubMed,,
walkability score,Built Environment,walking for exercise,Positive,Obesity;Physical Activity,Health Outcome,,17397430,Literature,PubMed,,
walkability score,Built Environment,BMI,Null,Obesity;Physical Activity,Health Outcome,,17397430,Literature,PubMed,,
walkability score,Built Environment,walking for exercise in men,Positive,Obesity;Physical Activity,Health Outcome,,17267713,Literature,PubMed,,
walkability score,Built Environment,walking for exercise in women,Positive,Obesity;Physical Activity,Health Outcome,,17267713,Literature,PubMed,,
walkability score,Built Environment,body mass index in men,Null,Obesity;Physical Activity,Health Outcome,,17267713,Literature,PubMed,,
cadmium,Other,depressive symptoms,Positive,Mental Health,Health Outcome,Whole blood,40032041,Literature,PubMed,,
benzene,Air Quality,cerebral palsy,Positive,Neurological Health,Health Outcome,,39853265,Literature,PubMed,,
toluene,Air Quality,cerebral palsy,Positive,Neurological Health,Health Outcome,,39853265,Literature,PubMed,,
greenness,Other,stroke mortality,Negative,Neurological Health;Cardiovascular Health,Health Outcome,,18452609,Literature,PubMed,,
greenness,Built Environment,Lyme disease exposure risk,Positive,Lyme disease,Health Outcome,,9430528,Literature,PubMed,,
naphthalene,Air Quality,8-Isop,Positive,Oxidative Stress;Inflammation,Health Outcome,Urine,42219792,Literature,PubMed,,
naphthalene,Air Quality,8-OHdG,Positive,Oxidative Stress;Inflammation,Health Outcome,Urine,42219792,Literature,PubMed,,
naphthalene,Air Quality,PGE2,Positive,Oxidative Stress;Inflammation,Health Outcome,Urine,42219792,Literature,PubMed,,
acrolein,Air Quality,biomarkers of oxidative stress and inflammation,Positive,Oxidative Stress;Inflammation,Health Outcome,Urine,42219792,Literature,PubMed,,
PM2.5,Air Quality,gut microbiome,Positive,Childhood Obesity,Health Outcome,stool samples,41979145,Literature,PubMed,,
PM2.5,Air Quality,fecal metabolome,Positive,Childhood Obesity,Health Outcome,stool samples,41979145,Literature,PubMed,,
NO2,Air Quality,gut microbiome,Positive,Childhood Obesity,Health Outcome,stool samples,41979145,Literature,PubMed,,
NO2,Air Quality,fecal metabolome,Positive,Childhood Obesity,Health Outcome,stool samples,41979145,Literature,PubMed,,
O3,Air Quality,gut microbiome,Positive,Childhood Obesity,Health Outcome,stool samples,41979145,Literature,PubMed,,
O3,Air Quality,fecal metabolome,Positive,Childhood Obesity,Health Outcome,stool samples,41979145,Literature,PubMed,,
PM2.5,Air Quality,days spent at home (DAH),Negative,Cardiovascular Health,Health Outcome,,41644421,Literature,PubMed,,
PM2.5,Air Quality,all-cause mortality,Positive,Cardiovascular Health,Health Outcome,,41644421,Literature,PubMed,,
PM2.5 related to wildfire smoke,Air Quality,"prenatal proteome enrichment in proteins involved in inflammation, neurodevelopment, and tissue development",Positive,Behavioral Health,Health Outcome,Blood,41412360,Literature,PubMed,,
black carbon,Air Quality,DNA methylation,Positive,Inflammatory processes;Health Inequities,Health Outcome,frozen blood spots;purified monocytes,41310776,Literature,PubMed,,
PM2.5,Air Quality,differential DNA methylation (DNAm) in maternal peripheral blood mononuclear cells (PBMCs),Positive,Allergic diseases;Respiratory diseases,Health Outcome,maternal peripheral blood mononuclear cells (PBMCs);infant cord blood mononuclear cells (CBMCs),41272803,Literature,PubMed,,
PM2.5,Air Quality,differential DNA methylation (DNAm) in infant cord blood mononuclear cells (CBMCs),Positive,Allergic diseases;Respiratory diseases,Health Outcome,maternal peripheral blood mononuclear cells (PBMCs);infant cord blood mononuclear cells (CBMCs),41272803,Literature,PubMed,,
PM2.5,Air Quality,diabetic ketoacidosis (DKA),Positive,Endocrine and Metabolic Health,Health Outcome,,41183598,Literature,PubMed,,
PM2.5,Air Quality,ophthalmic complications,Positive,Endocrine and Metabolic Health,Health Outcome,,41183598,Literature,PubMed,,
PM2.5,Air Quality,neurological complications,Positive,Endocrine and Metabolic Health,Health Outcome,,41183598,Literature,PubMed,,
PM2.5,Air Quality,kidney complications,Null,Endocrine and Metabolic Health,Health Outcome,,41183598,Literature,PubMed,,
PM2.5,Air Quality,diabetic ketoacidosis (DKA),Positive,Endocrine and Metabolic Health,Health Outcome,,41183598,Literature,PubMed,,
PM2.5,Air Quality,Lewy body dementia (LBD) risk,Positive,Neurological Health,Health Outcome,,40906862,Literature,PubMed,,
PM2.5,Air Quality,brain atrophy,Positive,Neurological Health,Health Outcome,,40906862,Literature,PubMed,,
PM2.5,Air Quality,pathogenic αSyn strain generation,Positive,Neurological Health,Health Outcome,,40906862,Literature,PubMed,,
PM2.5,Air Quality,sperm DNA fragmentation index (DFI),Positive,Reproductive Health,Health Outcome,Semen,40897385,Literature,PubMed,,
PM2.5,Air Quality,early births mediated by cortexolone,Negative,Reproductive Health,Health Outcome,Serum,40440123,Literature,PubMed,,
PM2.5,Air Quality,early births mediated by lysoPE(20:3),Positive,Reproductive Health,Health Outcome,Serum,40440123,Literature,PubMed,,
PM2.5,Air Quality,serum benzo[k]fluoranthene,Positive,Immune Health,Health Outcome,Serum,40381411,Literature,PubMed,,
PM2.5,Air Quality,serum PBDEs,Null,Immune Health,Health Outcome,Serum,40381411,Literature,PubMed,,
PM2.5,Air Quality,serum PCBs,Null,Immune Health,Health Outcome,Serum,40381411,Literature,PubMed,,
PM2.5,Air Quality,other PAHs,Null,Immune Health,Health Outcome,Serum,40381411,Literature,PubMed,,
PM2.5,Air Quality,lipoxygenase (LOX)-derived free oxylipins,Negative,Immune Health,Health Outcome,Serum,40381411,Literature,PubMed,,
PM2.5,Air Quality,LOX-derived oxylipins esterified to circulating lipids,Positive,Immune Health,Health Outcome,Serum,40381411,Literature,PubMed,,
PM2.5 exposure during the grandmaternal pregnancy,Air Quality,ASD risk in the grandchild,Positive,Neurodevelopmental Disorders,Health Outcome,,40378475,Literature,PubMed,,
NO2 exposure during the grandmaternal pregnancy,Air Quality,ASD risk in the grandchild,Positive,Neurodevelopmental Disorders,Health Outcome,,40378475,Literature,PubMed,,
PM2.5 exposure during the grandmaternal pregnancy adjusted for maternal pregnancy exposure,Air Quality,ASD risk in the grandchild,Positive,Neurodevelopmental Disorders,Health Outcome,,40378475,Literature,PubMed,,
High compared to low exposures in both grandmaternal and maternal pregnancies to PM2.5,Air Quality,ASD risk in the grandchild,Positive,Neurodevelopmental Disorders,Health Outcome,,40378475,Literature,PubMed,,
High compared to low exposures in both grandmaternal and maternal pregnancies to NO2,Air Quality,ASD risk in the grandchild,Positive,Neurodevelopmental Disorders,Health Outcome,,40378475,Literature,PubMed,,
PM2.5,Air Quality,tetralogy of Fallot (TOF),Positive,Congenital Heart Defects,Health Outcome,residual newborn blood spots;DNA,40269475,Literature,PubMed,,
O3,Air Quality,tetralogy of Fallot (TOF),Positive,Congenital Heart Defects,Health Outcome,residual newborn blood spots;DNA,40269475,Literature,PubMed,,
PM2.5,Air Quality,CpG loci methylation,Null,Congenital Heart Defects,Health Outcome,residual newborn blood spots;DNA,40269475,Literature,PubMed,,
O3,Air Quality,CpG loci methylation,Null,Congenital Heart Defects,Health Outcome,residual newborn blood spots;DNA,40269475,Literature,PubMed,,
PM2.5,Other,papillary thyroid cancer,Positive,Oncology,Health Outcome,,40209106,Literature,PubMed,,
PM2.5,Other,papillary thyroid cancer in 15-19 y age group,Positive,Oncology,Health Outcome,,40209106,Literature,PubMed,,
PM2.5,Other,papillary thyroid cancer in Hispanic children,Positive,Oncology,Health Outcome,,40209106,Literature,PubMed,,
PM2.5,Air Quality,obstructive CAD,Positive,Cardiovascular Health,Health Outcome,,40107947,Literature,PubMed,,
NO2,Air Quality,obstructive CAD,Positive,Cardiovascular Health,Health Outcome,,40107947,Literature,PubMed,,
O3,Air Quality,obstructive CAD,Null,Cardiovascular Health,Health Outcome,,40107947,Literature,PubMed,,
PM2.5,Air Quality,MACE,Positive,Cardiovascular Health,Health Outcome,,40107947,Literature,PubMed,,
O3,Air Quality,MACE,Positive,Cardiovascular Health,Health Outcome,,40107947,Literature,PubMed,,
PM2.5,Air Quality,MACE mediated by obstructive CAD,Positive,Cardiovascular Health,Health Outcome,,40107947,Literature,PubMed,,
PM2.5,Air Quality,crown-like structures of the breast (CLS-B),Positive,Breast Cancer;Breast adipose inflammation,Health Outcome,Noncancerous breast tissue,40055781,Literature,PubMed,,
PM2.5,Air Quality,CD68-positive adipose macrophages,Positive,Breast Cancer;Breast adipose inflammation,Health Outcome,Noncancerous breast tissue,40055781,Literature,PubMed,,
PM2.5,Other,Crown-like structures of the breast (CLS-B),Positive,Breast Cancer;Inflammation,Health Outcome,Noncancerous breast tissue,39992653,Literature,PubMed,,
PM2.5,Other,Adipose-associated macrophages,Positive,Breast Cancer;Inflammation,Health Outcome,Noncancerous breast tissue,39992653,Literature,PubMed,,
NO2,Air Quality,childhood asthma incidence,Positive,Respiratory Health,Health Outcome,,39865338,Literature,PubMed,,
PM2.5,Air Quality,Horvath's epigenetic age acceleration (HorvathEAA),Negative,Pediatric Health,Health Outcome,Leukocytes,39814684,Literature,PubMed,,
PM2.5,Air Quality,intrinsic epigenetic age acceleration (IEAA),Null,Pediatric Health,Health Outcome,Leukocytes,39814684,Literature,PubMed,,
PM2.5,Air Quality,skin and blood epigenetic age acceleration (Skin&BloodEAA),Null,Pediatric Health,Health Outcome,Leukocytes,39814684,Literature,PubMed,,
lifetime average PM2.5,Air Quality,Horvath's epigenetic age acceleration (HorvathEAA),Null,Pediatric Health,Health Outcome,Leukocytes,39814684,Literature,PubMed,,
NO2,Air Quality,Horvath's epigenetic age acceleration (HorvathEAA),Null,Pediatric Health,Health Outcome,Leukocytes,39814684,Literature,PubMed,,
O3,Air Quality,Horvath's epigenetic age acceleration (HorvathEAA),Null,Pediatric Health,Health Outcome,Leukocytes,39814684,Literature,PubMed,,
air quality,Other,primary open-angle glaucoma (POAG) risk,Null,Ocular Health,Health Outcome,,39663397,Literature,PubMed,,
PM2.5,Air Quality,Bacterial bioaerosol concentration,Positive,Hospital-acquired infections,Health Outcome,,39623045,Literature,PubMed,,
PM2.5,Other,dementia,Positive,Neurological Health,Health Outcome,,39576060,Literature,PubMed,,
O3,Other,dementia,Negative,Neurological Health,Health Outcome,,39576060,Literature,PubMed,,
PM2.5,Air Quality,St. George's Respiratory Questionnaire activity score,Positive,Respiratory Health,Health Outcome,,39531618,Literature,PubMed,NCT01915511,https://clinicaltrials.gov/
PM2.5,Air Quality,EuroQoL scores,Negative,Respiratory Health,Health Outcome,,39531618,Literature,PubMed,NCT01915511,https://clinicaltrials.gov/
PM2.5,Air Quality,FVC percent predicted,Negative,Respiratory Health,Health Outcome,,39531618,Literature,PubMed,NCT01915511,https://clinicaltrials.gov/
PM2.5,Air Quality,diffusing capacity of the lung for carbon monoxide percent predicted,Negative,Respiratory Health,Health Outcome,,39531618,Literature,PubMed,NCT01915511,https://clinicaltrials.gov/
O3,Air Quality,FVC percent predicted,Positive,Respiratory Health,Health Outcome,,39531618,Literature,PubMed,NCT01915511,https://clinicaltrials.gov/
NO2,Air Quality,enrollment measures,Null,Respiratory Health,Health Outcome,,39531618,Literature,PubMed,NCT01915511,https://clinicaltrials.gov/
PM2.5,Air Quality,1-year outcomes,Null,Respiratory Health,Health Outcome,,39531618,Literature,PubMed,NCT01915511,https://clinicaltrials.gov/
NO2,Air Quality,1-year outcomes,Null,Respiratory Health,Health Outcome,,39531618,Literature,PubMed,NCT01915511,https://clinicaltrials.gov/
O3,Air Quality,1-year outcomes,Null,Respiratory Health,Health Outcome,,39531618,Literature,PubMed,NCT01915511,https://clinicaltrials.gov/
8hrMax-O3,Air Quality,HFF,Positive,Liver Disease,Health Outcome,,39454357,Literature,PubMed,,
8hrMax-O3,Air Quality,liver stiffness,Positive,Liver Disease,Health Outcome,,39454357,Literature,PubMed,,
PM2.5,Air Quality,Ovarian cancer incidence,Positive,Oncology,Health Outcome,,39352804,Literature,PubMed,,
NO2,Air Quality,Ovarian cancer incidence,Positive,Oncology,Health Outcome,,39352804,Literature,PubMed,,
O3,Air Quality,Ovarian cancer incidence,Null,Oncology,Health Outcome,,39352804,Literature,PubMed,,
PM2.5,Air Quality,Serous ovarian cancer,Positive,Oncology,Health Outcome,,39352804,Literature,PubMed,,
NO2,Air Quality,Serous ovarian cancer,Positive,Oncology,Health Outcome,,39352804,Literature,PubMed,,
benzene,Air Quality,breast cancer (1 km),Positive,Oncology,Health Outcome,,39226766,Literature,PubMed,,
benzene,Air Quality,breast cancer (2 km),Null,Oncology,Health Outcome,,39226766,Literature,PubMed,,
benzene,Air Quality,breast cancer (5 km),Null,Oncology,Health Outcome,,39226766,Literature,PubMed,,
benzene,Air Quality,breast cancer (10 km),Null,Oncology,Health Outcome,,39226766,Literature,PubMed,,
vinyl chloride,Air Quality,breast cancer (5 km),Positive,Oncology,Health Outcome,,39226766,Literature,PubMed,,
ambient temperature,Weather,acute lymphoblastic leukaemia,Positive,Oncology;Pediatric Health,Health Outcome,,38969477,Literature,PubMed,,
ambient temperature,Weather,acute lymphoblastic leukaemia in Latino children,Positive,Oncology;Pediatric Health,Health Outcome,,38969477,Literature,PubMed,,
ambient temperature,Weather,acute lymphoblastic leukaemia in non-Latino White children,Positive,Oncology;Pediatric Health,Health Outcome,,38969477,Literature,PubMed,,
PM2.5,Air Quality,liver cancer,Positive,Oncology;Hepatic Health,Health Outcome,,38636274,Literature,PubMed,,
PM2.5,Air Quality,hepatocellular carcinoma (HCC),Positive,Oncology;Hepatic Health,Health Outcome,,38636274,Literature,PubMed,,
PM2.5,Air Quality,SCD hospital encounters in all patients and adults,Null,Hematological Health,Health Outcome,,38583660,Literature,PubMed,,
O3,Air Quality,SCD hospital encounters in all patients and adults,Null,Hematological Health,Health Outcome,,38583660,Literature,PubMed,,
PM2.5 elemental carbon,Air Quality,SCD hospital encounters in all patients and adults,Null,Hematological Health,Health Outcome,,38583660,Literature,PubMed,,
PM2.5 elemental carbon,Air Quality,SCD hospital encounters in children (9-day),Positive,Hematological Health,Health Outcome,,38583660,Literature,PubMed,,
PM2.5 elemental carbon,Air Quality,SCD hospital encounters in children (14-day),Positive,Hematological Health,Health Outcome,,38583660,Literature,PubMed,,
O3,Air Quality,SCD hospital encounters in children (9-day),Positive,Hematological Health,Health Outcome,,38583660,Literature,PubMed,,
O3,Air Quality,SCD hospital encounters in children (14-day),Positive,Hematological Health,Health Outcome,,38583660,Literature,PubMed,,
PM2.5,Air Quality,interstitial lung abnormalities (ILA),Null,Respiratory Health,Health Outcome,,38568439,Literature,PubMed,,
PM2.5,Air Quality,percent high-attenuation areas (HAA),Null,Respiratory Health,Health Outcome,,38568439,Literature,PubMed,,
NO2,Air Quality,interstitial lung abnormalities (ILA),Null,Respiratory Health,Health Outcome,,38568439,Literature,PubMed,,
NO2,Air Quality,percent high-attenuation areas (HAA),Null,Respiratory Health,Health Outcome,,38568439,Literature,PubMed,,
O3,Air Quality,interstitial lung abnormalities (ILA),Null,Respiratory Health,Health Outcome,,38568439,Literature,PubMed,,
O3,Air Quality,percent high-attenuation areas (HAA),Null,Respiratory Health,Health Outcome,,38568439,Literature,PubMed,,
PM2.5,Air Quality,interstitial lung abnormalities (ILA) in MUC5B variant carriers,Positive,Respiratory Health,Health Outcome,,38568439,Literature,PubMed,,
NO2,Air Quality,interstitial lung abnormalities (ILA) in former smokers,Positive,Respiratory Health,Health Outcome,,38568439,Literature,PubMed,,
ambient PM2.5,Air Quality,Aβ42 CSF concentrations,Negative,Neurological Health,Health Outcome,cerebrospinal fluid,38567968,Literature,PubMed,,
ambient PM2.5,Air Quality,Aβ42 CSF concentrations,Negative,Neurological Health,Health Outcome,cerebrospinal fluid,38567968,Literature,PubMed,,
ambient PM2.5,Air Quality,Aβ42 CSF concentrations,Null,Neurological Health,Health Outcome,cerebrospinal fluid,38567968,Literature,PubMed,,
traffic-related PM2.5,Air Quality,Aβ42 CSF concentrations,Null,Neurological Health,Health Outcome,cerebrospinal fluid,38567968,Literature,PubMed,,
ambient PM2.5,Air Quality,tTau CSF concentrations,Null,Neurological Health,Health Outcome,cerebrospinal fluid,38567968,Literature,PubMed,,
ambient PM2.5,Air Quality,pTau CSF concentrations,Null,Neurological Health,Health Outcome,cerebrospinal fluid,38567968,Literature,PubMed,,
ambient PM2.5,Air Quality,tTau/Aβ42 levels,Null,Neurological Health,Health Outcome,cerebrospinal fluid,38567968,Literature,PubMed,,
ambient PM2.5,Air Quality,pTau/Aβ42 levels,Null,Neurological Health,Health Outcome,cerebrospinal fluid,38567968,Literature,PubMed,,
NO2,Air Quality,uterine cancer incidence,Positive,Uterine Cancer;Oncology,Health Outcome,,38346713,Literature,PubMed,,
PM2.5,Air Quality,uterine cancer incidence,Null,Uterine Cancer;Oncology,Health Outcome,,38346713,Literature,PubMed,,
PM2.5,Air Quality,breast cancer,Positive,Oncology,Health Outcome,,38145439,Literature,PubMed,,
PM2.5,Air Quality,endometrial cancer,Positive,Oncology,Health Outcome,,38145439,Literature,PubMed,,
PM2.5,Air Quality,ovarian cancer,Positive,Oncology,Health Outcome,,38145439,Literature,PubMed,,
PM2.5,Air Quality,blood cancer,Positive,Oncology,Health Outcome,,38145439,Literature,PubMed,,
PM2.5,Air Quality,bone cancer,Positive,Oncology,Health Outcome,,38145439,Literature,PubMed,,
PM2.5,Air Quality,brain cancer,Positive,Oncology,Health Outcome,,38145439,Literature,PubMed,,
PM2.5,Air Quality,colon and rectum cancer,Positive,Oncology,Health Outcome,,38145439,Literature,PubMed,,
PM2.5,Air Quality,endocrine system cancer,Positive,Oncology,Health Outcome,,38145439,Literature,PubMed,,
PM2.5,Air Quality,lung cancer,Positive,Oncology,Health Outcome,,38145439,Literature,PubMed,,
PM2.5,Air Quality,pancreatic cancer,Positive,Oncology,Health Outcome,,38145439,Literature,PubMed,,
PM2.5,Air Quality,prostate cancer,Positive,Oncology,Health Outcome,,38145439,Literature,PubMed,,
PM2.5,Air Quality,thyroid cancer,Positive,Oncology,Health Outcome,,38145439,Literature,PubMed,,
"acetaldehyde, benzene, 1,3-butadiene, and formaldehyde",Air Quality,cancer risks,Negative,Cancer;Respiratory Health;Neurological Health,Health Outcome,,38066330,Literature,PubMed,,
naphthalene,Air Quality,cancer risks,Negative,Cancer;Respiratory Health;Neurological Health,Health Outcome,,38066330,Literature,PubMed,,
acrolein,Air Quality,respiratory toxicity,Positive,Cancer;Respiratory Health;Neurological Health,Health Outcome,,38066330,Literature,PubMed,,
NO2,Air Quality,CD-related death rate,Null,Gastrointestinal Health,Health Outcome,,37934758,Literature,PubMed,,
PM2.5,Air Quality,CD-related death rate,Null,Gastrointestinal Health,Health Outcome,,37934758,Literature,PubMed,,
PM2.5,Air Quality,DPoAm aging,Positive,Aging,Health Outcome,,37405974,Literature,PubMed,,
O3,Air Quality,hypertension,Positive,Cardiometabolic Health,Health Outcome,,37267730,Literature,PubMed,,
O3,Air Quality,obesity,Positive,Cardiometabolic Health,Health Outcome,,37267730,Literature,PubMed,,
O3,Air Quality,diabetes,Positive,Cardiometabolic Health,Health Outcome,,37267730,Literature,PubMed,,
O3,Air Quality,metabolic syndrome,Positive,Cardiometabolic Health,Health Outcome,,37267730,Literature,PubMed,,
PM2.5,Air Quality,hypertension,Positive,Cardiometabolic Health,Health Outcome,,37267730,Literature,PubMed,,
air quality index,Air Quality,asthma exacerbations,Positive,Respiratory Health,Health Outcome,nasal samples,36608946,Literature,PubMed,,
air quality index,Air Quality,pulmonary function,Negative,Respiratory Health,Health Outcome,nasal samples,36608946,Literature,PubMed,,
PM2.5,Air Quality,epithelial induction of tissue kallikreins,Positive,Respiratory Health,Health Outcome,nasal samples,36608946,Literature,PubMed,,
PM2.5,Air Quality,mucus hypersecretion,Positive,Respiratory Health,Health Outcome,nasal samples,36608946,Literature,PubMed,,
PM2.5,Air Quality,barrier functions,Positive,Respiratory Health,Health Outcome,nasal samples,36608946,Literature,PubMed,,
O3,Air Quality,type-2 inflammation,Positive,Respiratory Health,Health Outcome,nasal samples,36608946,Literature,PubMed,,
PM2.5,Air Quality,incident all-cause dementia,Positive,Neurological Health,Health Outcome,,36574646,Literature,PubMed,,
PM2.5,Air Quality,Alzheimer's disease,Positive,Neurological Health,Health Outcome,,36574646,Literature,PubMed,,
black carbon,Air Quality,incident all-cause dementia,Positive,Neurological Health,Health Outcome,,36574646,Literature,PubMed,,
black carbon,Air Quality,Alzheimer's disease,Positive,Neurological Health,Health Outcome,,36574646,Literature,PubMed,,
NO2,Air Quality,TP53 mutation,Positive,Oncology,Health Outcome,,36078743,Literature,PubMed,,
PM2.5,Air Quality,TP53 mutation,Positive,Oncology,Health Outcome,,36078743,Literature,PubMed,,
PM2.5,Air Quality,TP53 mutation,Positive,Oncology,Health Outcome,,36078743,Literature,PubMed,,
PM2.5,Air Quality,asthma risk in CFTR carriers,Null,Respiratory Health,Health Outcome,,35933722,Literature,PubMed,,
O3,Air Quality,infant adiposity at 5 months of age,Positive,Cardiometabolic Health;Immune Function and Inflammation;Neurological Health,Health Outcome,Umbilical cord blood,35835166,Literature,PubMed,,
O3,Air Quality,5-month adiposity mediated by locus-specific methylation changes,Null,Cardiometabolic Health;Immune Function and Inflammation;Neurological Health,Health Outcome,Umbilical cord blood,35835166,Literature,PubMed,,
PM2.5,Air Quality,DNA methylation (DMRs),Positive,Cardiometabolic Health;Immune Function and Inflammation;Neurological Health,Health Outcome,Umbilical cord blood,35835166,Literature,PubMed,,
PM2.5,Air Quality,standard deviation of the normal-to-normal intervals,Negative,Cardiovascular Health,Health Outcome,Blood,35780850,Literature,PubMed,,
PM2.5,Air Quality,root-mean squared of successive differences,Negative,Cardiovascular Health,Health Outcome,Blood,35780850,Literature,PubMed,,
PM2.5,Air Quality,P complexity,Positive,Cardiovascular Health,Health Outcome,Blood,35780850,Literature,PubMed,,
PM2.5,Air Quality,QRS complexity,Positive,Cardiovascular Health,Health Outcome,Blood,35780850,Literature,PubMed,,
PM2.5,Air Quality,total cholesterol,Negative,Cardiovascular Health,Health Outcome,Blood,35780850,Literature,PubMed,,
PM2.5,Air Quality,high-density lipoprotein cholesterol,Negative,Cardiovascular Health,Health Outcome,Blood,35780850,Literature,PubMed,,
PM2.5,Air Quality,circulating miRNAs,Positive,Cardiovascular Health,Health Outcome,Blood;Serum,35576800,Literature,PubMed,,
O3,Air Quality,circulating miRNAs,Positive,Cardiovascular Health,Health Outcome,Blood;Serum,35576800,Literature,PubMed,,
NO2,Air Quality,circulating miRNAs,Positive,Cardiovascular Health,Health Outcome,Blood;Serum,35576800,Literature,PubMed,,
PM2.5,Air Quality,C-reactive protein,Positive,Cardiovascular Health,Health Outcome,Blood;Serum,35576800,Literature,PubMed,,
NO2,Air Quality,C-reactive protein,Positive,Cardiovascular Health,Health Outcome,Blood;Serum,35576800,Literature,PubMed,,
NO2,Air Quality,C-reactive protein,Positive,Cardiovascular Health,Health Outcome,Blood;Serum,35576800,Literature,PubMed,,
NO2,Air Quality,C-reactive protein,Positive,Cardiovascular Health,Health Outcome,Blood;Serum,35576800,Literature,PubMed,,
PM2.5,Air Quality,chronic kidney disease,Positive,Kidney Disease,Health Outcome,,35174736,Literature,PubMed,,
PM2.5,Air Quality,membranous nephropathy,Positive,Kidney Disease,Health Outcome,,35174736,Literature,PubMed,,
NO2,Air Quality,breast cancer among those with BOADICEA score >90th percentile,Positive,Breast Cancer,Health Outcome,,34906967,Literature,PubMed,,
NO2,Air Quality,breast cancer among those with BOADICEA score <=90th percentile,Null,Breast Cancer,Health Outcome,,34906967,Literature,PubMed,,
PM2.5,Air Quality,breast cancer,Null,Breast Cancer,Health Outcome,,34906967,Literature,PubMed,,
PM2.5,Air Quality,incident dementia,Positive,Neurological Health,Health Outcome,,34799599,Literature,PubMed,,
NO2,Air Quality,incident dementia,Positive,Neurological Health,Health Outcome,,34799599,Literature,PubMed,,
O3,Air Quality,incident dementia,Negative,Neurological Health,Health Outcome,,34799599,Literature,PubMed,,
PM2.5,Air Quality,incident AD,Positive,Neurological Health,Health Outcome,,34799599,Literature,PubMed,,
NO2,Air Quality,incident AD,Positive,Neurological Health,Health Outcome,,34799599,Literature,PubMed,,
O3,Air Quality,incident AD,Negative,Neurological Health,Health Outcome,,34799599,Literature,PubMed,,
black carbon,Air Quality,viral related gene pathways,Positive,Respiratory Health,Health Outcome,Peripheral blood,34593881,Literature,PubMed,,
black carbon,Air Quality,pathways related to antigen presentation,Negative,Respiratory Health,Health Outcome,Peripheral blood,34593881,Literature,PubMed,,
PM2.5,Air Quality,Presence of SARS-CoV-2 genome,Positive,Infectious Disease,Health Outcome,,34482469,Literature,PubMed,,
PM2.5,Air Quality,SARS-CoV-2 test positivity rate,Positive,Infectious Disease;COVID-19,Health Outcome,,34257389,Literature,PubMed,,
PM2.5,Air Quality,number of COVID-19 cases,Positive,Infectious Disease;COVID-19,Health Outcome,,34257389,Literature,PubMed,,
PM2.5,Air Quality,somatic TP53 mutation status,Positive,Oncology,Health Outcome,,34088750,Literature,PubMed,,
PM2.5,Air Quality,minority population percentage,Positive,Oncology,Health Outcome,,34088750,Literature,PubMed,,
PM2.5,Air Quality,infant birthweight,Negative,Fetal Growth;Cardiometabolic Health,Health Outcome,Placenta,34015297,Literature,PubMed,,
PM2.5,Air Quality,placental coexpression modules,Negative,Fetal Growth;Cardiometabolic Health,Health Outcome,Placenta,34015297,Literature,PubMed,,
PM2.5,Air Quality,SARS-CoV-2 RNA,Null,Infectious Disease,Health Outcome,Quartz fiber filters,33609549,Literature,PubMed,,
PM2.5,Air Quality,IL-4 CpG24 methylation,Positive,Cardiovascular Health;Immunological Health,Health Outcome,,33603036,Literature,PubMed,,
PM2.5,Air Quality,Th1 cells,Negative,Cardiovascular Health;Immunological Health,Health Outcome,,33603036,Literature,PubMed,,
NO2,Air Quality,B cells,Negative,Cardiovascular Health;Immunological Health,Health Outcome,,33603036,Literature,PubMed,,
NO2,Air Quality,CD4+ cells,Positive,Cardiovascular Health;Immunological Health,Health Outcome,,33603036,Literature,PubMed,,
CO,Air Quality,diastolic BP (DBP),Negative,Cardiovascular Health;Immunological Health,Health Outcome,,33603036,Literature,PubMed,,
NO2,Air Quality,systolic pressure,Positive,Cardiovascular Health;Immunological Health,Health Outcome,,33603036,Literature,PubMed,,
NO2,Air Quality,pulse pressure,Positive,Cardiovascular Health;Immunological Health,Health Outcome,,33603036,Literature,PubMed,,
PM2.5,Air Quality,colorectal cancer,Positive,Cancer,Health Outcome,,33338681,Literature,PubMed,,
gasoline source apportioned PM2.5,Air Quality,cardiovascular sensitivity,Positive,Cardiovascular Health,Health Outcome,,33289704,Literature,PubMed,,
diesel source apportioned PM2.5,Air Quality,cardiovascular sensitivity,Positive,Cardiovascular Health,Health Outcome,,33289704,Literature,PubMed,,
PM2.5,Air Quality,SDNN,Negative,Cardiovascular Health,Health Outcome,Blood,24083379,Literature,PubMed,,
PM2.5,Air Quality,rMSSD,Negative,Cardiovascular Health,Health Outcome,Blood,24083379,Literature,PubMed,,
PM2.5,Air Quality,LF,Negative,Cardiovascular Health,Health Outcome,Blood,24083379,Literature,PubMed,,
PM2.5,Air Quality,HF,Negative,Cardiovascular Health,Health Outcome,Blood,24083379,Literature,PubMed,,
PM2.5,Air Quality,White blood cell count (WBC),Positive,Cardiovascular Health,Health Outcome,Blood,24083379,Literature,PubMed,,
PM2.5,Air Quality,C-reactive protein,Positive,Cardiovascular Health,Health Outcome,Blood,24083379,Literature,PubMed,,
PM2.5,Air Quality,family income,Negative,Socioeconomic Status,Health Outcome,,24076625,Literature,PubMed,,
PM2.5,Air Quality,neighborhood's percentage of persons with at least a high school degree,Negative,Socioeconomic Status,Health Outcome,,24076625,Literature,PubMed,,
PM2.5,Air Quality,incident ischemic heart disease (IHD),Positive,Cardiovascular Health,Health Outcome,,23982120,Literature,PubMed,,
PM2.5,Air Quality,incident ischemic heart disease (IHD),Positive,Cardiovascular Health,Health Outcome,,23982120,Literature,PubMed,,
PM2.5,Air Quality,most birth defects,Null,Birth Defects,Health Outcome,,23897551,Literature,PubMed,,
O3,Air Quality,most birth defects,Null,Birth Defects,Health Outcome,,23897551,Literature,PubMed,,
PM2.5 and O3,Air Quality,microtia/anotia,Positive,Birth Defects,Health Outcome,,23897551,Literature,PubMed,,
PM2.5 and O3,Air Quality,lower limb deficiency defects,Positive,Birth Defects,Health Outcome,,23897551,Literature,PubMed,,
black carbon,Air Quality,CIMT,Positive,Cardiovascular Health,Health Outcome,,23820848,Literature,PubMed,,
PM2.5,Air Quality,ischemic heart disease mortality,Positive,Cardiovascular Health;Oncology;Mortality,Health Outcome,,23805824,Literature,PubMed,,
O3,Air Quality,ischemic heart disease mortality,Positive,Cardiovascular Health;Oncology;Mortality,Health Outcome,,23805824,Literature,PubMed,,
NO2,Air Quality,ischemic heart disease mortality,Positive,Cardiovascular Health;Oncology;Mortality,Health Outcome,,23805824,Literature,PubMed,,
NO2,Air Quality,mortality from all causes combined,Positive,Cardiovascular Health;Oncology;Mortality,Health Outcome,,23805824,Literature,PubMed,,
PM2.5,Air Quality,mortality from all causes combined,Positive,Cardiovascular Health;Oncology;Mortality,Health Outcome,,23805824,Literature,PubMed,,
NO2,Air Quality,lung cancer mortality,Positive,Cardiovascular Health;Oncology;Mortality,Health Outcome,,23805824,Literature,PubMed,,
short-term PM2.5 exposure,Air Quality,PM-related mortality,Positive,Cardiovascular Health;Respiratory Health,Health Outcome,,23676266,Literature,PubMed,,
long-term PM2.5 exposure,Air Quality,proportion of deaths from PM-related causes (cardiovascular and respiratory diseases),Positive,Cardiovascular Health;Respiratory Health,Health Outcome,,23676266,Literature,PubMed,,
local PM2.5,Air Quality,proportion of deaths from PM-related causes (cardiovascular and respiratory diseases),Positive,Cardiovascular Health;Respiratory Health,Health Outcome,,23676266,Literature,PubMed,,
black carbon,Air Quality,commission errors,Positive,Neurological Health,Health Outcome,Blood,23665743,Literature,PubMed,,
black carbon,Air Quality,hit reaction time (HRT),Positive,Neurological Health,Health Outcome,Blood,23665743,Literature,PubMed,,
PM2.5,Air Quality,right common carotid intima-media thickness [CIMT],Positive,Cardiovascular Health,Health Outcome,,23641873,Literature,PubMed,,
PM2.5,Air Quality,coronary artery calcium [CAC],Null,Cardiovascular Health,Health Outcome,,23641873,Literature,PubMed,,
O3,Air Quality,low birth weight,Positive,Birth Outcomes,Health Outcome,,23413962,Literature,PubMed,,
NO2,Air Quality,low birth weight,Negative,Birth Outcomes,Health Outcome,,23413962,Literature,PubMed,,
O3,Air Quality,birth weight,Negative,Birth Outcomes,Health Outcome,,23413962,Literature,PubMed,,
O3,Air Quality,birth weight,Positive,Birth Outcomes,Health Outcome,,23413962,Literature,PubMed,,
PM2.5,Air Quality,rheumatoid arthritis (RA),Null,Rheumatologic Health,Health Outcome,,23401426,Literature,PubMed,,
NO2,Air Quality,rheumatoid arthritis (RA),Null,Rheumatologic Health,Health Outcome,,23401426,Literature,PubMed,,
PM2.5,Air Quality,respiratory symptoms,Positive,Respiratory Health,Health Outcome,,23273373,Literature,PubMed,,
O3 (8HrPeak),Air Quality,respiratory symptoms,Positive,Respiratory Health,Health Outcome,,23273373,Literature,PubMed,,
O3 (1HrPeak),Air Quality,respiratory symptoms,Positive,Respiratory Health,Health Outcome,,23273373,Literature,PubMed,,
PM2.5,Air Quality,flow-mediated dilation (FMD),Negative,Cardiovascular Health,Health Outcome,,23103035,Literature,PubMed,,
PM2.5,Air Quality,flow-mediated dilation (FMD),Null,Cardiovascular Health,Health Outcome,,23103035,Literature,PubMed,,
O3,Air Quality,systolic blood pressure,Positive,Cardiovascular Health,Health Outcome,,22835955,Literature,PubMed,,
O3,Air Quality,diastolic blood pressure,Null,Cardiovascular Health,Health Outcome,,22835955,Literature,PubMed,,
NO2,Air Quality,stillbirth,Positive,Reproductive Health,Health Outcome,,22811493,Literature,PubMed,,
CO,Air Quality,stillbirth,Positive,Reproductive Health,Health Outcome,,22811493,Literature,PubMed,,
CO,Air Quality,stillbirth,Positive,Reproductive Health,Health Outcome,,22811493,Literature,PubMed,,
PM2.5,Air Quality,new wheeze,Positive,Asthma and Allergy,Health Outcome,Serum,22572116,Literature,PubMed,,
PM2.5,Air Quality,IgE levels,Null,Asthma and Allergy,Health Outcome,Serum,22572116,Literature,PubMed,,
PM2.5,Air Quality,preeclampsia,Positive,Pregnancy Complications;Adverse Birth Outcomes,Health Outcome,,22544506,Literature,PubMed,,
O3,Air Quality,preeclampsia,Positive,Pregnancy Complications;Adverse Birth Outcomes,Health Outcome,,22544506,Literature,PubMed,,
PM2.5,Air Quality,gestational hypertension,Positive,Pregnancy Complications;Adverse Birth Outcomes,Health Outcome,,22544506,Literature,PubMed,,
O3,Air Quality,gestational hypertension,Positive,Pregnancy Complications;Adverse Birth Outcomes,Health Outcome,,22544506,Literature,PubMed,,
PM2.5,Air Quality,preterm birth,Positive,Pregnancy Complications;Adverse Birth Outcomes,Health Outcome,,22544506,Literature,PubMed,,
O3,Air Quality,preterm birth,Positive,Pregnancy Complications;Adverse Birth Outcomes,Health Outcome,,22544506,Literature,PubMed,,
black carbon,Air Quality,systolic blood pressure,Positive,Cardiovascular Health,Health Outcome,,22383587,Literature,PubMed,,
black carbon,Air Quality,diastolic blood pressure,Positive,Cardiovascular Health,Health Outcome,,22383587,Literature,PubMed,,
PM2.5,Air Quality,hypertension,Null,Cardiovascular Health;Metabolic Health,Health Outcome,,22219348,Literature,PubMed,,
PM2.5,Air Quality,diabetes mellitus,Null,Cardiovascular Health;Metabolic Health,Health Outcome,,22219348,Literature,PubMed,,
PM2.5,Other,systolic BP (SBP),Positive,Cardiovascular Health,Health Outcome,,22020729,Literature,PubMed,,
black carbon,Other,systolic BP (SBP),Positive,Cardiovascular Health,Health Outcome,,22020729,Literature,PubMed,,
O3,Other,systolic BP (SBP),Negative,Cardiovascular Health,Health Outcome,,22020729,Literature,PubMed,,
ambient temperature,Other,systolic BP (SBP),Negative,Cardiovascular Health,Health Outcome,,22020729,Literature,PubMed,,
walkability,Other,proportion of physically active individuals,Positive,Cardiovascular Health,Health Outcome,,22004949,Literature,PubMed,,
walkability,Other,IHD mortality attributable to physical inactivity,Negative,Cardiovascular Health,Health Outcome,,22004949,Literature,PubMed,,
walkability,Other,IHD mortality from PM2.5,Positive,Cardiovascular Health,Health Outcome,,22004949,Literature,PubMed,,
walkability,Other,IHD mortality from O3,Negative,Cardiovascular Health,Health Outcome,,22004949,Literature,PubMed,,
benzene,Air Quality,preterm birth,Positive,Reproductive Health,Health Outcome,,21981989,Literature,PubMed,,
diesel PM2.5,Air Quality,preterm birth,Positive,Reproductive Health,Health Outcome,,21981989,Literature,PubMed,,
biomass burning PM2.5,Air Quality,preterm birth,Positive,Reproductive Health,Health Outcome,,21981989,Literature,PubMed,,
ammonium nitrate PM2.5,Air Quality,preterm birth,Positive,Reproductive Health,Health Outcome,,21981989,Literature,PubMed,,
PM2.5,Air Quality,lung cancer mortality,Positive,Oncology;Respiratory Health,Health Outcome,,21980033,Literature,PubMed,,
black carbon,Air Quality,FeNO,Positive,Respiratory Health,Health Outcome,Exhaled breath,21896396,Literature,PubMed,,
NO2,Air Quality,FeNO,Positive,Respiratory Health,Health Outcome,Exhaled breath,21896396,Literature,PubMed,,
black carbon,Air Quality,respiratory symptoms,Null,Respiratory Health,Health Outcome,Exhaled breath,21896396,Literature,PubMed,,
NO2,Air Quality,respiratory symptoms,Null,Respiratory Health,Health Outcome,Exhaled breath,21896396,Literature,PubMed,,
O3,Air Quality,death from CHD,Positive,Cardiovascular Health,Health Outcome,,21778006,Literature,PubMed,,
O3,Air Quality,natural-cause mortality,Null,Cardiovascular Health,Health Outcome,,21778006,Literature,PubMed,,
PM2.5,Air Quality,lung cancer mortality,Positive,Cancer;Cardiovascular Health,Health Outcome,,21768054,Literature,PubMed,,
PM2.5,Air Quality,cardiovascular disease mortality,Positive,Cancer;Cardiovascular Health,Health Outcome,,21768054,Literature,PubMed,,
NO2,Air Quality,BAD,Positive,Cardiovascular Health,Health Outcome,,21711166,Literature,PubMed,,
NO2,Air Quality,FMD,Positive,Cardiovascular Health,Health Outcome,,21711166,Literature,PubMed,,
PM2.5,Air Quality,ischemic heart disease (IHD) mortality,Positive,Cardiovascular Health;Cardiorespiratory Health,Health Outcome,,21700913,Literature,PubMed,,
PM2.5,Air Quality,incident stroke,Positive,Cardiovascular Health;Cardiorespiratory Health,Health Outcome,,21700913,Literature,PubMed,,
PM2.5,Air Quality,fractional exhaled nitric oxide (FE(NO)) concentrations,Positive,Respiratory Health,Health Outcome,breath,21667259,Literature,PubMed,,
O3,Air Quality,fractional exhaled nitric oxide (FE(NO)) concentrations,Positive,Respiratory Health,Health Outcome,breath,21667259,Literature,PubMed,,
CO,Air Quality,breast cancer incidence,Positive,Oncology,Health Outcome,,21644128,Literature,PubMed,,
PM2.5,Air Quality,mortality,Positive,Public Health;Mortality,Health Outcome,,21627672,Literature,PubMed,,
O3,Air Quality,mortality,Positive,Public Health;Mortality,Health Outcome,,21627672,Literature,PubMed,,
PM2.5,Air Quality,asthma symptoms,Positive,Respiratory Health,Health Outcome,,21457879,Literature,PubMed,,
PM2.5,Air Quality,rescue medication use,Positive,Respiratory Health,Health Outcome,,21457879,Literature,PubMed,,
CO,Air Quality,preeclampsia,Positive,Reproductive Health,Health Outcome,,21453913,Literature,PubMed,,
CO,Air Quality,preterm birth,Positive,Reproductive Health,Health Outcome,,21453913,Literature,PubMed,,
CO,Air Quality,very preterm birth,Positive,Reproductive Health,Health Outcome,,21453913,Literature,PubMed,,
NO2,Air Quality,preeclampsia,Positive,Reproductive Health,Health Outcome,,21453913,Literature,PubMed,,
NO2,Air Quality,preterm birth,Positive,Reproductive Health,Health Outcome,,21453913,Literature,PubMed,,
NO2,Air Quality,very preterm birth,Positive,Reproductive Health,Health Outcome,,21453913,Literature,PubMed,,
ambient temperature,Weather,heart rate variability,Negative,Cardiovascular Health,Health Outcome,,21385834,Literature,PubMed,,
CO,Air Quality,preeclampsia (adjusted for maternal characteristics and season of conception),Positive,Pregnancy Outcomes,Health Outcome,,21262595,Literature,PubMed,,
CO,Air Quality,preeclampsia (further adjusted for year of conception),Null,Pregnancy Outcomes,Health Outcome,,21262595,Literature,PubMed,,
PM2.5,Air Quality,preeclampsia,Null,Pregnancy Outcomes,Health Outcome,,21262595,Literature,PubMed,,
CO,Air Quality,preterm birth,Null,Pregnancy Outcomes,Health Outcome,,21262595,Literature,PubMed,,
PM2.5,Air Quality,preterm birth,Null,Pregnancy Outcomes,Health Outcome,,21262595,Literature,PubMed,,
PM2.5,Air Quality,Young's modulus (YM),Null,Cardiovascular Health,Health Outcome,,21245016,Literature,PubMed,,
PM2.5,Air Quality,large artery vessel compliance (C1),Null,Cardiovascular Health,Health Outcome,,21245016,Literature,PubMed,,
PM2.5,Air Quality,small artery vessel compliance (C2),Null,Cardiovascular Health,Health Outcome,,21245016,Literature,PubMed,,
PM2.5,Air Quality,incident type 2 diabetes,Null,Metabolic Health,Health Outcome,,21118784,Literature,PubMed,,
PM2.5,Air Quality,exhaled nitric oxide fraction (F(eNO)),Positive,Respiratory Health,Health Outcome,Exhaled breath,20947676,Literature,PubMed,,
O3,Air Quality,exhaled nitric oxide fraction (F(eNO)),Positive,Respiratory Health,Health Outcome,Exhaled breath,20947676,Literature,PubMed,,
ambient temperature,Weather,C-reactive protein,Negative,Cardiovascular Health,Health Outcome,Blood,20653951,Literature,PubMed,,
ambient temperature,Weather,soluble Intercellular Adhesion Molecule-1,Negative,Cardiovascular Health,Health Outcome,Blood,20653951,Literature,PubMed,,
ambient temperature,Weather,soluble Vascular Cell Adhesion Molecule-1,Negative,Cardiovascular Health,Health Outcome,Blood,20653951,Literature,PubMed,,
ambient temperature,Weather,white blood cell count,Null,Cardiovascular Health,Health Outcome,Blood,20653951,Literature,PubMed,,
ambient temperature,Weather,tumor necrosis factor alpha,Null,Cardiovascular Health,Health Outcome,Blood,20653951,Literature,PubMed,,
ambient temperature,Weather,interleukin-1beta,Null,Cardiovascular Health,Health Outcome,Blood,20653951,Literature,PubMed,,
ambient temperature,Weather,interleukin-6,Null,Cardiovascular Health,Health Outcome,Blood,20653951,Literature,PubMed,,
ambient temperature,Weather,interleukin-8,Null,Cardiovascular Health,Health Outcome,Blood,20653951,Literature,PubMed,,
NO2,Air Quality,wheeze,Positive,Respiratory Health,Health Outcome,,20570778,Literature,PubMed,,
temperature,Air Quality,respiratory disturbance index (RDI),Positive,Sleep Health;Cardiovascular Health,Health Outcome,,20508218,Literature,PubMed,,
ambient NO2,Air Quality,new-onset asthma,Positive,Respiratory Health,Health Outcome,,20371422,Literature,PubMed,,
ambient NO2,Air Quality,new-onset asthma (adjusted for modeled traffic exposures),Null,Respiratory Health,Health Outcome,,20371422,Literature,PubMed,,
PM2.5,Air Quality,birth weight,Negative,Pediatric Health,Health Outcome,,20134157,Literature,PubMed,,
NO2,Air Quality,asthma diagnosis,Positive,Respiratory Health,Health Outcome,,20123607,Literature,PubMed,,
CO,Air Quality,asthma diagnosis,Positive,Respiratory Health,Health Outcome,,20123607,Literature,PubMed,,
black carbon,Air Quality,asthma diagnosis,Positive,Respiratory Health,Health Outcome,,20123607,Literature,PubMed,,
PM2.5,Air Quality,cardiopulmonary disease mortality,Positive,Cardiovascular Health;Respiratory Health;Mortality,Health Outcome,,20064787,Literature,PubMed,,
PM2.5,Air Quality,mortality from all nontraumatic causes,Positive,Cardiovascular Health;Respiratory Health;Mortality,Health Outcome,,20064787,Literature,PubMed,,
PM2.5,Air Quality,ischemic heart disease (IHD) mortality,Positive,Cardiovascular Health;Respiratory Health;Mortality,Health Outcome,,20064787,Literature,PubMed,,
PM2.5,Air Quality,pulmonary disease mortality,Positive,Cardiovascular Health;Respiratory Health;Mortality,Health Outcome,,20064787,Literature,PubMed,,
O3,Air Quality,agreement between interview-based and birth certificate-based exposure measurements,Positive,Maternal and Child Health,Health Outcome,,19963212,Literature,PubMed,,
PM2.5,Air Quality,wheeze,Null,Respiratory Health,Health Outcome,,19745205,Literature,PubMed,,
PM2.5,Air Quality,cough,Null,Respiratory Health,Health Outcome,,19745205,Literature,PubMed,,
CO,Air Quality,low birth weight,Positive,Birth Outcomes,Health Outcome,,19704374,Literature,PubMed,,
PM2.5,Air Quality,mortality from ischemic heart disease (IHD),Positive,Cardiovascular Health;Respiratory Health;Cancer,Health Outcome,,19627030,Literature,PubMed,,
NO2,Air Quality,mortality from ischemic heart disease (IHD),Positive,Cardiovascular Health;Respiratory Health;Cancer,Health Outcome,,19627030,Literature,PubMed,,
PM2.5,Air Quality,"mortality from all causes, cardiopulmonary disease (CPD), and lung cancer",Null,Cardiovascular Health;Respiratory Health;Cancer,Health Outcome,,19627030,Literature,PubMed,,
PM2.5,Air Quality,mortality from ischemic heart disease (IHD),Positive,Cardiovascular Health;Respiratory Health;Cancer,Health Outcome,,19627030,Literature,PubMed,,
NO2,Air Quality,preterm birth,Positive,Reproductive Health,Health Outcome,,19478670,Literature,PubMed,,
PM2.5 sulfate,Air Quality,preterm birth,Positive,Reproductive Health,Health Outcome,,19478670,Literature,PubMed,,
PM2.5 water-soluble metal,Air Quality,preterm birth,Positive,Reproductive Health,Health Outcome,,19478670,Literature,PubMed,,
O3,Air Quality,death from respiratory causes,Positive,Respiratory Health;Cardiovascular Health,Health Outcome,,19279340,Literature,PubMed,,
O3,Air Quality,death from cardiovascular causes,Null,Respiratory Health;Cardiovascular Health,Health Outcome,,19279340,Literature,PubMed,,
PM2.5,Air Quality,death from cardiovascular causes,Positive,Respiratory Health;Cardiovascular Health,Health Outcome,,19279340,Literature,PubMed,,
PM2.5,Air Quality,death from cardiopulmonary causes,Positive,Respiratory Health;Cardiovascular Health,Health Outcome,,19279340,Literature,PubMed,,
O3,Air Quality,death from cardiopulmonary causes,Positive,Respiratory Health;Cardiovascular Health,Health Outcome,,19279340,Literature,PubMed,,
indoor PM2.5-10,Air Quality,asthma symptoms,Positive,Respiratory Health;Asthma Morbidity,Health Outcome,,19270802,Literature,PubMed,,
indoor PM2.5,Air Quality,asthma symptoms,Positive,Respiratory Health;Asthma Morbidity,Health Outcome,,19270802,Literature,PubMed,,
indoor PM2.5-10,Air Quality,symptoms causing children to slow down,Positive,Respiratory Health;Asthma Morbidity,Health Outcome,,19270802,Literature,PubMed,,
indoor PM2.5,Air Quality,symptoms causing children to slow down,Positive,Respiratory Health;Asthma Morbidity,Health Outcome,,19270802,Literature,PubMed,,
indoor PM2.5-10,Air Quality,nocturnal symptoms,Positive,Respiratory Health;Asthma Morbidity,Health Outcome,,19270802,Literature,PubMed,,
indoor PM2.5,Air Quality,nocturnal symptoms,Positive,Respiratory Health;Asthma Morbidity,Health Outcome,,19270802,Literature,PubMed,,
indoor PM2.5-10,Air Quality,wheezing that limited speech,Positive,Respiratory Health;Asthma Morbidity,Health Outcome,,19270802,Literature,PubMed,,
indoor PM2.5,Air Quality,wheezing that limited speech,Positive,Respiratory Health;Asthma Morbidity,Health Outcome,,19270802,Literature,PubMed,,
indoor PM2.5-10,Air Quality,use of rescue medication,Positive,Respiratory Health;Asthma Morbidity,Health Outcome,,19270802,Literature,PubMed,,
indoor PM2.5,Air Quality,use of rescue medication,Positive,Respiratory Health;Asthma Morbidity,Health Outcome,,19270802,Literature,PubMed,,
indoor PM2.5,Air Quality,exercise-related symptoms,Positive,Respiratory Health;Asthma Morbidity,Health Outcome,,19270802,Literature,PubMed,,
ambient PM2.5,Air Quality,exercise-related symptoms,Positive,Respiratory Health;Asthma Morbidity,Health Outcome,,19270802,Literature,PubMed,,
PM2.5,Air Quality,sperm motility,Negative,Reproductive Health,Health Outcome,Semen,19258486,Literature,PubMed,,
PM2.5,Air Quality,Sperm motility,Negative,Reproductive Health,Health Outcome,Semen,19217100,Literature,PubMed,,
O3,Air Quality,asthma hospital admissions,Positive,Respiratory Health,Health Outcome,,19079727,Literature,PubMed,,
PM2.5,Air Quality,mortality in the eastern region,Positive,Mortality,Health Outcome,,19079710,Literature,PubMed,,
PM2.5,Air Quality,mortality in the central region,Positive,Mortality,Health Outcome,,19079710,Literature,PubMed,,
PM2.5,Air Quality,mortality in the western region,Null,Mortality,Health Outcome,,19079710,Literature,PubMed,,
PM2.5,Air Quality,mortality for persons >= 85 years of age,Null,Mortality,Health Outcome,,19079710,Literature,PubMed,,
black carbon,Air Quality,FEV1,Negative,Respiratory Health,Health Outcome,,18941574,Literature,PubMed,,
black carbon,Air Quality,FVC,Negative,Respiratory Health,Health Outcome,,18941574,Literature,PubMed,,
black carbon,Air Quality,forced mid-expiratory flow rate,Negative,Respiratory Health,Health Outcome,,18941574,Literature,PubMed,,
NO2,Air Quality,Urinary 1-hydroxypyrene (1-OHP),Positive,Environmental Health,Health Outcome,Urine,18804258,Literature,PubMed,,
NO2,Air Quality,FVC,Negative,Respiratory Health,Health Outcome,,18520616,Literature,PubMed,,
NO2,Air Quality,FEV1,Negative,Respiratory Health,Health Outcome,,18520616,Literature,PubMed,,
CO,Air Quality,FEV1/FVC,Negative,Respiratory Health,Health Outcome,,18520616,Literature,PubMed,,
CO,Air Quality,forced expiratory flow between 25% and 75% of FVC (FEF25-75)/FVC,Negative,Respiratory Health,Health Outcome,,18520616,Literature,PubMed,,
CO,Air Quality,forced expiratory flow at 25% of FVC,Negative,Respiratory Health,Health Outcome,,18520616,Literature,PubMed,,
CO,Air Quality,forced expiratory flow between 25% and 75% of FVC (FEF25-75),Negative,Respiratory Health,Health Outcome,,18520616,Literature,PubMed,,
PM2.5,Air Quality,ischemic stroke/TIA risk,Null,Cerebrovascular Disease;Neurological Health,Health Outcome,,18508356,Literature,PubMed,,
PM2.5,Air Quality,ischemic stroke/TIA risk,Positive,Cerebrovascular Disease;Neurological Health,Health Outcome,,18508356,Literature,PubMed,,
O3,Air Quality,ischemic stroke/TIA risk,Null,Cerebrovascular Disease;Neurological Health,Health Outcome,,18508356,Literature,PubMed,,
O3,Air Quality,ischemic stroke/TIA risk,Null,Cerebrovascular Disease;Neurological Health,Health Outcome,,18508356,Literature,PubMed,,
PM2.5,Air Quality,verbal fluency,Negative,Neurological Health;Cognitive Health,Health Outcome,,36970897,Literature,PubMed,,
PM2.5,Air Quality,executive function,Negative,Neurological Health;Cognitive Health,Health Outcome,,36970897,Literature,PubMed,,
PM2.5,Air Quality,processing speed,Null,Neurological Health;Cognitive Health,Health Outcome,,36970897,Literature,PubMed,,
NO2,Air Quality,episodic memory,Negative,Neurological Health;Cognitive Health,Health Outcome,,36970897,Literature,PubMed,,
PM2.5,Air Quality,total cholesterol,Positive,Cardiovascular Health,Health Outcome,Blood,35139860,Literature,PubMed,,
PM2.5,Air Quality,von Willebrand factor (vWF),Positive,Cardiovascular Health,Health Outcome,Blood,35139860,Literature,PubMed,,
PM2.5,Air Quality,tissue plasminogen activator,Positive,Cardiovascular Health,Health Outcome,Blood,35139860,Literature,PubMed,,
PM2.5,Air Quality,D-dimer,Positive,Cardiovascular Health,Health Outcome,Blood,35139860,Literature,PubMed,,
PM2.5,Air Quality,very-low frequency HRV,Positive,Cardiovascular Health,Health Outcome,Blood,35139860,Literature,PubMed,,
O3,Air Quality,total cholesterol,Positive,Cardiovascular Health,Health Outcome,Blood,35139860,Literature,PubMed,,
O3,Air Quality,high-density lipoprotein,Positive,Cardiovascular Health,Health Outcome,Blood,35139860,Literature,PubMed,,
O3,Air Quality,serum amyloid A,Positive,Cardiovascular Health,Health Outcome,Blood,35139860,Literature,PubMed,,
O3,Air Quality,soluble intracellular adhesion molecule 1,Positive,Cardiovascular Health,Health Outcome,Blood,35139860,Literature,PubMed,,
O3,Air Quality,von Willebrand factor (vWF),Positive,Cardiovascular Health,Health Outcome,Blood,35139860,Literature,PubMed,,
residential greenness,Built Environment,preterm birth,Negative,Reproductive Health,Health Outcome,,33130859,Literature,PubMed,,
residential greenness,Built Environment,birthweight,Positive,Reproductive Health,Health Outcome,,33130859,Literature,PubMed,,
residential greenness,Built Environment,preterm birth,Null,Reproductive Health,Health Outcome,,33130859,Literature,PubMed,,
residential greenness,Built Environment,birthweight,Null,Reproductive Health,Health Outcome,,33130859,Literature,PubMed,,
greenness,Built Environment,arrests for weapon-related violent crime,Null,Violent Crime,Health Outcome,,32862085,Literature,PubMed,,
surrounding greenness,Built Environment,percentage of the population that were immigrants,Negative,Health Disparities,Health Outcome,,31978731,Literature,PubMed,,
surrounding greenness,Built Environment,percentage of the population that were immigrants from Latin America,Negative,Health Disparities,Health Outcome,,31978731,Literature,PubMed,,
surrounding greenness,Built Environment,percentage of the population that were immigrants from Europe,Positive,Health Disparities,Health Outcome,,31978731,Literature,PubMed,,
ambient temperature,Weather,infant mortality,Positive,Infant Mortality,Health Outcome,,31855483,Literature,PubMed,,
Perceived greenness,Built Environment,Moderate-vigorous physical activity,Positive,Physical Activity,Health Outcome,,31561482,Literature,PubMed,,
greenness,Built Environment,Lyme disease,Positive,Infectious Disease,Health Outcome,,31465993,Literature,PubMed,,
NDVI greenness,Built Environment,income rank,Positive,Socioeconomic Status,Health Outcome,,31202477,Literature,PubMed,,
NDVI greenness,Built Environment,future earnings,Positive,Socioeconomic Status,Health Outcome,,31202477,Literature,PubMed,,
greenness,Built Environment,moderate-to-vigorous physical activity (MVPA),Positive,Physical Activity,Health Outcome,,31199713,Literature,PubMed,,
greenness,Built Environment,light-to-vigorous physical activity (LVPA),Positive,Physical Activity,Health Outcome,,31199713,Literature,PubMed,,
walkability index,Built Environment,moderate-to-vigorous physical activity (MVPA),Negative,Physical Activity,Health Outcome,,31199713,Literature,PubMed,,
walkability index,Built Environment,light-to-vigorous physical activity (LVPA),Negative,Physical Activity,Health Outcome,,31199713,Literature,PubMed,,
Neighbourhood greenness,Built Environment,depression diagnosis,Negative,Mental Health,Health Outcome,,31190652,Literature,PubMed,,
residential greenness,Built Environment,low birth weight,Negative,Reproductive Health,Health Outcome,,31112849,Literature,PubMed,,
residential greenness,Built Environment,low birth weight,Negative,Reproductive Health,Health Outcome,,31112849,Literature,PubMed,,
greenness,Built Environment,infant mortality,Negative,Infant Mortality,Health Outcome,,30993542,Literature,PubMed,,
PM2.5,Air Quality,Cardiovascular mortality,Positive,Cardiovascular Health,Health Outcome,,30845676,Literature,PubMed,,
greenness,Built Environment,acute myocardial infarction,Negative,Cardiovascular Health,Health Outcome,,30835593,Literature,PubMed,,
greenness,Built Environment,ischemic heart disease,Negative,Cardiovascular Health,Health Outcome,,30835593,Literature,PubMed,,
greenness,Built Environment,heart failure,Negative,Cardiovascular Health,Health Outcome,,30835593,Literature,PubMed,,
greenness,Built Environment,atrial fibrillation,Negative,Cardiovascular Health,Health Outcome,,30835593,Literature,PubMed,,
residential greenness,Built Environment,depression,Negative,Mental Health,Health Outcome,,30735068,Literature,PubMed,,
Residential surrounding greenness (100 m),Built Environment,lifetime wheezing,Negative,Respiratory Health,Health Outcome,,30557617,Literature,PubMed,,
Residential surrounding greenness (100 m),Built Environment,lifetime asthma among children with current ETS exposure,Negative,Respiratory Health,Health Outcome,,30557617,Literature,PubMed,,
Residential surrounding greenness (250 m),Built Environment,lifetime asthma among children with current ETS exposure,Negative,Respiratory Health,Health Outcome,,30557617,Literature,PubMed,,
Residential surrounding greenness (500 m),Built Environment,lifetime asthma among children with current ETS exposure,Negative,Respiratory Health,Health Outcome,,30557617,Literature,PubMed,,
Residential surrounding greenness (100 m),Built Environment,current dry cough at night among children with perinatal ETS exposure,Negative,Respiratory Health,Health Outcome,,30557617,Literature,PubMed,,
Residential surrounding greenness (250 m),Built Environment,current dry cough at night among children with perinatal ETS exposure,Negative,Respiratory Health,Health Outcome,,30557617,Literature,PubMed,,
Residential surrounding greenness (500 m),Built Environment,current dry cough at night among children with perinatal ETS exposure,Negative,Respiratory Health,Health Outcome,,30557617,Literature,PubMed,,
PM2.5,Other,gestational diabetes mellitus,Positive,Maternal Health;Pregnancy Complications,Health Outcome,,30248831,Literature,PubMed,,
PM2.5,Other,preeclampsia,Null,Maternal Health;Pregnancy Complications,Health Outcome,,30248831,Literature,PubMed,,
Normalized Difference Vegetation Index greenness,Built Environment,obesity,Null,Obesity;Mental Health,Health Outcome,,30037037,Literature,PubMed,,
residential greenness,Built Environment,birthweight,Positive,Perinatal Health,Health Outcome,,29895795,Literature,PubMed,,
residential greenness,Built Environment,term low birth weight,Negative,Perinatal Health,Health Outcome,,29895795,Literature,PubMed,,
residential greenness,Built Environment,small for gestational age,Negative,Perinatal Health,Health Outcome,,29895795,Literature,PubMed,,
greenness,Other,childhood obesity,Null,Obesity,Health Outcome,,29883903,Literature,PubMed,,
greenness,Built Environment,"Perceived stress (contemporaneous, base model)",Negative,Mental Health,Health Outcome,,29661194,Literature,PubMed,,
greenness,Built Environment,"Perceived stress (contemporaneous, multivariable model)",Negative,Mental Health,Health Outcome,,29661194,Literature,PubMed,,
greenness,Built Environment,Perceived stress (summer),Negative,Mental Health,Health Outcome,,29661194,Literature,PubMed,,
greenness,Built Environment,Perceived stress (annual average),Negative,Mental Health,Health Outcome,,29661194,Literature,PubMed,,
greenness,Built Environment,Anxiety symptoms,Null,Mental Health,Health Outcome,,29661194,Literature,PubMed,,
greenness,Built Environment,depressive symptoms,Null,Mental Health,Health Outcome,,29661194,Literature,PubMed,,
greenness,Built Environment,Perceived stress mediated by physical activity,Negative,Mental Health,Health Outcome,,29661194,Literature,PubMed,,
greenness,Built Environment,Perceived stress mediated by history of respiratory diseases,Positive,Mental Health,Health Outcome,,29661194,Literature,PubMed,,
greenness,Built Environment,Alzheimer's disease,Negative,Mental Health;Neurological Health,Health Outcome,,29494513,Literature,PubMed,,
greenness,Built Environment,depression,Negative,Mental Health;Neurological Health,Health Outcome,,29494513,Literature,PubMed,,
greenness,Built Environment,high depressive symptoms,Negative,Mental Health,Health Outcome,,29426730,Literature,PubMed,,
greenness,Built Environment,high depressive symptoms,Negative,Mental Health,Health Outcome,,29273301,Literature,PubMed,,
greenness,Built Environment,obesity,Negative,Obesity;Physical Activity,Health Outcome,,29059619,Literature,PubMed,,
greenness,Built Environment,physical activity,Positive,Obesity;Physical Activity,Health Outcome,,29059619,Literature,PubMed,,
greenness,Built Environment,obesity mediated by physical activity,Negative,Obesity;Physical Activity,Health Outcome,,29059619,Literature,PubMed,,
neighborhood walkability,Other,self-reported BMI,Negative,Obesity,Health Outcome,,28767514,Literature,PubMed,,
PM2.5,Other,self-reported BMI,Null,Obesity,Health Outcome,,28767514,Literature,PubMed,,
greenness (Normalized Difference Vegetation Index (NDVI)),Other,chronic absenteeism rates,Negative,Academic Performance,Health Outcome,,28230752,Literature,PubMed,,
fine particulate matter air pollution (PM2.5),Other,chronic absenteeism rates,Positive,Academic Performance,Health Outcome,,28230752,Literature,PubMed,,
residential greenness,Built Environment,term birth weight,Positive,Birth Outcomes,Health Outcome,,28103842,Literature,PubMed,,
residential greenness,Built Environment,adverse birth outcomes,Null,Birth Outcomes,Health Outcome,,28103842,Literature,PubMed,,
residential greenness,Built Environment,preterm birth,Null,Reproductive Health;Pediatric Health,Health Outcome,,27743971,Literature,PubMed,,
residential greenness,Built Environment,small for gestational age,Null,Reproductive Health;Pediatric Health,Health Outcome,,27743971,Literature,PubMed,,
residential greenness,Built Environment,term birth weight,Positive,Reproductive Health;Pediatric Health,Health Outcome,,27743971,Literature,PubMed,,
greenness,Built Environment,all-cause nonaccidental mortality,Negative,Mortality;Respiratory Health;Oncology,Health Outcome,,27074702,Literature,PubMed,,
greenness,Built Environment,respiratory mortality,Negative,Mortality;Respiratory Health;Oncology,Health Outcome,,27074702,Literature,PubMed,,
greenness,Built Environment,cancer mortality,Negative,Mortality;Respiratory Health;Oncology,Health Outcome,,27074702,Literature,PubMed,,
greenness,Built Environment,chronic medical conditions,Negative,Cardiometabolic Health;Chronic Health Conditions,Health Outcome,,27061891,Literature,PubMed,,
greenness,Built Environment,diabetes,Negative,Cardiometabolic Health;Chronic Health Conditions,Health Outcome,,27061891,Literature,PubMed,,
greenness,Built Environment,hypertension,Negative,Cardiometabolic Health;Chronic Health Conditions,Health Outcome,,27061891,Literature,PubMed,,
greenness,Built Environment,hyperlipidemia,Negative,Cardiometabolic Health;Chronic Health Conditions,Health Outcome,,27061891,Literature,PubMed,,
greenness,Built Environment,preterm birth in cities,Negative,Reproductive Health,Health Outcome,,26978381,Literature,PubMed,,
greenness,Built Environment,small for gestational age birth in cities,Negative,Reproductive Health,Health Outcome,,26978381,Literature,PubMed,,
greenness,Built Environment,birth weight in cities,Null,Reproductive Health,Health Outcome,,26978381,Literature,PubMed,,
greenness,Built Environment,Apgar score in cities,Null,Reproductive Health,Health Outcome,,26978381,Literature,PubMed,,
greenness,Built Environment,birth outcomes in boroughs or townships,Null,Reproductive Health,Health Outcome,,26978381,Literature,PubMed,,
PM2.5,Air Quality,survival,Negative,Mortality,Health Outcome,,26600257,Literature,PubMed,,
PM2.5,Air Quality,survival in Southeastern US,Negative,Mortality,Health Outcome,,26600257,Literature,PubMed,,
PM2.5,Air Quality,survival in South US,Negative,Mortality,Health Outcome,,26600257,Literature,PubMed,,
PM2.5,Air Quality,survival in Northwestern US,Negative,Mortality,Health Outcome,,26600257,Literature,PubMed,,
heat waves,Weather,mortality in black (non-Hispanic) individuals,Positive,Mortality,Health Outcome,,25782056,Literature,PubMed,,
heat waves,Weather,mortality at home,Positive,Mortality,Health Outcome,,25782056,Literature,PubMed,,
heat waves,Weather,mortality in census tracts with greater public assistance,Positive,Mortality,Health Outcome,,25782056,Literature,PubMed,,
daytime summer surface temperature,Weather,mortality during heat waves,Positive,Mortality,Health Outcome,,25782056,Literature,PubMed,,
school walkability,Built Environment,BMI,Negative,Pediatric Health;Obesity,Health Outcome,,25656299,Literature,PubMed,,
home walkability,Built Environment,BMI,Positive,Pediatric Health;Obesity,Health Outcome,,25656299,Literature,PubMed,,
extreme heat,Weather,cardiovascular mortality among non-married individuals,Positive,Cardiovascular Health;Respiratory Health,Health Outcome,,25460667,Literature,PubMed,,
extreme heat,Weather,cardiovascular mortality among married individuals,Null,Cardiovascular Health;Respiratory Health,Health Outcome,,25460667,Literature,PubMed,,
extreme heat,Weather,cardiovascular mortality in ZIP codes with high (91%) non-green space,Positive,Cardiovascular Health;Respiratory Health,Health Outcome,,25460667,Literature,PubMed,,
extreme heat,Weather,cardiovascular mortality in ZIP codes with low (39%) non-green space,Null,Cardiovascular Health;Respiratory Health,Health Outcome,,25460667,Literature,PubMed,,
extreme heat,Weather,respiratory mortality,Null,Cardiovascular Health;Respiratory Health,Health Outcome,,25460667,Literature,PubMed,,
surrounding greenness,Built Environment,school-wide academic performance,Positive,Cognitive Health;Academic Achievement,Health Outcome,,25310542,Literature,PubMed,,
greenness,Built Environment,birth weight in term born infants,Positive,Pregnancy Outcomes,Health Outcome,,24140704,Literature,PubMed,,
greenness,Built Environment,preterm deliveries,Negative,Pregnancy Outcomes,Health Outcome,,24140704,Literature,PubMed,,
greenness,Built Environment,preeclampsia,Null,Pregnancy Outcomes,Health Outcome,,24140704,Literature,PubMed,,
neighborhood greenness,Built Environment,outdoor playing time,Positive,Pediatric Health;Physical Activity,Health Outcome,,22165919,Literature,PubMed,,
greenness,Built Environment,BMI z-scores,Negative,Obesity,Health Outcome,,19000844,Literature,PubMed,,
greenness,Built Environment,BMI z-score increase,Negative,Obesity,Health Outcome,,19000844,Literature,PubMed,,
Wildfire exposure,Air Quality,Prevalence of physician-dispensed short-acting β-agonist (SABAs),Positive,Respiratory Health,Health Outcome,,25747784,Literature,PubMed,,
Wildfire exposure,Air Quality,Rate of emergency department visits and/or hospitalizations for asthma,Null,Respiratory Health,Health Outcome,,25747784,Literature,PubMed,,
Wildfire exposure,Air Quality,Frequency of oral corticosteroid use for asthma,Null,Respiratory Health,Health Outcome,,25747784,Literature,PubMed,,
Wildfire exposure,Air Quality,Number of new diagnoses of asthma,Null,Respiratory Health,Health Outcome,,25747784,Literature,PubMed,,
wildfire,Other,tree density,Negative,Forest Ecology,Health Outcome,,24147398,Literature,PubMed,,
wildfire,Other,surface fuels,Negative,Forest Ecology,Health Outcome,,24147398,Literature,PubMed,,
wildfire,Other,lodgepole pine establishment,Positive,Forest Ecology,Health Outcome,,24147398,Literature,PubMed,,
tent heaters,Other,multisymptom illness,Positive,Multisymptom Illness,Health Outcome,,11911029,Literature,PubMed,,
temperature,Other,time spent outdoors,Positive,,Health Outcome,,12923556,Literature,PubMed,,
temperature,Other,time spent indoors,Positive,,Health Outcome,,12923556,Literature,PubMed,,
temperature,Other,time spent in-vehicles,Null,,Health Outcome,,12923556,Literature,PubMed,,
PM2.5,Air Quality,ADNC,Positive,Neurological Health,Health Outcome,Autopsy brain tissue,40920417,Literature,PubMed,,
PM2.5,Air Quality,CDR-SB,Positive,Neurological Health,Health Outcome,Autopsy brain tissue,40920417,Literature,PubMed,,
PM2.5,Air Quality,CDR-SB mediated by ADNC,Positive,Neurological Health,Health Outcome,Autopsy brain tissue,40920417,Literature,PubMed,,
O3,Air Quality,nasal expression of CLC,Positive,Asthma;Respiratory Health,Health Outcome,nasal samples;bronchial samples,41430723,Literature,PubMed,,
O3,Air Quality,nasal expression of CPA3,Positive,Asthma;Respiratory Health,Health Outcome,nasal samples;bronchial samples,41430723,Literature,PubMed,,
PM2.5,Air Quality,bronchial expression of TNFRSF10C,Positive,Asthma;Respiratory Health,Health Outcome,nasal samples;bronchial samples,41430723,Literature,PubMed,,
PM2.5,Air Quality,cumulative DNA methylation score for PM2.5,Null,Epigenetics;Pediatric Health,Health Outcome,Saliva,34678958,Literature,PubMed,,
NO2,Air Quality,cord blood DNA methylation,Positive,Children's Environmental Health;Developmental Disorders,Health Outcome,Umbilical cord blood,33465004,Literature,PubMed,,
NO2,Air Quality,cord blood DNA methylation,Positive,Children's Environmental Health;Developmental Disorders,Health Outcome,Umbilical cord blood,33465004,Literature,PubMed,,
PM2.5,Air Quality,LINE-1 methylation,Null,Cardiovascular Disease,Health Outcome,,31822152,Literature,PubMed,,
PM2.5,Air Quality,TLR-2 methylation,Null,Cardiovascular Disease,Health Outcome,,31822152,Literature,PubMed,,
PM2.5,Air Quality,TNF-α methylation,Negative,Cardiovascular Disease,Health Outcome,,31822152,Literature,PubMed,,
PM2.5,Air Quality,overall breast cancer incidence,Positive,Oncology,Health Outcome,,37691174,Literature,PubMed,,
PM2.5,Air Quality,estrogen receptor-positive breast cancer,Positive,Oncology,Health Outcome,,37691174,Literature,PubMed,,
PM2.5,Air Quality,estrogen receptor-negative breast cancer,Null,Oncology,Health Outcome,,37691174,Literature,PubMed,,
PM2.5,Air Quality,sFlt-1/PlGF ratio,Positive,Pregnancy and Birth Outcomes,Health Outcome,Plasma,37556304,Literature,PubMed,,
NO2,Air Quality,sFlt-1/PlGF ratio,Positive,Pregnancy and Birth Outcomes,Health Outcome,Plasma,37556304,Literature,PubMed,,
O3,Air Quality,sFlt-1,Positive,Pregnancy and Birth Outcomes,Health Outcome,Plasma,37556304,Literature,PubMed,,
PM2.5,Air Quality,sFlt-1,Positive,Pregnancy and Birth Outcomes,Health Outcome,Plasma,37556304,Literature,PubMed,,
NO2,Air Quality,sFlt-1,Negative,Pregnancy and Birth Outcomes,Health Outcome,Plasma,37556304,Literature,PubMed,,
NO2,Air Quality,PlGF,Negative,Pregnancy and Birth Outcomes,Health Outcome,Plasma,37556304,Literature,PubMed,,
PM2.5,Air Quality,stimulated production of IL-6,Positive,Inflammatory Diseases;Asthma;Cardiovascular Disease,Health Outcome,Blood,34014775,Literature,PubMed,,
PM2.5,Air Quality,stimulated production of IL-1β,Positive,Inflammatory Diseases;Asthma;Cardiovascular Disease,Health Outcome,Blood,34014775,Literature,PubMed,,
PM2.5,Air Quality,stimulated production of TNF-α,Positive,Inflammatory Diseases;Asthma;Cardiovascular Disease,Health Outcome,Blood,34014775,Literature,PubMed,,
black carbon,Air Quality,stimulated production of IL-6,Positive,Inflammatory Diseases;Asthma;Cardiovascular Disease,Health Outcome,Blood,34014775,Literature,PubMed,,
black carbon,Air Quality,stimulated production of IL-1β,Positive,Inflammatory Diseases;Asthma;Cardiovascular Disease,Health Outcome,Blood,34014775,Literature,PubMed,,
black carbon,Air Quality,stimulated production of TNF-α,Positive,Inflammatory Diseases;Asthma;Cardiovascular Disease,Health Outcome,Blood,34014775,Literature,PubMed,,
PM2.5,Air Quality,circulating IL-6,Null,Inflammatory Diseases;Asthma;Cardiovascular Disease,Health Outcome,Blood,34014775,Literature,PubMed,,
PM2.5,Air Quality,circulating CRP,Null,Inflammatory Diseases;Asthma;Cardiovascular Disease,Health Outcome,Blood,34014775,Literature,PubMed,,
PM2.5,Air Quality,high-sensitivity C-reactive protein,Positive,Cardiovascular Health,Health Outcome,Serum,26600256,Literature,PubMed,,
PM2.5,Air Quality,tissue-type plasminogen activator antigen,Positive,Cardiovascular Health,Health Outcome,Serum,26600256,Literature,PubMed,,
PM2.5,Air Quality,plasminogen activator inhibitor type 1,Positive,Cardiovascular Health,Health Outcome,Serum,26600256,Literature,PubMed,,
PM2.5,Air Quality,fibrinogen,Positive,Cardiovascular Health,Health Outcome,Serum,26600256,Literature,PubMed,,
PM2.5,Air Quality,factor VIIc,Null,Cardiovascular Health,Health Outcome,Serum,26600256,Literature,PubMed,,
O3,Air Quality,factor VIIc,Positive,Cardiovascular Health,Health Outcome,Serum,26600256,Literature,PubMed,,
PM2.5,Air Quality,cg25354716 methylation,Negative,Respiratory Health,Health Outcome,blood;lung tissue,40540633,Literature,PubMed,,
PM2.5,Air Quality,cg01019301 methylation,Positive,Respiratory Health,Health Outcome,blood;lung tissue,40540633,Literature,PubMed,,
PM2.5,Air Quality,C-reactive protein,Null,Cardiovascular Health,Health Outcome,,26725170,Literature,PubMed,,
PM2.5,Air Quality,white blood cells,Null,Cardiovascular Health,Health Outcome,,26725170,Literature,PubMed,,
PM2.5,Air Quality,fibrinogen,Null,Cardiovascular Health,Health Outcome,,26725170,Literature,PubMed,,
PM2.5,Air Quality,homocysteine,Null,Cardiovascular Health,Health Outcome,,26725170,Literature,PubMed,,
PM2.5,Air Quality,CRP among diabetics,Positive,Cardiovascular Health,Health Outcome,,26725170,Literature,PubMed,,
PM2.5,Air Quality,homocysteine among smokers,Positive,Cardiovascular Health,Health Outcome,,26725170,Literature,PubMed,,
PM2.5,Air Quality,urinary 8-Hydroxy-2'-Deoxyguanosine (8-OHdG),Positive,systemic inflammation;endothelial activation;oxidative stress,Health Outcome,Blood;Urine,24314116,Literature,PubMed,,
PM2.5,Air Quality,WBC,Positive,Immunological Health,Health Outcome,Peripheral blood,15723880,Literature,PubMed,,
PM2.5,Air Quality,neutrophil counts,Positive,Immunological Health,Health Outcome,Peripheral blood,15723880,Literature,PubMed,,
PM2.5,Air Quality,fibrinogen,Negative,Immunological Health,Health Outcome,Peripheral blood,15723880,Literature,PubMed,,
PM2.5,Air Quality,C-reactive protein,Positive,Immunological Health,Health Outcome,Peripheral blood,15723880,Literature,PubMed,,
PM2.5,Air Quality,SDNN,Negative,Cardiovascular Health,Health Outcome,,18007994,Literature,PubMed,,
PM2.5,Air Quality,HF,Negative,Cardiovascular Health,Health Outcome,,18007994,Literature,PubMed,,
PM2.5,Air Quality,LF,Negative,Cardiovascular Health,Health Outcome,,18007994,Literature,PubMed,,
reduced NO2,Other,fasting glucose concentration among women living in a healthier environment at baseline,Negative,Metabolic Health;Cancer Risk,Health Outcome,,38070847,Literature,PubMed,,
reduced PM2.5,Other,fasting glucose concentration among women living in a healthier environment at baseline,Negative,Metabolic Health;Cancer Risk,Health Outcome,,38070847,Literature,PubMed,,
PM2.5,Air Quality,diastolic blood pressure in mothers with the APOL1 high-risk genotype,Positive,Cardiovascular Health,Health Outcome,,35358541,Literature,PubMed,,
PM2.5,Air Quality,diastolic blood pressure in mothers with the APOL1 low-risk genotype,Null,Cardiovascular Health,Health Outcome,,35358541,Literature,PubMed,,
PM2.5 (30-day mean),Air Quality,C-reactive protein concentration,Positive,Cardiovascular Health;Inflammation,Health Outcome,,16751260,Literature,PubMed,,
PM2.5 (60-day mean),Air Quality,C-reactive protein concentration,Positive,Cardiovascular Health;Inflammation,Health Outcome,,16751260,Literature,PubMed,,
PM2.5 (7-day mean),Air Quality,odds of C-reactive protein of greater than or equal to 3 mg/liter,Positive,Cardiovascular Health;Inflammation,Health Outcome,,16751260,Literature,PubMed,,
PM2.5 (30-day mean),Air Quality,odds of C-reactive protein of greater than or equal to 3 mg/liter,Positive,Cardiovascular Health;Inflammation,Health Outcome,,16751260,Literature,PubMed,,
PM2.5 (60-day mean),Air Quality,odds of C-reactive protein of greater than or equal to 3 mg/liter,Positive,Cardiovascular Health;Inflammation,Health Outcome,,16751260,Literature,PubMed,,
PM2.5,Air Quality,urinary 8-hydroxy-2'-deoxyguanosine (8-OHdG) concentrations,Positive,Oxidative DNA damage,Health Outcome,Urine,15121508,Literature,PubMed,,
PM2.5 vanadium,Air Quality,urinary 8-hydroxy-2'-deoxyguanosine (8-OHdG) concentrations,Positive,Oxidative DNA damage,Health Outcome,Urine,15121508,Literature,PubMed,,
PM2.5 manganese,Air Quality,urinary 8-hydroxy-2'-deoxyguanosine (8-OHdG) concentrations,Positive,Oxidative DNA damage,Health Outcome,Urine,15121508,Literature,PubMed,,
PM2.5 nickel,Air Quality,urinary 8-hydroxy-2'-deoxyguanosine (8-OHdG) concentrations,Positive,Oxidative DNA damage,Health Outcome,Urine,15121508,Literature,PubMed,,
PM2.5 lead,Air Quality,urinary 8-hydroxy-2'-deoxyguanosine (8-OHdG) concentrations,Positive,Oxidative DNA damage,Health Outcome,Urine,15121508,Literature,PubMed,,
PM2.5,Air Quality,"placental expression of ABHD3, ATP11A, CLTCL1, ST6GALNAC4 and PSCA",Positive,Obstetric Health;Metabolic Health,Health Outcome,Placenta,35248564,Literature,PubMed,,
PM2.5,Air Quality,miR-126-3p,Positive,Cardiovascular Disease,Health Outcome,Serum,26956024,Literature,PubMed,,
PM2.5,Air Quality,miR-19b-3p,Positive,Cardiovascular Disease,Health Outcome,Serum,26956024,Literature,PubMed,,
PM2.5,Air Quality,miR-93-5p,Positive,Cardiovascular Disease,Health Outcome,Serum,26956024,Literature,PubMed,,
PM2.5,Air Quality,miR-223-3p,Positive,Cardiovascular Disease,Health Outcome,Serum,26956024,Literature,PubMed,,
PM2.5,Air Quality,miR-142-3p,Positive,Cardiovascular Disease,Health Outcome,Serum,26956024,Literature,PubMed,,
PM2.5,Air Quality,miR-23a-3p,Positive,Cardiovascular Disease,Health Outcome,Serum,26956024,Literature,PubMed,,
PM2.5,Air Quality,miR-150-5p,Positive,Cardiovascular Disease,Health Outcome,Serum,26956024,Literature,PubMed,,
PM2.5,Air Quality,miR-15a-5p,Positive,Cardiovascular Disease,Health Outcome,Serum,26956024,Literature,PubMed,,
PM2.5,Air Quality,miR-191-5p,Positive,Cardiovascular Disease,Health Outcome,Serum,26956024,Literature,PubMed,,
PM2.5,Air Quality,let-7a-5p,Positive,Cardiovascular Disease,Health Outcome,Serum,26956024,Literature,PubMed,,
PM2.5,Air Quality,IL-2,Positive,Respiratory Health,Health Outcome,mucus;tissue,38180309,Literature,PubMed,,
PM2.5,Air Quality,IL-5/IL-13,Positive,Respiratory Health,Health Outcome,mucus;tissue,38180309,Literature,PubMed,,
PM2.5,Air Quality,IL-12,Positive,Respiratory Health,Health Outcome,mucus;tissue,38180309,Literature,PubMed,,
PM2.5,Air Quality,21,Positive,Respiratory Health,Health Outcome,mucus;tissue,38180309,Literature,PubMed,,
PM2.5,Air Quality,asthma,Positive,Respiratory Health,Health Outcome,mucus;tissue,38180309,Literature,PubMed,,
PM2.5,Air Quality,allergic rhinitis (AR),Positive,Respiratory Health,Health Outcome,mucus;tissue,38180309,Literature,PubMed,,
PM2.5,Air Quality,tissue eosinophil counts,Positive,Respiratory Health,Health Outcome,mucus;tissue,38180309,Literature,PubMed,,
PM2.5,Air Quality,platelet mitochondrial respiratory parameters,Null,Cardiovascular Health,Health Outcome,fresh whole blood samples;Platelets,38111233,Literature,PubMed,,
outdoor temperature,Weather,FEV1,Negative,Respiratory Health,Health Outcome,,30578386,Literature,PubMed,,
PM2.5,Weather,lung function,Negative,Respiratory Health,Health Outcome,,30578386,Literature,PubMed,,
NO2,Air Quality,sleep apnea,Positive,Sleep Disorders,Health Outcome,,30571166,Literature,PubMed,,
PM2.5,Air Quality,sleep apnea,Positive,Sleep Disorders,Health Outcome,,30571166,Literature,PubMed,,
NO2,Air Quality,sleep efficiency,Null,Sleep Disorders,Health Outcome,,30571166,Literature,PubMed,,
PM2.5,Air Quality,sleep efficiency,Null,Sleep Disorders,Health Outcome,,30571166,Literature,PubMed,,
PM2.5,Air Quality,total LDL-P,Positive,Cardiovascular Health,Health Outcome,Serum,30446244,Literature,PubMed,,
PM2.5,Air Quality,small LDL-P,Positive,Cardiovascular Health,Health Outcome,Serum,30446244,Literature,PubMed,,
PM2.5,Air Quality,LDL-C,Positive,Cardiovascular Health,Health Outcome,Serum,30446244,Literature,PubMed,,
PM2.5,Air Quality,TRL-P,Positive,Cardiovascular Health,Health Outcome,Serum,30446244,Literature,PubMed,,
PM2.5,Air Quality,apoB,Positive,Cardiovascular Health,Health Outcome,Serum,30446244,Literature,PubMed,,
PM2.5,Air Quality,total cholesterol,Positive,Cardiovascular Health,Health Outcome,Serum,30446244,Literature,PubMed,,
PM2.5,Air Quality,triglycerides,Positive,Cardiovascular Health,Health Outcome,Serum,30446244,Literature,PubMed,,
PM2.5,Air Quality,systolic blood pressure (with adjustment for age),Positive,Cardiovascular Health,Health Outcome,,30392401,Literature,PubMed,,
PM2.5,Air Quality,systolic blood pressure (with additional adjustment for time),Null,Cardiovascular Health,Health Outcome,,30392401,Literature,PubMed,,
PM2.5,Air Quality,blood pressure (fully adjusted),Null,Cardiovascular Health,Health Outcome,,30392401,Literature,PubMed,,
O3,Air Quality,in-hospital mortality,Positive,Sepsis;Pneumonia,Health Outcome,,30295138,Literature,PubMed,,
PM2.5,Air Quality,in-hospital mortality,Null,Sepsis;Pneumonia,Health Outcome,,30295138,Literature,PubMed,,
O3,Air Quality,in-hospital mortality in patients with pneumonia,Positive,Sepsis;Pneumonia,Health Outcome,,30295138,Literature,PubMed,,
O3,Air Quality,in-hospital mortality in patients without pneumonia,Positive,Sepsis;Pneumonia,Health Outcome,,30295138,Literature,PubMed,,
PM2.5,Air Quality,diabetes,Positive,Endocrine and Metabolic Diseases,Health Outcome,,30074893,Literature,PubMed,,
PM2.5,Air Quality,all-cause mortality,Positive,Endocrine and Metabolic Diseases,Health Outcome,,30074893,Literature,PubMed,,
PM2.5,Air Quality,lower limb fracture,Null,Endocrine and Metabolic Diseases,Health Outcome,,30074893,Literature,PubMed,,
benzene,Air Quality,oral clefts,Null,Congenital Anomalies,Health Outcome,,30032102,Literature,PubMed,,
benzene,Air Quality,critical congenital heart defects (CCHDs),Null,Congenital Anomalies,Health Outcome,,30032102,Literature,PubMed,,
benzene,Air Quality,neural tube defects (NTDs),Null,Congenital Anomalies,Health Outcome,,30032102,Literature,PubMed,,
benzene,Air Quality,cleft lip,Positive,Congenital Anomalies,Health Outcome,,30032102,Literature,PubMed,,
average monthly PM2.5,Air Quality,persistent asthma,Null,Respiratory Health,Health Outcome,,29874253,Literature,PubMed,,
PM2.5,Air Quality,child systolic BP (SBP) percentile,Positive,Cardiovascular Health,Health Outcome,,29760154,Literature,PubMed,,
PM2.5,Air Quality,elevated BP,Positive,Cardiovascular Health,Health Outcome,,29760154,Literature,PubMed,,
PM2.5,Air Quality,child systolic BP (SBP) percentile,Positive,Cardiovascular Health,Health Outcome,,29760154,Literature,PubMed,,
PM2.5,Air Quality,elevated BP,Positive,Cardiovascular Health,Health Outcome,,29760154,Literature,PubMed,,
NO2,Air Quality,cardiovascular event,Null,Cardiovascular Health,Health Outcome,,29759065,Literature,PubMed,,
black carbon,Air Quality,cardiovascular event,Null,Cardiovascular Health,Health Outcome,,29759065,Literature,PubMed,,
NO2,Air Quality,cardiovascular event in the elderly (>=65 yrs),Positive,Cardiovascular Health,Health Outcome,,29759065,Literature,PubMed,,
black carbon,Air Quality,cardiovascular event in the elderly (>=65 yrs),Null,Cardiovascular Health,Health Outcome,,29759065,Literature,PubMed,,
PM2.5,Air Quality,Sepsis hospitalization,Null,Infectious Disease,Health Outcome,,29690517,Literature,PubMed,,
PM2.5,Air Quality,Sepsis hospitalization,Null,Infectious Disease,Health Outcome,,29690517,Literature,PubMed,,
PM2.5,Air Quality,"asthma clinical encounters among children at lags 0, 1 and 2",Null,Respiratory Health,Health Outcome,,29466982,Literature,PubMed,,
PM2.5,Air Quality,asthma clinical encounter in low birthweight children (lag 1),Positive,Respiratory Health,Health Outcome,,29466982,Literature,PubMed,,
black carbon,Other,BW/GA z-score,Negative,Perinatal Health,Health Outcome,Plasma,29459230,Literature,PubMed,,
black carbon,Other,birth weight-for-gestational age (BW/GA) z-scores,Negative,Perinatal Health,Health Outcome,Plasma,29458383,Literature,PubMed,,
PM2.5,Air Quality,combined CHD death and nonfatal MI,Null,Cardiovascular Health,Health Outcome,,29447790,Literature,PubMed,,
PM2.5,Air Quality,CHD death,Null,Cardiovascular Health,Health Outcome,,29447790,Literature,PubMed,,
PM2.5,Air Quality,nonfatal MI,Negative,Cardiovascular Health,Health Outcome,,29447790,Literature,PubMed,,
PM2.5,Air Quality,incident chronic bronchitis,Null,Respiratory Health,Health Outcome,,29410384,Literature,PubMed,,
NO2,Air Quality,incident chronic bronchitis,Null,Respiratory Health,Health Outcome,,29410384,Literature,PubMed,,
PM2.5,Air Quality,prevalent chronic bronchitis in never-smokers,Positive,Respiratory Health,Health Outcome,,29410384,Literature,PubMed,,
NO2,Air Quality,prevalent chronic bronchitis in never-smokers,Positive,Respiratory Health,Health Outcome,,29410384,Literature,PubMed,,
NO2,Air Quality,cough in never-smokers,Positive,Respiratory Health,Health Outcome,,29410384,Literature,PubMed,,
NO2,Air Quality,phlegm in never-smokers,Positive,Respiratory Health,Health Outcome,,29410384,Literature,PubMed,,
PM2.5,Air Quality,FEV1,Negative,Cardiopulmonary Health,Health Outcome,,29316641,Literature,PubMed,,
PM2.5,Air Quality,FEV1 to FVC ratio,Negative,Cardiopulmonary Health,Health Outcome,,29316641,Literature,PubMed,,
PM2.5,Air Quality,congenital anomalies,Positive,Congenital Malformations,Health Outcome,,29237538,Literature,PubMed,,
PM2.5,Air Quality,abdominal wall defects,Positive,Congenital Malformations,Health Outcome,,29237538,Literature,PubMed,,
PM2.5,Air Quality,hypospadias,Positive,Congenital Malformations,Health Outcome,,29237538,Literature,PubMed,,
PM2.5,Air Quality,delinquent behavior,Positive,Behavioral Health,Health Outcome,,29234991,Literature,PubMed,,
PM2.5,Air Quality,progression of HAAs,Positive,Respiratory Health,Health Outcome,,29217611,Literature,PubMed,,
NO2,Air Quality,progression of HAAs,Positive,Respiratory Health,Health Outcome,,29217611,Literature,PubMed,,
PM2.5,Other,mammographic density in premenopausal women,Null,Oncology,Health Outcome,,29169389,Literature,PubMed,,
PM2.5,Other,mammographic density in postmenopausal women,Null,Oncology,Health Outcome,,29169389,Literature,PubMed,,
PM2.5,Other,percent mammographic density in postmenopausal women in the Northeast,Positive,Oncology,Health Outcome,,29169389,Literature,PubMed,,
O3,Air Quality,pregnancy loss,Positive,Reproductive Health,Health Outcome,,29153729,Literature,PubMed,,
O3,Air Quality,pregnancy loss,Null,Reproductive Health,Health Outcome,,29153729,Literature,PubMed,,
O3,Air Quality,fecundability,Negative,Reproductive Health,Health Outcome,,29136143,Literature,PubMed,,
O3,Air Quality,fecundability (cycle-average),Null,Reproductive Health,Health Outcome,,29136143,Literature,PubMed,,
outdoor temperature,Weather,preterm premature rupture of membranes,Positive,Maternal Health,Health Outcome,,29087988,Literature,PubMed,,
outdoor temperature,Weather,term premature rupture of membranes,Positive,Maternal Health,Health Outcome,,29087988,Literature,PubMed,,
outdoor temperature,Weather,preterm premature rupture of membranes,Negative,Maternal Health,Health Outcome,,29087988,Literature,PubMed,,
outdoor temperature,Weather,term premature rupture of membranes,Negative,Maternal Health,Health Outcome,,29087988,Literature,PubMed,,
PM2.5,Air Quality,multiple sclerosis,Null,Neurological Health,Health Outcome,,28938101,Literature,PubMed,,
PM2.5,Air Quality,incident eGFR <60 ml/min per 1.73 m2,Positive,Kidney Health,Health Outcome,,28935655,Literature,PubMed,Environmental Protection Agency database;Department of Veterans Affairs database,
PM2.5,Air Quality,incident CKD,Positive,Kidney Health,Health Outcome,,28935655,Literature,PubMed,Environmental Protection Agency database;Department of Veterans Affairs database,
PM2.5,Air Quality,eGFR decline ≥30%,Positive,Kidney Health,Health Outcome,,28935655,Literature,PubMed,Environmental Protection Agency database;Department of Veterans Affairs database,
PM2.5,Air Quality,ESRD,Positive,Kidney Health,Health Outcome,,28935655,Literature,PubMed,Environmental Protection Agency database;Department of Veterans Affairs database,
PM2.5,Air Quality,asthma incidence,Positive,Respiratory Health,Health Outcome,,28926373,Literature,PubMed,,
CO,Air Quality,asthma incidence,Positive,Respiratory Health,Health Outcome,,28926373,Literature,PubMed,,
PM2.5,Air Quality,mortality,Positive,Mortality,Health Outcome,,28832358,Literature,PubMed,,
PM2.5,Air Quality,all-cause hospitalizations,Positive,Circulatory diseases;Respiratory diseases;All-cause hospitalizations;Death,Health Outcome,,28768298,Literature,PubMed,,
PM2.5,Air Quality,hospitalizations for circulatory diseases,Positive,Circulatory diseases;Respiratory diseases;All-cause hospitalizations;Death,Health Outcome,,28768298,Literature,PubMed,,
PM2.5,Air Quality,all-cause hospitalizations,Positive,Circulatory diseases;Respiratory diseases;All-cause hospitalizations;Death,Health Outcome,,28768298,Literature,PubMed,,
PM2.5,Air Quality,hospitalizations for circulatory diseases,Positive,Circulatory diseases;Respiratory diseases;All-cause hospitalizations;Death,Health Outcome,,28768298,Literature,PubMed,,
PM2.5,Air Quality,hospitalizations for respiratory diseases,Positive,Circulatory diseases;Respiratory diseases;All-cause hospitalizations;Death,Health Outcome,,28768298,Literature,PubMed,,
PM2.5,Air Quality,coronary artery disease (CAD) index >23,Positive,Cardiovascular Disease,Health Outcome,,28763730,Literature,PubMed,,
PM2.5,Air Quality,recent myocardial infarction (MI),Positive,Cardiovascular Disease,Health Outcome,,28763730,Literature,PubMed,,
PM2.5,Air Quality,BMI-z in boys,Positive,Obesity;Pediatric Health,Health Outcome,,28759881,Literature,PubMed,,
PM2.5,Air Quality,fat mass in boys,Positive,Obesity;Pediatric Health,Health Outcome,,28759881,Literature,PubMed,,
PM2.5,Air Quality,WHR in girls,Positive,Obesity;Pediatric Health,Health Outcome,,28759881,Literature,PubMed,,
PM2.5,Air Quality,other measures of body composition,Null,Obesity;Pediatric Health,Health Outcome,,28759881,Literature,PubMed,,
black carbon,Air Quality,tumor necrosis factor receptor 2,Positive,Systemic Inflammation,Health Outcome,circulating biomarkers,28751572,Literature,PubMed,,
O3,Air Quality,tumor necrosis factor receptor 2,Positive,Systemic Inflammation,Health Outcome,circulating biomarkers,28751572,Literature,PubMed,,
black carbon,Air Quality,fibrinogen,Negative,Systemic Inflammation,Health Outcome,circulating biomarkers,28751572,Literature,PubMed,,
PM2.5,Air Quality,MRSA acquisition,Positive,Pulmonary Health;Infectious Disease,Health Outcome,,28750627,Literature,PubMed,,
PM2.5,Air Quality,MSSA acquisition,Null,Pulmonary Health;Infectious Disease,Health Outcome,,28750627,Literature,PubMed,,
PM2.5,Air Quality,S. maltophilia acquisition,Null,Pulmonary Health;Infectious Disease,Health Outcome,,28750627,Literature,PubMed,,
PM2.5,Air Quality,A. xylosoxidans acquisition,Null,Pulmonary Health;Infectious Disease,Health Outcome,,28750627,Literature,PubMed,,
PM2.5,Air Quality,Fenton z-score,Negative,Perinatal Health,Health Outcome,,28738263,Literature,PubMed,,
PM2.5,Air Quality,prevalent diabetes mellitus (DM),Positive,Metabolic Health;Diabetes,Health Outcome,dried blood spots,28712959,Literature,PubMed,,
NO2,Air Quality,prevalent diabetes mellitus (DM),Positive,Metabolic Health;Diabetes,Health Outcome,dried blood spots,28712959,Literature,PubMed,,
PM2.5,Air Quality,HbA1c levels in diabetic participants,Positive,Metabolic Health;Diabetes,Health Outcome,dried blood spots,28712959,Literature,PubMed,,
NO2,Air Quality,HbA1c levels in diabetic participants,Positive,Metabolic Health;Diabetes,Health Outcome,dried blood spots,28712959,Literature,PubMed,,
PM2.5,Air Quality,HbA1c levels in non-diabetic participants,Null,Metabolic Health;Diabetes,Health Outcome,dried blood spots,28712959,Literature,PubMed,,
NO2,Air Quality,HbA1c levels in non-diabetic participants,Positive,Metabolic Health;Diabetes,Health Outcome,dried blood spots,28712959,Literature,PubMed,,
PM2.5,Air Quality,all-cause mortality,Positive,Mortality,Health Outcome,,28657878,Literature,PubMed,,
O3,Air Quality,all-cause mortality,Positive,Mortality,Health Outcome,,28657878,Literature,PubMed,,
PM2.5,Air Quality,risk of death (restricted to PM2.5 < 12 μg per cubic meter and ozone < 50 ppb),Positive,Mortality,Health Outcome,,28657878,Literature,PubMed,,
O3,Air Quality,risk of death (restricted to PM2.5 < 12 μg per cubic meter and ozone < 50 ppb),Positive,Mortality,Health Outcome,,28657878,Literature,PubMed,,
PM2.5,Air Quality,incident lung AC,Null,Oncology,Health Outcome,,28646928,Literature,PubMed,,
PM2.5,Air Quality,incident lung AC (excluding those with prevalent non-melanoma skin cancer),Positive,Oncology,Health Outcome,,28646928,Literature,PubMed,,
PM2.5,Air Quality,incident lung AC (limiting to subjects who spent more than 1 h/day outdoors),Positive,Oncology,Health Outcome,,28646928,Literature,PubMed,,
PM2.5,Other,liver-fat measurements,Null,Hepatic Health,Health Outcome,,28605427,Literature,PubMed,,
12-month moving average PM2.5 exposures,Air Quality,respiratory mortality,Positive,Respiratory Health;Cardiovascular Health;Oncology,Health Outcome,,28541385,Literature,PubMed,,
12-month moving average PM2.5 exposures,Air Quality,chronic obstructive pulmonary disease mortality,Positive,Respiratory Health;Cardiovascular Health;Oncology,Health Outcome,,28541385,Literature,PubMed,,
12-month moving average PM2.5 exposures,Air Quality,pneumonia mortality,Positive,Respiratory Health;Cardiovascular Health;Oncology,Health Outcome,,28541385,Literature,PubMed,,
12-month moving average PM2.5 exposures,Air Quality,cardiovascular mortality,Positive,Respiratory Health;Cardiovascular Health;Oncology,Health Outcome,,28541385,Literature,PubMed,,
12-month moving average PM2.5 exposures,Air Quality,lung cancer mortality,Positive,Respiratory Health;Cardiovascular Health;Oncology,Health Outcome,,28541385,Literature,PubMed,,
60-month moving average PM2.5 exposures,Air Quality,lung cancer mortality,Positive,Respiratory Health;Cardiovascular Health;Oncology,Health Outcome,,28541385,Literature,PubMed,,
PM2.5,Air Quality,incident hypertension,Positive,Cardiovascular Health,Health Outcome,,28521192,Literature,PubMed,,
PM2.5,Air Quality,stroke (1-day lag),Null,Neurological Health,Health Outcome,,28456465,Literature,PubMed,,
PM2.5,Air Quality,stroke (2-day lag),Null,Neurological Health,Health Outcome,,28456465,Literature,PubMed,,
PM2.5,Air Quality,stroke (3-day lag),Null,Neurological Health,Health Outcome,,28456465,Literature,PubMed,,
black carbon,Air Quality,HDL cholesterol,Negative,Cardiovascular Health,Health Outcome,,28408373,Literature,PubMed,,
black carbon,Air Quality,HDL particle number,Negative,Cardiovascular Health,Health Outcome,,28408373,Literature,PubMed,,
PM2.5,Air Quality,HDL particle number,Negative,Cardiovascular Health,Health Outcome,,28408373,Literature,PubMed,,
PM2.5,Air Quality,HDL cholesterol,Null,Cardiovascular Health,Health Outcome,,28408373,Literature,PubMed,,
O3,Air Quality,depression,Positive,Mental Health,Health Outcome,,28369173,Literature,PubMed,,
PM2.5,Air Quality,depression,Positive,Mental Health,Health Outcome,,28369173,Literature,PubMed,,
O3,Air Quality,antidepressant use,Positive,Mental Health,Health Outcome,,28369173,Literature,PubMed,,
PM2.5,Air Quality,antidepressant use,Positive,Mental Health,Health Outcome,,28369173,Literature,PubMed,,
PM2.5,Other,thoracic aortic calcium Agatston score (TAC),Null,Cardiovascular Health,Health Outcome,,28302634,Literature,PubMed,,
PM2.5,Other,abdominal aortic calcium Agatston score (AAC),Null,Cardiovascular Health,Health Outcome,,28302634,Literature,PubMed,,
PM2.5,Other,AAC progression,Null,Cardiovascular Health,Health Outcome,,28302634,Literature,PubMed,,
Wildfire smoke,Air Quality,IL-8 protein synthesis,Negative,Immune Health;Respiratory Health,Health Outcome,Peripheral blood mononuclear cells (PBMCs),28208028,Literature,PubMed,,
Wildfire smoke,Air Quality,IL-6 protein synthesis,Negative,Immune Health;Respiratory Health,Health Outcome,Peripheral blood mononuclear cells (PBMCs),28208028,Literature,PubMed,,
Wildfire smoke,Air Quality,inspiratory capacity,Negative,Immune Health;Respiratory Health,Health Outcome,Peripheral blood mononuclear cells (PBMCs),28208028,Literature,PubMed,,
Wildfire smoke,Air Quality,residual volume,Negative,Immune Health;Respiratory Health,Health Outcome,Peripheral blood mononuclear cells (PBMCs),28208028,Literature,PubMed,,
Wildfire smoke,Air Quality,vital capacity,Negative,Immune Health;Respiratory Health,Health Outcome,Peripheral blood mononuclear cells (PBMCs),28208028,Literature,PubMed,,
Wildfire smoke,Air Quality,functional residual capacity,Negative,Immune Health;Respiratory Health,Health Outcome,Peripheral blood mononuclear cells (PBMCs),28208028,Literature,PubMed,,
Wildfire smoke,Air Quality,total lung capacity,Negative,Immune Health;Respiratory Health,Health Outcome,Peripheral blood mononuclear cells (PBMCs),28208028,Literature,PubMed,,
O3,Air Quality,incident type 2 diabetes,Positive,Metabolic Health,Health Outcome,,28153529,Literature,PubMed,,
PM2.5,Air Quality,anemia prevalence,Positive,Hematologic Health,Health Outcome,dried blood spots,28153527,Literature,PubMed,,
PM2.5,Air Quality,hemoglobin levels,Negative,Hematologic Health,Health Outcome,dried blood spots,28153527,Literature,PubMed,,
NO2,Air Quality,anemia prevalence,Positive,Hematologic Health,Health Outcome,dried blood spots,28153527,Literature,PubMed,,
NO2,Air Quality,hemoglobin levels,Negative,Hematologic Health,Health Outcome,dried blood spots,28153527,Literature,PubMed,,
PM2.5,Air Quality,mediation by CRP,Positive,Hematologic Health,Health Outcome,dried blood spots,28153527,Literature,PubMed,,
PM2.5,Air Quality,cardiovascular mortality,Positive,Cardiovascular Health,Health Outcome,,28142053,Literature,PubMed,,
PM2.5 and cigarette smoking,Air Quality,cardiovascular mortality,Positive,Cardiovascular Health,Health Outcome,,28142053,Literature,PubMed,,
PM2.5,Air Quality,all-cause mortality,Positive,Cardiovascular Health,Health Outcome,,28142053,Literature,PubMed,,
benzene,Air Quality,use of academic support services,Positive,Neurological Health,Health Outcome,,28100255,Literature,PubMed,,
PM2.5,Air Quality,birth weight,Negative,Birth Outcomes,Health Outcome,,28099267,Literature,PubMed,,
PM2.5,Air Quality,birth weight,Negative,Birth Outcomes,Health Outcome,,28099267,Literature,PubMed,,
PM2.5,Air Quality,birth weight,Null,Birth Outcomes,Health Outcome,,28099267,Literature,PubMed,,
Short-term PM2.5 exposure,Air Quality,premature ventricular contractions (PVC),Positive,Cardiovascular Health,Health Outcome,,28061370,Literature,PubMed,,
Long-term PM2.5 exposure,Air Quality,premature ventricular contractions (PVC),Positive,Cardiovascular Health,Health Outcome,,28061370,Literature,PubMed,,
residence-specific temperature,Weather,ventricular ectopy (VE) episodes,Positive,Cardiovascular Health,Health Outcome,,28001123,Literature,PubMed,,
central temperature,Weather,ventricular ectopy (VE) episodes,Positive,Cardiovascular Health,Health Outcome,,28001123,Literature,PubMed,,
O3,Air Quality,hypertensive disorders of pregnancy (HDP),Positive,Maternal Health;Cardiovascular Health,Health Outcome,,27940104,Literature,PubMed,,
O3,Air Quality,hypertensive disorders of pregnancy (HDP),Positive,Maternal Health;Cardiovascular Health,Health Outcome,,27940104,Literature,PubMed,,
O3,Air Quality,hypertensive disorders of pregnancy (HDP),Positive,Maternal Health;Cardiovascular Health,Health Outcome,,27940104,Literature,PubMed,,
O3,Air Quality,hypertensive disorders of pregnancy (HDP),Positive,Maternal Health;Cardiovascular Health,Health Outcome,,27940104,Literature,PubMed,,
PM2.5,Air Quality,"preterm birth (PTB) (births between 28 and 31 weeks, week 7 exposure, CE dating)",Positive,Reproductive Health,Health Outcome,,27919061,Literature,PubMed,,
PM2.5,Air Quality,"preterm birth (PTB) (births between 28 and 31 weeks, week 7 exposure, LMP dating)",Positive,Reproductive Health,Health Outcome,,27919061,Literature,PubMed,,
PM2.5,Air Quality,"preterm birth (PTB) (births between 28 and 31 weeks, week 24 exposure, CE dating)",Positive,Reproductive Health,Health Outcome,,27919061,Literature,PubMed,,
PM2.5,Air Quality,"preterm birth (PTB) (births between 28 and 31 weeks, week 24 exposure, LMP dating)",Null,Reproductive Health,Health Outcome,,27919061,Literature,PubMed,,
apparent temperature,Weather,hs-CRP,Negative,Cardiovascular Health,Health Outcome,Serum,27835857,Literature,PubMed,,
apparent temperature,Weather,fibrinogen,Negative,Cardiovascular Health,Health Outcome,Serum,27835857,Literature,PubMed,,
apparent temperature,Weather,tissue plasminogen activator antigen (tPA-ag),Negative,Cardiovascular Health,Health Outcome,Serum,27835857,Literature,PubMed,,
apparent temperature,Weather,tissue plasminogen activator antigen (tPA-ag),Positive,Cardiovascular Health,Health Outcome,Serum,27835857,Literature,PubMed,,
apparent temperature,Weather,tissue plasminogen activator antigen (PAI-1),Negative,Cardiovascular Health,Health Outcome,Serum,27835857,Literature,PubMed,,
apparent temperature,Weather,tissue plasminogen activator antigen (PAI-1),Positive,Cardiovascular Health,Health Outcome,Serum,27835857,Literature,PubMed,,
apparent temperature,Weather,Factor VIIc,Negative,Cardiovascular Health,Health Outcome,Serum,27835857,Literature,PubMed,,
apparent temperature,Weather,high-density lipoprotein (HDL),Negative,Cardiovascular Health,Health Outcome,Serum,27835857,Literature,PubMed,,
apparent temperature,Weather,total cholesterol,Negative,Cardiovascular Health,Health Outcome,Serum,27835857,Literature,PubMed,,
apparent temperature,Weather,triglycerides,Positive,Cardiovascular Health,Health Outcome,Serum,27835857,Literature,PubMed,,
PM2.5,Air Quality,probability of becoming 85- to 94-year-olds,Negative,exceptional aging,Health Outcome,,27138440,Literature,PubMed,,
PM2.5,Air Quality,probability of becoming centenarians (100- to 104-year-olds),Negative,exceptional aging,Health Outcome,,27138440,Literature,PubMed,,
walkability index,Built Environment,moderate or greater depression symptoms,Positive,Mental Health,Health Outcome,,27720338,Literature,PubMed,,
walkability index,Built Environment,doctor-diagnosed depression,Positive,Mental Health,Health Outcome,,27720338,Literature,PubMed,,
walkability index,Built Environment,current antidepressant use,Positive,Mental Health,Health Outcome,,27720338,Literature,PubMed,,
Indoor temperature,Weather,"Breathlessness, Cough, and Sputum Scale scores",Positive,Respiratory Health,Health Outcome,,27684429,Literature,PubMed,,
Indoor temperature,Weather,Rescue inhaler use,Positive,Respiratory Health,Health Outcome,,27684429,Literature,PubMed,,
outdoor temperature,Weather,"Breathlessness, Cough, and Sputum Scale scores",Positive,Respiratory Health,Health Outcome,,27684429,Literature,PubMed,,
PM2.5,Air Quality,systemic onset juvenile idiopathic arthritis (SJIA),Null,Rheumatology;Pediatric Health,Health Outcome,,27607024,Literature,PubMed,,
PM2.5,Air Quality,systemic onset juvenile idiopathic arthritis (SJIA) in children <5.5 years,Null,Rheumatology;Pediatric Health,Health Outcome,,27607024,Literature,PubMed,,
PM2.5 (3-day lagged moving average),Air Quality,systemic onset juvenile idiopathic arthritis (SJIA) in children <5.5 years (pooled analysis),Positive,Rheumatology;Pediatric Health,Health Outcome,,27607024,Literature,PubMed,,
PM2.5 black carbon,Air Quality,reactive hyperemia index (RHI),Negative,Cardiovascular Health,Health Outcome,,27494542,Literature,PubMed,,
CO,Air Quality,reactive hyperemia index (RHI),Negative,Cardiovascular Health,Health Outcome,,27494542,Literature,PubMed,,
PM2.5 black carbon (BC),Air Quality,reactive hyperemia index (RHI),Negative,Cardiovascular Health,Health Outcome,,27460097,Literature,PubMed,,
CO,Air Quality,reactive hyperemia index (RHI),Negative,Cardiovascular Health,Health Outcome,,27460097,Literature,PubMed,,
PM2.5,Other,smaller BPF,Null,Neurological Health,Health Outcome,,27372639,Literature,PubMed,,
PM2.5,Other,greater WMH volume,Null,Neurological Health,Health Outcome,,27372639,Literature,PubMed,,
PM2.5,Other,higher odds of microbleeds,Null,Neurological Health,Health Outcome,,27372639,Literature,PubMed,,
PM2.5,Other,natural log-transformed WMH volume,Negative,Neurological Health,Health Outcome,,27372639,Literature,PubMed,,
PM2.5,Other,detectable CAC,Null,Cardiovascular Health,Health Outcome,,27312220,Literature,PubMed,,
PM2.5,Other,continuous CAC,Null,Cardiovascular Health,Health Outcome,,27312220,Literature,PubMed,,
PM2.5,Other,CAC progression,Null,Cardiovascular Health,Health Outcome,,27312220,Literature,PubMed,,
PM2.5,Air Quality,incident asthma,Null,Respiratory Health,Health Outcome,,27288040,Literature,PubMed,,
PM2.5,Air Quality,COPD,Null,Respiratory Health,Health Outcome,,27288040,Literature,PubMed,,
PM2.5,Air Quality,COPD among never smokers,Positive,Respiratory Health,Health Outcome,,27288040,Literature,PubMed,,
PM2.5,Air Quality,Ischemic heart disease (IHD) incidence in smelters,Positive,Cardiovascular Health,Health Outcome,,27249060,Literature,PubMed,,
PM2.5,Air Quality,Ischemic heart disease (IHD) incidence in fabrication,Positive,Cardiovascular Health,Health Outcome,,27249060,Literature,PubMed,,
PM2.5,Air Quality,progression of coronary artery calcium,Positive,Cardiovascular Health,Health Outcome,,27233746,Literature,PubMed,,
PM2.5,Air Quality,mean carotid artery intima-media thickness,Null,Cardiovascular Health,Health Outcome,,27233746,Literature,PubMed,,
O3,Air Quality,term low birth weight,Positive,Perinatal Health,Health Outcome,,27164556,Literature,PubMed,,
PM2.5,Air Quality,term low birth weight,Null,Perinatal Health,Health Outcome,,27164556,Literature,PubMed,,
NO2,Air Quality,term low birth weight,Null,Perinatal Health,Health Outcome,,27164556,Literature,PubMed,,
ambient temperature,Weather,antral follicle count (AFC),Negative,Reproductive Health,Health Outcome,,34116830,Literature,PubMed,,
ambient temperature,Weather,antral follicle count (AFC),Negative,Reproductive Health,Health Outcome,,34116830,Literature,PubMed,,
ambient temperature,Weather,antral follicle count (AFC),Negative,Reproductive Health,Health Outcome,,34116830,Literature,PubMed,,
NO2,Air Quality,change in infant weight,Positive,Infant Growth and Adiposity;Childhood Obesity,Health Outcome,,34090448,Literature,PubMed,,
NO2,Air Quality,change in total subcutaneous fat (TSF),Positive,Infant Growth and Adiposity;Childhood Obesity,Health Outcome,,34090448,Literature,PubMed,,
PM2.5,Air Quality,change in total subcutaneous fat (TSF),Positive,Infant Growth and Adiposity;Childhood Obesity,Health Outcome,,34090448,Literature,PubMed,,
PM2.5,Air Quality,COVID-19 hospitalization,Positive,Infectious Disease;COVID-19 outcomes,Health Outcome,,33964723,Literature,PubMed,,
PM2.5,Air Quality,all-cause mortality,Positive,All-cause mortality,Health Outcome,,33957920,Literature,PubMed,,
O3,Air Quality,all-cause mortality,Positive,All-cause mortality,Health Outcome,,33957920,Literature,PubMed,,
NO2,Air Quality,all-cause mortality,Positive,All-cause mortality,Health Outcome,,33957920,Literature,PubMed,,
PM2.5,Air Quality,cardiovascular mortality,Positive,Cardiovascular Health,Health Outcome,,33942622,Literature,PubMed,,
PM2.5,Air Quality,stroke,Null,Cardiovascular Health,Health Outcome,,33942622,Literature,PubMed,,
PM2.5,Air Quality,acute myocardial infarction,Null,Cardiovascular Health,Health Outcome,,33942622,Literature,PubMed,,
PM2.5,Air Quality,cardiovascular mortality (at levels <12 µg/m3),Positive,Cardiovascular Health,Health Outcome,,33942622,Literature,PubMed,,
PM2.5,Air Quality,stroke (at levels <12 µg/m3),Positive,Cardiovascular Health,Health Outcome,,33942622,Literature,PubMed,,
PM2.5,Air Quality,acute myocardial infarction (at levels <12 µg/m3),Positive,Cardiovascular Health,Health Outcome,,33942622,Literature,PubMed,,
NO2 and PM2.5,Air Quality,ER visits among individuals with asthma,Negative,Respiratory Health;Cardiovascular Health;Endocrine Health,Health Outcome,,35869754,Literature,PubMed,,
single-year ambient PM2.5,Air Quality,incident dementia,Positive,Neurological Health,Health Outcome,,33904156,Literature,PubMed,,
single-year ambient PM2.5,Air Quality,incident MCI,Positive,Neurological Health,Health Outcome,,33904156,Literature,PubMed,,
5-year ambient PM2.5,Air Quality,incident dementia,Positive,Neurological Health,Health Outcome,,33904156,Literature,PubMed,,
5-year ambient PM2.5,Air Quality,incident MCI,Positive,Neurological Health,Health Outcome,,33904156,Literature,PubMed,,
PM2.5,Air Quality,preterm birth,Positive,Perinatal Health,Health Outcome,,33859340,Literature,PubMed,,
O3,Air Quality,preterm birth,Positive,Perinatal Health,Health Outcome,,33859340,Literature,PubMed,,
PM2.5,Air Quality,incident obesity,Positive,Obesity;Weight Gain,Health Outcome,,33793302,Literature,PubMed,,
PM2.5,Air Quality,10-lb increase in weight,Positive,Obesity;Weight Gain,Health Outcome,,33793302,Literature,PubMed,,
PM2.5,Air Quality,intra-individual changes in BMI,Positive,Obesity;Weight Gain,Health Outcome,,33793302,Literature,PubMed,,
PM2.5,Air Quality,intra-individual changes in weight,Positive,Obesity;Weight Gain,Health Outcome,,33793302,Literature,PubMed,,
PM2.5,Air Quality,cardiovascular mortality,Positive,Cardiovascular Health;Respiratory Health,Health Outcome,,33662228,Literature,PubMed,,
PM2.5,Air Quality,cardiovascular mortality (low exposure analyses),Positive,Cardiovascular Health;Respiratory Health,Health Outcome,,33662228,Literature,PubMed,,
PM2.5,Air Quality,acute myocardial infarction,Null,Cardiovascular Health;Respiratory Health,Health Outcome,,33662228,Literature,PubMed,,
PM2.5,Air Quality,stroke,Null,Cardiovascular Health;Respiratory Health,Health Outcome,,33662228,Literature,PubMed,,
PM2.5,Air Quality,all-cause mortality,Positive,Oncology;Cardiopulmonary Health,Health Outcome,,33644681,Literature,PubMed,,
PM2.5,Air Quality,cardiovascular mortality,Positive,Oncology;Cardiopulmonary Health,Health Outcome,,33644681,Literature,PubMed,,
PM2.5,Air Quality,chronic obstructive pulmonary disease mortality,Positive,Oncology;Cardiopulmonary Health,Health Outcome,,33644681,Literature,PubMed,,
PM2.5,Air Quality,influenza and pneumonia mortality,Positive,Oncology;Cardiopulmonary Health,Health Outcome,,33644681,Literature,PubMed,,
PM2.5,Air Quality,cardiopulmonary mortality,Positive,Oncology;Cardiopulmonary Health,Health Outcome,,33644681,Literature,PubMed,,
long-term PM2.5,Air Quality,all-cause mortality rate,Positive,All-cause mortality,Health Outcome,,33622353,Literature,PubMed,,
long-term PM2.5,Air Quality,all-cause mortality rate,Positive,All-cause mortality,Health Outcome,,33622353,Literature,PubMed,,
O3,Air Quality,all-cause mortality rate,Positive,All-cause mortality,Health Outcome,,33622353,Literature,PubMed,,
NO2,Air Quality,all-cause mortality rate,Positive,All-cause mortality,Health Outcome,,33622353,Literature,PubMed,,
PM2.5,Air Quality,hospital admissions for ischemic stroke,Positive,Cardiovascular Health;Respiratory Health,Health Outcome,,33611922,Literature,PubMed,,
PM2.5,Air Quality,hospital admissions for ischemic stroke,Positive,Cardiovascular Health;Respiratory Health,Health Outcome,,33611922,Literature,PubMed,,
NO2,Air Quality,hospital admissions for ischemic stroke,Positive,Cardiovascular Health;Respiratory Health,Health Outcome,,33611922,Literature,PubMed,,
NO2,Air Quality,hospital admissions for atrial fibrillation and flutter,Positive,Cardiovascular Health;Respiratory Health,Health Outcome,,33611922,Literature,PubMed,,
PM2.5,Air Quality,verbal fluency,Null,Neurological Health,Health Outcome,,33492285,Literature,PubMed,,
O3,Air Quality,verbal fluency,Negative,Neurological Health,Health Outcome,,33492285,Literature,PubMed,,
O3,Air Quality,executive function,Null,Neurological Health,Health Outcome,,33492285,Literature,PubMed,,
PM2.5,Air Quality,incident cognitive impairment among those with 13 or more years of education,Null,Neurological Health,Health Outcome,,33337363,Literature,PubMed,,
PM2.5,Air Quality,incident cognitive impairment among those with 8 or fewer years of education,Positive,Neurological Health,Health Outcome,,33337363,Literature,PubMed,,
PM2.5,Air Quality,placental abruption,Positive,Maternal and Fetal Health,Health Outcome,,33295612,Literature,PubMed,,
NO2,Air Quality,placental abruption,Positive,Maternal and Fetal Health,Health Outcome,,33295612,Literature,PubMed,,
NO2,Air Quality,placental abruption,Null,Maternal and Fetal Health,Health Outcome,,33295612,Literature,PubMed,,
PM2.5 and nitrogen dioxide,Air Quality,placental abruption,Positive,Maternal and Fetal Health,Health Outcome,,33295612,Literature,PubMed,,
PM2.5 and nitrogen dioxide,Air Quality,placental abruption,Positive,Maternal and Fetal Health,Health Outcome,,33295612,Literature,PubMed,,
heating season,Air Quality,indoor PM2.5 concentrations of non-ambient origin,Positive,Environmental Health,Health Outcome,,33275921,Literature,PubMed,,
NO2,Air Quality,depressive symptoms (DS),Positive,Mental Health;Cognitive Health,Health Outcome,,33205418,Literature,PubMed,,
PM2.5,Air Quality,depressive symptoms (DS),Positive,Mental Health;Cognitive Health,Health Outcome,,33205418,Literature,PubMed,,
NO2,Air Quality,episodic memory (EM) declines mediated by DS,Negative,Mental Health;Cognitive Health,Health Outcome,,33205418,Literature,PubMed,,
PM2.5,Air Quality,episodic memory (EM) declines mediated by DS,Negative,Mental Health;Cognitive Health,Health Outcome,,33205418,Literature,PubMed,,
CO,Air Quality,mortality,Positive,Oncology;Neurological Health,Health Outcome,,33161654,Literature,PubMed,,
PM2.5,Air Quality,first hospital admission for Parkinson's disease,Positive,Neurological Health,Health Outcome,,33091388,Literature,PubMed,,
PM2.5,Air Quality,first hospital admission for Alzheimer's disease and related dementias,Positive,Neurological Health,Health Outcome,,33091388,Literature,PubMed,,
PM2.5,Air Quality,all cancer incidence,Positive,Oncology,Health Outcome,,33035119,Literature,PubMed,,
PM2.5,Air Quality,lung cancer incidence,Positive,Oncology,Health Outcome,,33035119,Literature,PubMed,,
PM2.5,Air Quality,oral cancer incidence,Positive,Oncology,Health Outcome,,33035119,Literature,PubMed,,
PM2.5,Air Quality,rectal cancer incidence,Positive,Oncology,Health Outcome,,33035119,Literature,PubMed,,
PM2.5,Air Quality,liver cancer incidence,Positive,Oncology,Health Outcome,,33035119,Literature,PubMed,,
PM2.5,Air Quality,skin cancer incidence,Positive,Oncology,Health Outcome,,33035119,Literature,PubMed,,
PM2.5,Air Quality,breast cancer incidence,Positive,Oncology,Health Outcome,,33035119,Literature,PubMed,,
PM2.5,Air Quality,kidney cancer incidence,Positive,Oncology,Health Outcome,,33035119,Literature,PubMed,,
NO2,Air Quality,pregnancy loss after 30 days,Positive,Reproductive Health,Health Outcome,,32937174,Literature,PubMed,,
NO2,Air Quality,pregnancy loss in the first 30 days,Null,Reproductive Health,Health Outcome,,32937174,Literature,PubMed,,
O3,Air Quality,pregnancy loss,Null,Reproductive Health,Health Outcome,,32937174,Literature,PubMed,,
black carbon,Air Quality,pregnancy loss,Null,Reproductive Health,Health Outcome,,32937174,Literature,PubMed,,
PM2.5,Air Quality,ischemic stroke,Positive,Cardiovascular Health;Neurological Health,Health Outcome,,32930777,Literature,PubMed,,
PM2.5,Air Quality,ischemic stroke,Positive,Cardiovascular Health;Neurological Health,Health Outcome,,32930777,Literature,PubMed,,
PM2.5,Air Quality,ischemic stroke,Positive,Cardiovascular Health;Neurological Health,Health Outcome,,32930777,Literature,PubMed,,
PM2.5,Air Quality,ischemic stroke,Positive,Cardiovascular Health;Neurological Health,Health Outcome,,32930777,Literature,PubMed,,
total PM2.5 (preconception),Air Quality,gestational diabetes mellitus,Positive,Metabolic Health,Health Outcome,,32745750,Literature,PubMed,,
total PM2.5 (first trimester),Air Quality,gestational diabetes mellitus,Positive,Metabolic Health,Health Outcome,,32745750,Literature,PubMed,,
total PM2.5 (second trimester),Air Quality,gestational diabetes mellitus,Positive,Metabolic Health,Health Outcome,,32745750,Literature,PubMed,,
ammonium ion PM2.5 (first trimester),Air Quality,gestational diabetes mellitus,Positive,Metabolic Health,Health Outcome,,32745750,Literature,PubMed,,
sulfate PM2.5 (first trimester),Air Quality,gestational diabetes mellitus,Positive,Metabolic Health,Health Outcome,,32745750,Literature,PubMed,,
Cr PM2.5 (preconception),Air Quality,gestational diabetes mellitus,Positive,Metabolic Health,Health Outcome,,32745750,Literature,PubMed,,
PM2.5,Air Quality,preterm birth,Null,Maternal and Child Health,Health Outcome,,32678729,Literature,PubMed,,
NO2,Air Quality,preterm birth,Null,Maternal and Child Health,Health Outcome,,32678729,Literature,PubMed,,
PM2.5,Air Quality,task performance on individual measures of neurocognition,Null,Neurological Health,Health Outcome,,32659528,Literature,PubMed,,
PM2.5,Air Quality,gestational diabetes mellitus,Null,Metabolic Health;Maternal Health,Health Outcome,,32464573,Literature,PubMed,,
PM2.5,Air Quality,all cancer mortality,Positive,Cancer,Health Outcome,,32462559,Literature,PubMed,,
PM2.5,Air Quality,all cancer mortality,Positive,Cancer,Health Outcome,,32462559,Literature,PubMed,,
PM2.5,Air Quality,lung cancer mortality,Positive,Cancer,Health Outcome,,32462559,Literature,PubMed,,
PM2.5,Air Quality,stomach cancer mortality,Positive,Cancer,Health Outcome,,32462559,Literature,PubMed,,
PM2.5,Air Quality,colorectal cancer mortality,Positive,Cancer,Health Outcome,,32462559,Literature,PubMed,,
PM2.5,Air Quality,liver cancer mortality,Positive,Cancer,Health Outcome,,32462559,Literature,PubMed,,
PM2.5,Air Quality,breast cancer mortality,Positive,Cancer,Health Outcome,,32462559,Literature,PubMed,,
PM2.5,Air Quality,cervix cancer mortality,Positive,Cancer,Health Outcome,,32462559,Literature,PubMed,,
PM2.5,Air Quality,bladder cancer mortality,Positive,Cancer,Health Outcome,,32462559,Literature,PubMed,,
PM2.5,Air Quality,Hodgkin lymphoma mortality,Positive,Cancer,Health Outcome,,32462559,Literature,PubMed,,
PM2.5,Air Quality,non-Hodgkin lymphoma mortality,Positive,Cancer,Health Outcome,,32462559,Literature,PubMed,,
PM2.5,Air Quality,leukemia mortality,Positive,Cancer,Health Outcome,,32462559,Literature,PubMed,,
PM2.5,Air Quality,all-cause mortality,Positive,Cardiovascular Health,Health Outcome,,32172639,Literature,PubMed,,
PM2.5,Air Quality,years of life lost,Positive,Cardiovascular Health,Health Outcome,,32172639,Literature,PubMed,,
PM2.5,Air Quality,diabetes diagnosis,Positive,Kidney Disease;Diabetes,Health Outcome,,32165691,Literature,PubMed,,
PM2.5,Air Quality,use of diabetes medication,Positive,Kidney Disease;Diabetes,Health Outcome,,32165691,Literature,PubMed,,
PM2.5,Air Quality,incident eGFR <60 ml/min/1.73 m2,Positive,Kidney Disease;Diabetes,Health Outcome,,32165691,Literature,PubMed,,
PM2.5,Air Quality,incident CKD,Positive,Kidney Disease;Diabetes,Health Outcome,,32165691,Literature,PubMed,,
PM2.5,Air Quality,>=30% decline in eGFR,Positive,Kidney Disease;Diabetes,Health Outcome,,32165691,Literature,PubMed,,
PM2.5,Air Quality,end-stage renal disease (ESRD) or >=50% decline in eGFR,Positive,Kidney Disease;Diabetes,Health Outcome,,32165691,Literature,PubMed,,
PM2.5,Air Quality,incident eGFR <60 ml/min/1.73 m2 mediated by diabetes,Positive,Kidney Disease;Diabetes,Health Outcome,,32165691,Literature,PubMed,,
PM2.5,Air Quality,incident CKD mediated by diabetes,Positive,Kidney Disease;Diabetes,Health Outcome,,32165691,Literature,PubMed,,
PM2.5,Air Quality,>=30% decline in eGFR mediated by diabetes,Positive,Kidney Disease;Diabetes,Health Outcome,,32165691,Literature,PubMed,,
PM2.5,Air Quality,end-stage renal disease (ESRD) or >=50% decline in eGFR mediated by diabetes,Positive,Kidney Disease;Diabetes,Health Outcome,,32165691,Literature,PubMed,,
PM2.5,Other,mortalità cardiovascolare,Positive,Cardiovascular Health,Health Outcome,,32126602,Literature,PubMed,,
PM2.5,Other,eventi coronarici,Positive,Cardiovascular Health,Health Outcome,,32126602,Literature,PubMed,,
PM2.5,Air Quality,eGFR,Null,Renal Health,Health Outcome,Urine,32108020,Literature,PubMed,,
PM2.5,Air Quality,urinary albumin-creatinine ratio (UACR),Positive,Renal Health,Health Outcome,Urine,32108020,Literature,PubMed,,
PM2.5,Air Quality,incident CKD,Positive,Renal Health,Health Outcome,Urine,32108020,Literature,PubMed,,
PM2.5,Air Quality,weight in females,Positive,Pediatric Health,Health Outcome,,32102302,Literature,PubMed,,
PM2.5,Air Quality,weight in males,Negative,Pediatric Health,Health Outcome,,32102302,Literature,PubMed,,
PM2.5,Air Quality,combined all-cause mortality and nonfatal CVD events,Positive,Cardiovascular Health,Health Outcome,,32046641,Literature,PubMed,,
PM2.5,Air Quality,combined all-cause mortality and nonfatal CVD events (mediating Cumulative Social Risk),Positive,Cardiovascular Health,Health Outcome,,32046641,Literature,PubMed,,
O3,Air Quality,respiratory hospital admission during the first year of life,Positive,Respiratory Health,Health Outcome,,32026503,Literature,PubMed,,
PM2.5,Air Quality,nonaccidental mortality (1991 CanCHEC),Positive,Mortality,Health Outcome,,31909580,Literature,PubMed,,
PM2.5,Air Quality,nonaccidental mortality (1996 CanCHEC),Positive,Mortality,Health Outcome,,31909580,Literature,PubMed,,
PM2.5,Air Quality,nonaccidental mortality (2001 CanCHEC),Positive,Mortality,Health Outcome,,31909580,Literature,PubMed,,
PM2.5,Air Quality,nonaccidental mortality (pooled cohort),Positive,Mortality,Health Outcome,,31909580,Literature,PubMed,,
PM2.5,Air Quality,nonaccidental mortality (CCHS),Positive,Mortality,Health Outcome,,31909580,Literature,PubMed,,
PM2.5,Air Quality,nonaccidental mortality (CCHS with behavioral covariates),Positive,Mortality,Health Outcome,,31909580,Literature,PubMed,,
O3,Air Quality,short-acting beta-2 agonists (SABA) use,Positive,Respiratory Health,Health Outcome,,31836258,Literature,PubMed,,
O3,Air Quality,short-acting beta-2 agonists (SABA) use in children,Positive,Respiratory Health,Health Outcome,,31836258,Literature,PubMed,,
O3,Air Quality,short-acting beta-2 agonists (SABA) use in adults,Positive,Respiratory Health,Health Outcome,,31836258,Literature,PubMed,,
O3,Air Quality,emphysema,Positive,Respiratory Health,Health Outcome,,31816012,Literature,PubMed,,
O3,Air Quality,air trapping,Positive,Respiratory Health,Health Outcome,,31816012,Literature,PubMed,,
O3,Air Quality,modified Medical Research Council (mMRC) Dyspnea Scale,Positive,Respiratory Health,Health Outcome,,31816012,Literature,PubMed,,
O3,Air Quality,COPD Assessment Test (CAT),Positive,Respiratory Health,Health Outcome,,31816012,Literature,PubMed,,
O3,Air Quality,St. George's Respiratory Questionnaire (SGRQ),Positive,Respiratory Health,Health Outcome,,31816012,Literature,PubMed,,
O3,Air Quality,postbronchodilator forced expiratory volume in the first second of expiration (FEV1) % predicted,Negative,Respiratory Health,Health Outcome,,31816012,Literature,PubMed,,
O3,Air Quality,any exacerbation,Positive,Respiratory Health,Health Outcome,,31816012,Literature,PubMed,,
O3,Air Quality,severe exacerbation,Positive,Respiratory Health,Health Outcome,,31816012,Literature,PubMed,,
O3,Air Quality,chronic bronchitis diagnosis,Null,Respiratory Health,Health Outcome,,31816012,Literature,PubMed,,
O3,Air Quality,Spirometry-confirmed COPD,Null,Respiratory Health,Health Outcome,,31816012,Literature,PubMed,,
O3,Air Quality,airway wall thickness,Null,Respiratory Health,Health Outcome,,31816012,Literature,PubMed,,
O3,Air Quality,6-minute walk test,Null,Respiratory Health,Health Outcome,,31816012,Literature,PubMed,,
PM2.5,Air Quality,sudden unexpected deaths,Positive,Mortality,Health Outcome,,31756798,Literature,PubMed,,
O3,Air Quality,sudden unexpected deaths,Negative,Mortality,Health Outcome,,31756798,Literature,PubMed,,
PM2.5,Air Quality,mortality,Positive,All-cause mortality;Cardiopulmonary mortality,Health Outcome,,31752939,Literature,PubMed,,
PM2.5,Air Quality,mortality,Positive,All-cause mortality;Cardiopulmonary mortality,Health Outcome,,31752939,Literature,PubMed,,
PM2.5,Air Quality,mortality,Positive,All-cause mortality;Cardiopulmonary mortality,Health Outcome,,31752939,Literature,PubMed,,
PM2.5,Air Quality,cardiovascular disease,Positive,Cause-Specific Mortality,Health Outcome,,31747037,Literature,PubMed,,
PM2.5,Air Quality,cerebrovascular disease,Positive,Cause-Specific Mortality,Health Outcome,,31747037,Literature,PubMed,,
PM2.5,Air Quality,chronic kidney disease,Positive,Cause-Specific Mortality,Health Outcome,,31747037,Literature,PubMed,,
PM2.5,Air Quality,COPD,Positive,Cause-Specific Mortality,Health Outcome,,31747037,Literature,PubMed,,
PM2.5,Air Quality,dementia,Positive,Cause-Specific Mortality,Health Outcome,,31747037,Literature,PubMed,,
PM2.5,Air Quality,type 2 diabetes,Positive,Cause-Specific Mortality,Health Outcome,,31747037,Literature,PubMed,,
PM2.5,Air Quality,hypertension,Positive,Cause-Specific Mortality,Health Outcome,,31747037,Literature,PubMed,,
PM2.5,Air Quality,lung cancer,Positive,Cause-Specific Mortality,Health Outcome,,31747037,Literature,PubMed,,
PM2.5,Air Quality,pneumonia,Positive,Cause-Specific Mortality,Health Outcome,,31747037,Literature,PubMed,,
PM2.5,Air Quality,nonaccidental causes,Positive,Cause-Specific Mortality,Health Outcome,,31747037,Literature,PubMed,,
PM2.5,Air Quality,Immediate free recall/new learning (List A Trials 1-3),Positive,Neurological Health,Health Outcome,,31746986,Literature,PubMed,,
PM2.5,Air Quality,List B performance,Positive,Neurological Health,Health Outcome,,31746986,Literature,PubMed,,
PM2.5,Air Quality,Delayed-recall,Null,Neurological Health,Health Outcome,,31746986,Literature,PubMed,,
PM2.5,Air Quality,Alzheimer's disease pattern similarity scores,Positive,Neurological Health,Health Outcome,,31746986,Literature,PubMed,,
PM2.5,Air Quality,Immediate free recall/new learning (List A Trials 1-3) mediated by Alzheimer's disease pattern similarity scores,Positive,Neurological Health,Health Outcome,,31746986,Literature,PubMed,,
PM2.5,Air Quality,List B performance mediated by Alzheimer's disease pattern similarity scores,Positive,Neurological Health,Health Outcome,,31746986,Literature,PubMed,,
PM2.5,Air Quality,baseline RSAc,Negative,Cardiovascular Health;Neurological Health,Health Outcome,,31663780,Literature,PubMed,,
PM2.5,Air Quality,PNS withdrawal during stress,Negative,Cardiovascular Health;Neurological Health,Health Outcome,,31663780,Literature,PubMed,,
PM2.5,Air Quality,PNS activation during recovery,Negative,Cardiovascular Health;Neurological Health,Health Outcome,,31663780,Literature,PubMed,,
PM2.5 during the second trimester,Air Quality,birthweight,Negative,Birth Outcomes,Health Outcome,,31661898,Literature,PubMed,,
PM2.5,Air Quality,FEV1,Negative,Respiratory Health,Health Outcome,,31615860,Literature,PubMed,,
particulate matter < 2.5 μm (PM2.5),Air Quality,autism spectrum disorder,Positive,Neurodevelopmental Health,Health Outcome,,31610366,Literature,PubMed,,
O3,Air Quality,autism spectrum disorder,Positive,Neurodevelopmental Health,Health Outcome,,31610366,Literature,PubMed,,
PM2.5,Air Quality,breast cancer overall,Positive,Oncology,Health Outcome,,31596602,Literature,PubMed,,
NO2,Air Quality,breast cancer overall,Positive,Oncology,Health Outcome,,31596602,Literature,PubMed,,
PM2.5,Air Quality,invasive breast cancer,Null,Oncology,Health Outcome,,31596602,Literature,PubMed,,
PM2.5,Air Quality,invasive breast cancer in the Western United States,Positive,Oncology,Health Outcome,,31596602,Literature,PubMed,,
NO2,Air Quality,invasive breast cancer in the Southern United States,Positive,Oncology,Health Outcome,,31596602,Literature,PubMed,,
PM2.5,Air Quality,invasive breast cancer in California-based cluster,Positive,Oncology,Health Outcome,,31596602,Literature,PubMed,,
PM2.5,Air Quality,invasive breast cancer in Western United States cluster,Positive,Oncology,Health Outcome,,31596602,Literature,PubMed,,
PM2.5,Air Quality,ASD (entire pregnancy),Positive,Neurodevelopmental Health,Health Outcome,,31554142,Literature,PubMed,,
PM2.5,Air Quality,ASD (first trimester),Positive,Neurodevelopmental Health,Health Outcome,,31554142,Literature,PubMed,,
PM2.5,Air Quality,ASD (third trimester),Positive,Neurodevelopmental Health,Health Outcome,,31554142,Literature,PubMed,,
PM2.5,Air Quality,ASD (first year of life),Positive,Neurodevelopmental Health,Health Outcome,,31554142,Literature,PubMed,,
PM2.5,Air Quality,"ASD (first trimester, boys)",Positive,Neurodevelopmental Health,Health Outcome,,31554142,Literature,PubMed,,
PM2.5,Air Quality,"ASD (first trimester, girls)",Null,Neurodevelopmental Health,Health Outcome,,31554142,Literature,PubMed,,
O3,Air Quality,autism spectrum disorder,Null,Neurodevelopmental Health,Health Outcome,,31554142,Literature,PubMed,,
NO2,Air Quality,autism spectrum disorder,Null,Neurodevelopmental Health,Health Outcome,,31554142,Literature,PubMed,,
O3,Air Quality,implantation (T1),Positive,Reproductive Health,Health Outcome,,31504508,Literature,PubMed,,
O3,Air Quality,implantation (T2),Positive,Reproductive Health,Health Outcome,,31504508,Literature,PubMed,,
O3,Air Quality,implantation (T3),Positive,Reproductive Health,Health Outcome,,31504508,Literature,PubMed,,
O3,Air Quality,live birth (T1),Positive,Reproductive Health,Health Outcome,,31504508,Literature,PubMed,,
O3,Air Quality,live birth (T2),Positive,Reproductive Health,Health Outcome,,31504508,Literature,PubMed,,
O3,Air Quality,live birth (T3),Positive,Reproductive Health,Health Outcome,,31504508,Literature,PubMed,,
PM2.5,Air Quality,implantation,Null,Reproductive Health,Health Outcome,,31504508,Literature,PubMed,,
PM2.5,Air Quality,pregnancy,Null,Reproductive Health,Health Outcome,,31504508,Literature,PubMed,,
PM2.5,Air Quality,live birth,Null,Reproductive Health,Health Outcome,,31504508,Literature,PubMed,,
NO2,Air Quality,wake-up cortisol,Positive,Stress Response,Health Outcome,Saliva,31491811,Literature,PubMed,,
NO2,Air Quality,wake-to-bed slope,Positive,Stress Response,Health Outcome,Saliva,31491811,Literature,PubMed,,
PM2.5,Air Quality,salivary cortisol,Null,Stress Response,Health Outcome,Saliva,31491811,Literature,PubMed,,
PM2.5 mass,Air Quality,IL-6,Positive,Cardiovascular Health;Inflammation,Health Outcome,Blood,31446321,Literature,PubMed,,
PM2.5 mass,Air Quality,IL-6,Positive,Cardiovascular Health;Endocrine Health,Health Outcome,Blood,31419765,Literature,PubMed,,
O3,Air Quality,percent emphysema,Positive,Respiratory Health,Health Outcome,,31408135,Literature,PubMed,,
PM2.5,Air Quality,percent emphysema,Positive,Respiratory Health,Health Outcome,,31408135,Literature,PubMed,,
black carbon,Air Quality,percent emphysema,Positive,Respiratory Health,Health Outcome,,31408135,Literature,PubMed,,
O3,Air Quality,percent emphysema,Positive,Respiratory Health,Health Outcome,,31408135,Literature,PubMed,,
PM2.5,Air Quality,percent emphysema,Null,Respiratory Health,Health Outcome,,31408135,Literature,PubMed,,
O3,Air Quality,FEV1,Negative,Respiratory Health,Health Outcome,,31408135,Literature,PubMed,,
O3,Air Quality,FEV1,Negative,Respiratory Health,Health Outcome,,31408135,Literature,PubMed,,
PM2.5,Air Quality,FEV1,Null,Respiratory Health,Health Outcome,,31408135,Literature,PubMed,,
black carbon,Air Quality,FEV1,Null,Respiratory Health,Health Outcome,,31408135,Literature,PubMed,,
PM2.5,Air Quality,Spontaneous abortion (SAB),Null,Reproductive Health,Health Outcome,,31385588,Literature,PubMed,,
PM2.5,Air Quality,Spontaneous abortion (SAB),Positive,Reproductive Health,Health Outcome,,31385588,Literature,PubMed,,
NO2,Air Quality,hemorrhagic stroke,Positive,Neurological Health,Health Outcome,,31382185,Literature,PubMed,,
PM2.5,Air Quality,total stroke,Null,Neurological Health,Health Outcome,,31382185,Literature,PubMed,,
O3,Air Quality,total stroke,Null,Neurological Health,Health Outcome,,31382185,Literature,PubMed,,
PM2.5,Air Quality,all-cause mortality,Positive,Cardiopulmonary Health;Oncology,Health Outcome,,31339350,Literature,PubMed,,
PM2.5,Air Quality,cardiopulmonary mortality,Positive,Cardiopulmonary Health;Oncology,Health Outcome,,31339350,Literature,PubMed,,
PM2.5,Air Quality,lung cancer mortality,Positive,Cardiopulmonary Health;Oncology,Health Outcome,,31339350,Literature,PubMed,,
ambient cadmium,Air Quality,congenital diaphragmatic hernia (CDH),Null,Congenital Anomalies;Musculoskeletal Health,Health Outcome,,31334919,Literature,PubMed,,
ambient cadmium,Air Quality,isolated CDH,Positive,Congenital Anomalies;Musculoskeletal Health,Health Outcome,,31334919,Literature,PubMed,,
ambient cadmium,Air Quality,congenital diaphragmatic hernia (CDH) overall (among smoking mothers),Positive,Congenital Anomalies;Musculoskeletal Health,Health Outcome,,31334919,Literature,PubMed,,
ambient cadmium,Air Quality,isolated CDH (among smoking mothers),Positive,Congenital Anomalies;Musculoskeletal Health,Health Outcome,,31334919,Literature,PubMed,,
NO2,Air Quality,childhood asthma incidence,Positive,Respiratory Health,Health Outcome,,31332016,Literature,PubMed,,
particulate matter <2.5 μm (PM2.5),Air Quality,childhood asthma incidence,Positive,Respiratory Health,Health Outcome,,31332016,Literature,PubMed,,
PM2.5,Air Quality,ischaemic heart disease (IHD) mortality,Positive,Cardiovascular Health,Health Outcome,,31289812,Literature,PubMed,,
PM2.5,Air Quality,stroke mortality,Positive,Cardiovascular Health,Health Outcome,,31289812,Literature,PubMed,,
PM2.5,Air Quality,cardiovascular disease mortality,Positive,Cardiovascular Health,Health Outcome,,31289812,Literature,PubMed,,
PM2.5,Air Quality,cardiovascular disease mortality,Positive,Cardiovascular Health,Health Outcome,,31289812,Literature,PubMed,,
PM2.5,Air Quality,cardiovascular disease mortality,Positive,Cardiovascular Health,Health Outcome,,31289812,Literature,PubMed,,
NO2,Air Quality,failing at IVF prior to live birth,Positive,Reproductive Health,Health Outcome,,31268361,Literature,PubMed,,
PM2.5,Air Quality,failing at IVF prior to live birth,Positive,Reproductive Health,Health Outcome,,31268361,Literature,PubMed,,
black carbon,Air Quality,failing at IVF prior to live birth,Positive,Reproductive Health,Health Outcome,,31268361,Literature,PubMed,,
NO2,Air Quality,failing prior to oocyte retrieval,Positive,Reproductive Health,Health Outcome,,31268361,Literature,PubMed,,
PM2.5,Air Quality,failing prior to oocyte retrieval,Positive,Reproductive Health,Health Outcome,,31268361,Literature,PubMed,,
black carbon,Air Quality,failing prior to oocyte retrieval,Positive,Reproductive Health,Health Outcome,,31268361,Literature,PubMed,,
NO2,Air Quality,failing prior to ET,Positive,Reproductive Health,Health Outcome,,31268361,Literature,PubMed,,
PM2.5,Air Quality,failing prior to ET,Positive,Reproductive Health,Health Outcome,,31268361,Literature,PubMed,,
black carbon,Air Quality,failing prior to ET,Positive,Reproductive Health,Health Outcome,,31268361,Literature,PubMed,,
individual PM2.5 sources,Air Quality,asthma,Positive,Respiratory Health,Health Outcome,,31254117,Literature,PubMed,,
preconception NO2,Air Quality,gestational diabetes mellitus,Positive,Maternal Health;Metabolic Health,Health Outcome,,31234004,Literature,PubMed,,
first trimester NO2,Air Quality,gestational diabetes mellitus,Null,Maternal Health;Metabolic Health,Health Outcome,,31234004,Literature,PubMed,,
preconception PM2.5,Air Quality,gestational diabetes mellitus,Positive,Maternal Health;Metabolic Health,Health Outcome,,31234004,Literature,PubMed,,
preconception O3,Air Quality,gestational diabetes mellitus,Negative,Maternal Health;Metabolic Health,Health Outcome,,31234004,Literature,PubMed,,
first trimester O3,Air Quality,gestational diabetes mellitus,Negative,Maternal Health;Metabolic Health,Health Outcome,,31234004,Literature,PubMed,,
CO,Air Quality,preeclampsia,Negative,Maternal Health;Cardiovascular Health,Health Outcome,,31230552,Literature,PubMed,,
CO,Air Quality,gestational hypertension,Positive,Maternal Health;Cardiovascular Health,Health Outcome,,31230552,Literature,PubMed,,
black carbon,Air Quality,peripheral TPVVCT,Positive,Respiratory Health,Health Outcome,,31167881,Literature,PubMed,,
NO2,Air Quality,peripheral TPVVCT,Null,Respiratory Health,Health Outcome,,31167881,Literature,PubMed,,
PM2.5,Air Quality,peripheral TPVVCT,Null,Respiratory Health,Health Outcome,,31167881,Literature,PubMed,,
O3,Air Quality,peripheral TPVVCT,Null,Respiratory Health,Health Outcome,,31167881,Literature,PubMed,,
black carbon,Air Quality,total pulmonary vascular volume (TPVVCT),Null,Respiratory Health,Health Outcome,,31167881,Literature,PubMed,,
NO2,Air Quality,total pulmonary vascular volume (TPVVCT),Null,Respiratory Health,Health Outcome,,31167881,Literature,PubMed,,
PM2.5,Air Quality,total pulmonary vascular volume (TPVVCT),Null,Respiratory Health,Health Outcome,,31167881,Literature,PubMed,,
O3,Air Quality,total pulmonary vascular volume (TPVVCT),Null,Respiratory Health,Health Outcome,,31167881,Literature,PubMed,,
PM2.5 (1st trimester),Air Quality,gestational diabetes mellitus,Negative,Maternal Health;Metabolic Health,Health Outcome,,31154231,Literature,PubMed,,
PM2.5 (2nd trimester),Air Quality,gestational diabetes mellitus,Positive,Maternal Health;Metabolic Health,Health Outcome,,31154231,Literature,PubMed,,
"PM2.5 (2nd trimester, mutually adjusted)",Air Quality,gestational diabetes mellitus,Positive,Maternal Health;Metabolic Health,Health Outcome,,31154231,Literature,PubMed,,
"PM2.5 (1st trimester, mutually adjusted)",Air Quality,gestational diabetes mellitus,Null,Maternal Health;Metabolic Health,Health Outcome,,31154231,Literature,PubMed,,
NO2 (1st trimester),Air Quality,gestational diabetes mellitus,Positive,Maternal Health;Metabolic Health,Health Outcome,,31154231,Literature,PubMed,,
NO2 (2nd trimester),Air Quality,gestational diabetes mellitus,Null,Maternal Health;Metabolic Health,Health Outcome,,31154231,Literature,PubMed,,
NO2,Air Quality,incident asthma,Positive,Respiratory Health,Health Outcome,,31112259,Literature,PubMed,,
PM2.5,Air Quality,incident asthma,Positive,Respiratory Health,Health Outcome,,31112259,Literature,PubMed,,
O3,Air Quality,incident asthma,Null,Respiratory Health,Health Outcome,,31112259,Literature,PubMed,,
PM2.5,Air Quality,preterm birth,Positive,Reproductive Health,Health Outcome,,31107509,Literature,PubMed,,
PM2.5,Air Quality,epinephrine (EPI),Positive,Autonomic Nervous System Health,Health Outcome,Urine,31095432,Literature,PubMed,,
NO2,Air Quality,epinephrine (EPI),Positive,Autonomic Nervous System Health,Health Outcome,Urine,31095432,Literature,PubMed,,
NO2,Air Quality,dopamine (DA),Positive,Autonomic Nervous System Health,Health Outcome,Urine,31095432,Literature,PubMed,,
black carbon,Air Quality,dopamine (DA),Null,Autonomic Nervous System Health,Health Outcome,Urine,31095432,Literature,PubMed,,
short-term PM2.5,Air Quality,dopamine (DA),Null,Autonomic Nervous System Health,Health Outcome,Urine,31095432,Literature,PubMed,,
PM2.5,Air Quality,emergency department or inpatient visits for respiratory issues,Positive,Respiratory Health,Health Outcome,,31077269,Literature,PubMed,,
O3,Air Quality,mortality from respiratory disease,Positive,Respiratory Health;Cardiovascular Health;Oncology,Health Outcome,,30992518,Literature,PubMed,,
O3,Air Quality,lung cancer mortality,Positive,Respiratory Health;Cardiovascular Health;Oncology,Health Outcome,,30992518,Literature,PubMed,,
O3,Air Quality,CVD-related mortality,Positive,Respiratory Health;Cardiovascular Health;Oncology,Health Outcome,,30992518,Literature,PubMed,,
O3,Air Quality,CHF mortality,Positive,Respiratory Health;Cardiovascular Health;Oncology,Health Outcome,,30992518,Literature,PubMed,,
Prenatal PM2.5,Other,Failing any developmental domain,Positive,Child Development,Health Outcome,,30979514,Literature,PubMed,,
Prenatal O3,Other,Failing any developmental domain,Positive,Child Development,Health Outcome,,30979514,Literature,PubMed,,
Postnatal O3,Other,Failing the overall screening by 8 months,Positive,Child Development,Health Outcome,,30979514,Literature,PubMed,,
Postnatal O3,Other,Failing the overall screening by 12 months,Positive,Child Development,Health Outcome,,30979514,Literature,PubMed,,
Postnatal O3,Other,Failing the overall screening by 30 months,Positive,Child Development,Health Outcome,,30979514,Literature,PubMed,,
Postnatal PM2.5,Other,Failing the overall screening,Null,Child Development,Health Outcome,,30979514,Literature,PubMed,,
PM2.5,Air Quality,hospital admissions with ARDS,Positive,Respiratory Health,Health Outcome,,30926395,Literature,PubMed,,
O3,Air Quality,hospital admissions with ARDS,Positive,Respiratory Health,Health Outcome,,30926395,Literature,PubMed,,
PM2.5,Air Quality,hospital admissions with ARDS (low-pollution regions),Positive,Respiratory Health,Health Outcome,,30926395,Literature,PubMed,,
O3,Air Quality,hospital admissions with ARDS (low-pollution regions),Positive,Respiratory Health,Health Outcome,,30926395,Literature,PubMed,,
NO2 (kriging),Air Quality,breast cancer risk among all women,Null,Oncology,Health Outcome,,30924138,Literature,PubMed,,
PM2.5 (kriging),Air Quality,breast cancer risk among all women,Null,Oncology,Health Outcome,,30924138,Literature,PubMed,,
NO2 (kriging),Air Quality,breast cancer risk among women who lived within 500 m of major roads,Positive,Oncology,Health Outcome,,30924138,Literature,PubMed,,
PM2.5 (kriging),Air Quality,breast cancer risk among women who lived within 500 m of major roads,Positive,Oncology,Health Outcome,,30924138,Literature,PubMed,,
NO2 (LUR),Air Quality,breast cancer risk among women who lived within 500 m of major roads,Positive,Oncology,Health Outcome,,30924138,Literature,PubMed,,
PM2.5 (CALINE4),Air Quality,breast cancer risk,Null,Oncology,Health Outcome,,30924138,Literature,PubMed,,
black carbon,Air Quality,cardiovascular risk,Positive,Cardiovascular Health,Health Outcome,,30888266,Literature,PubMed,,
black carbon,Air Quality,cardiac autonomic function,Negative,Cardiovascular Health,Health Outcome,,30888266,Literature,PubMed,,
black carbon,Air Quality,hypertension,Positive,Cardiovascular Health,Health Outcome,,30888266,Literature,PubMed,,
black carbon,Air Quality,ischemic stroke,Positive,Cardiovascular Health,Health Outcome,,30888266,Literature,PubMed,,
NO2,Air Quality,CC16 levels,Negative,Respiratory Health,Health Outcome,,30789752,Literature,PubMed,,
NO2,Air Quality,CC16 levels,Null,Respiratory Health,Health Outcome,,30789752,Literature,PubMed,,
PM2.5,Air Quality,maximum carotid intima-media thickness (CIMT),Positive,Cardiovascular Health,Health Outcome,,30730252,Literature,PubMed,,
PM2.5,Air Quality,plaque index progression,Positive,Cardiovascular Health,Health Outcome,,30730252,Literature,PubMed,,
O3,Air Quality,subclinical atherosclerosis,Null,Cardiovascular Health,Health Outcome,,30730252,Literature,PubMed,,
PM2.5,Air Quality,mean age at death,Negative,Mortality,Health Outcome,,30675798,Literature,PubMed,,
PM2.5,Air Quality,total thyroxine (TT4),Positive,Endocrine Health,Health Outcome,Newborn heel-stick blood spot,30646156,Literature,PubMed,,
NO2,Air Quality,total thyroxine (TT4),Null,Endocrine Health,Health Outcome,Newborn heel-stick blood spot,30646156,Literature,PubMed,,
O3,Air Quality,total thyroxine (TT4),Null,Endocrine Health,Health Outcome,Newborn heel-stick blood spot,30646156,Literature,PubMed,,
PM2.5,Air Quality,total thyroxine (TT4),Positive,Endocrine Health,Health Outcome,Newborn heel-stick blood spot,30646156,Literature,PubMed,,
PM2.5,Air Quality,nitrosamines,Positive,Cancer,Health Outcome,,26207531,Literature,PubMed,,
O3,Air Quality,nitrite/nitrate (NOx) in exhaled breath condensate (EBC),Positive,Respiratory Health,Health Outcome,exhaled breath condensate (EBC),25985308,Literature,PubMed,,
O3,Air Quality,nitrite/nitrate (NOx) in exhaled breath condensate (EBC),Positive,Respiratory Health,Health Outcome,exhaled breath condensate (EBC),25985308,Literature,PubMed,,
O3,Air Quality,8-isoprostane in exhaled breath condensate (EBC),Null,Respiratory Health,Health Outcome,exhaled breath condensate (EBC),25985308,Literature,PubMed,,
O3,Air Quality,pulmonary function,Null,Respiratory Health,Health Outcome,exhaled breath condensate (EBC),25985308,Literature,PubMed,,
O3,Air Quality,respiratory symptoms,Null,Respiratory Health,Health Outcome,exhaled breath condensate (EBC),25985308,Literature,PubMed,,
benzene,Air Quality,primitive neuroectodermal tumors (PNET),Positive,Oncology;Neurological Health,Health Outcome,,25962758,Literature,PubMed,,
O3,Air Quality,Parkinson's disease,Positive,Neurological Health,Health Outcome,,25951420,Literature,PubMed,,
PM2.5,Air Quality,Parkinson's disease,Positive,Neurological Health,Health Outcome,,25951420,Literature,PubMed,,
O3,Air Quality,Parkinson's disease,Null,Neurological Health,Health Outcome,,25951420,Literature,PubMed,,
PM2.5,Air Quality,Parkinson's disease,Null,Neurological Health,Health Outcome,,25951420,Literature,PubMed,,
PM2.5 mass concentrations,Air Quality,ICAM-1 methylation (20th percentile),Negative,Coagulation;Inflammation,Health Outcome,Blood,25769179,Literature,PubMed,,
PM2.5 mass concentrations,Air Quality,ICAM-1 methylation (80th percentile),Null,Coagulation;Inflammation,Health Outcome,Blood,25769179,Literature,PubMed,,
PM2.5 black carbon,Air Quality,IFN-γ methylation (lower tails),Negative,Coagulation;Inflammation,Health Outcome,Blood,25769179,Literature,PubMed,,
PM2.5 mass concentrations,Air Quality,IFN-γ methylation (lower tails),Negative,Coagulation;Inflammation,Health Outcome,Blood,25769179,Literature,PubMed,,
PM2.5 black carbon,Air Quality,ICAM-1 methylation (lower tails),Negative,Coagulation;Inflammation,Health Outcome,Blood,25769179,Literature,PubMed,,
PM2.5,Air Quality,global methylation,Null,Epigenetics,Health Outcome,,25644845,Literature,PubMed,,
PM2.5,Air Quality,Mold contamination,Positive,Asthma,Health Outcome,,25511604,Literature,PubMed,,
PM2.5,Air Quality,diabetes prevalence,Positive,Metabolic Health,Health Outcome,,25474171,Literature,PubMed,,
PM2.5,Air Quality,predicted health damage,Positive,health impacts to nonsmokers,Health Outcome,,25317906,Literature,PubMed,,
PM2.5,Air Quality,nighttime standard deviation of normal-to normal intervals (SDNN),Negative,Cardiovascular Health,Health Outcome,Peripheral blood;spot urine,25074558,Literature,PubMed,,
black carbon,Air Quality,Low (<=25) Mini Mental State Examination (MMSE),Positive,Neurological Health,Health Outcome,,24884505,Literature,PubMed,,
observed apparent temperature,Weather,all-cause mortality,Positive,All-cause mortality,Health Outcome,,24833618,Literature,PubMed,,
observed heat wave days,Weather,all-cause mortality,Positive,All-cause mortality,Health Outcome,,24833618,Literature,PubMed,,
"time (2005-2012, nonheating season)",Air Quality,indoor ∑8PAH(nonvolatile),Negative,Respiratory Health,Health Outcome,Urine,24709094,Literature,PubMed,,
"time (2005-2012, heating season)",Air Quality,indoor ∑8PAH(nonvolatile),Positive,Respiratory Health,Health Outcome,Urine,24709094,Literature,PubMed,,
"time (2001-2012, nonheating season)",Air Quality,pyrene,Negative,Respiratory Health,Health Outcome,Urine,24709094,Literature,PubMed,,
O3,Air Quality,new-onset asthma,Positive,Respiratory Health,Health Outcome,,24657516,Literature,PubMed,,
NO2,Air Quality,new-onset asthma,Positive,Respiratory Health,Health Outcome,,24657516,Literature,PubMed,,
PM2.5,Air Quality,new-onset asthma,Positive,Respiratory Health,Health Outcome,,24657516,Literature,PubMed,,
PM2.5,Air Quality,new-onset asthma (cold season),Positive,Respiratory Health,Health Outcome,,24657516,Literature,PubMed,,
PM2.5,Air Quality,relative telomere length,Negative,Genomic Health,Health Outcome,Leukocytes,24627998,Literature,PubMed,,
PM2.5,Air Quality,relative telomere length,Negative,Genomic Health,Health Outcome,Leukocytes,24627998,Literature,PubMed,,
black carbon,Air Quality,FVC,Negative,Pulmonary Health,Health Outcome,Blood,24602767,Literature,PubMed,,
black carbon,Air Quality,FEV1,Negative,Pulmonary Health,Health Outcome,Blood,24602767,Literature,PubMed,,
PM2.5,Air Quality,FVC,Negative,Pulmonary Health,Health Outcome,Blood,24602767,Literature,PubMed,,
PM2.5,Air Quality,FEV1,Negative,Pulmonary Health,Health Outcome,Blood,24602767,Literature,PubMed,,
CO,Air Quality,FVC,Negative,Pulmonary Health,Health Outcome,Blood,24602767,Literature,PubMed,,
CO,Air Quality,FEV1,Negative,Pulmonary Health,Health Outcome,Blood,24602767,Literature,PubMed,,
NO2,Air Quality,FVC,Negative,Pulmonary Health,Health Outcome,Blood,24602767,Literature,PubMed,,
NO2,Air Quality,FEV1,Negative,Pulmonary Health,Health Outcome,Blood,24602767,Literature,PubMed,,
O3,Air Quality,FVC,Negative,Pulmonary Health,Health Outcome,Blood,24602767,Literature,PubMed,,
O3,Air Quality,FEV1,Negative,Pulmonary Health,Health Outcome,Blood,24602767,Literature,PubMed,,
PM2.5,Air Quality,mildly PTB,Positive,Newborn Health,Health Outcome,,24585411,Literature,PubMed,,
PM2.5,Air Quality,moderately PTB,Positive,Newborn Health,Health Outcome,,24585411,Literature,PubMed,,
PM2.5,Air Quality,severely PTB,Positive,Newborn Health,Health Outcome,,24585411,Literature,PubMed,,
PM2.5 and PM10-2.5,Air Quality,airborne bacterial communities,Positive,Environmental Health,Health Outcome,Coarse (PM10-2.5) and fine (PM2.5) particulate matter samples,24585213,Literature,PubMed,,
PM2.5,Air Quality,preterm birth (first trimester),Positive,Reproductive Health,Health Outcome,,24068199,Literature,PubMed,,
PM2.5,Air Quality,preterm birth (second trimester),Null,Reproductive Health,Health Outcome,,24068199,Literature,PubMed,,
PM2.5,Air Quality,preterm birth (third trimester),Null,Reproductive Health,Health Outcome,,24068199,Literature,PubMed,,
PM2.5,Air Quality,preterm birth (whole pregnancy),Positive,Reproductive Health,Health Outcome,,24068199,Literature,PubMed,,
PM2.5,Air Quality,preterm birth (whole pregnancy among Hispanic women),Positive,Reproductive Health,Health Outcome,,24068199,Literature,PubMed,,
black carbon,Air Quality,total cognition z-score in participants lacking HFE C282Y variant (CC),Negative,Neurological Health,Health Outcome,,23413885,Literature,PubMed,,
black carbon,Air Quality,total cognition z-score in participants with at least one variant genotype (CY or YY),Null,Neurological Health,Health Outcome,,23413885,Literature,PubMed,,
black carbon,Air Quality,Mini-Mental State Examination (MMSE),Negative,Neurological Health,Health Outcome,,23413885,Literature,PubMed,,
black carbon,Air Quality,cognition modified by HFE H63D genotype,Null,Neurological Health,Health Outcome,,23413885,Literature,PubMed,,
PM2.5 during gestation,Air Quality,autism,Positive,Autism,Health Outcome,,23404082,Literature,PubMed,,
PM2.5 during the first year of life,Air Quality,autism,Positive,Autism,Health Outcome,,23404082,Literature,PubMed,,
black carbon,Air Quality,iNOS methylation,Negative,Environmental Health,Health Outcome,Blood,22798479,Literature,PubMed,,
PM2.5,Air Quality,iNOS methylation,Negative,Environmental Health,Health Outcome,Blood,22798479,Literature,PubMed,,
black carbon,Air Quality,GCR methylation,Null,Environmental Health,Health Outcome,Blood,22798479,Literature,PubMed,,
PM2.5,Air Quality,GCR methylation,Null,Environmental Health,Health Outcome,Blood,22798479,Literature,PubMed,,
PM2.5,Air Quality,NOS2A position 1 DNA methylation,Negative,Respiratory Health,Health Outcome,Buccal sample,22591701,Literature,PubMed,,
PM2.5,Air Quality,NOS2A position 2 DNA methylation,Negative,Respiratory Health,Health Outcome,Buccal sample,22591701,Literature,PubMed,,
PM2.5,Air Quality,NOS2A position 3 DNA methylation,Negative,Respiratory Health,Health Outcome,Buccal sample,22591701,Literature,PubMed,,
PM2.5,Air Quality,NOS2A CpG island DNA average methylation,Positive,Respiratory Health,Health Outcome,Buccal sample,22591701,Literature,PubMed,,
PM2.5,Air Quality,NOS3 DNA methylation,Positive,Respiratory Health,Health Outcome,Buccal sample,22591701,Literature,PubMed,,
PM2.5,Air Quality,NOS1 DNA methylation,Null,Respiratory Health,Health Outcome,Buccal sample,22591701,Literature,PubMed,,
PM2.5,Air Quality,Ambient concentrations,Positive,,Health Outcome,,22097188,Literature,PubMed,,
toluene,Air Quality,Ambient concentrations,Positive,,Health Outcome,,22097188,Literature,PubMed,,
toluene,Air Quality,Personal exposure concentrations,Positive,,Health Outcome,,22097188,Literature,PubMed,,
acrolein,Air Quality,Personal exposure concentrations,Positive,,Health Outcome,,22097188,Literature,PubMed,,
benzene,Air Quality,Personal exposure concentrations,Negative,,Health Outcome,,22097188,Literature,PubMed,,
PM2.5,Air Quality,Wheezing,Positive,Respiratory Health,Health Outcome,Urine,21620473,Literature,PubMed,,
PM2.5,Air Quality,sICAM-1,Positive,Cardiovascular Disease;Atherosclerosis,Health Outcome,,21600003,Literature,PubMed,,
PM2.5,Air Quality,sVCAM-1,Positive,Cardiovascular Disease;Atherosclerosis,Health Outcome,,21600003,Literature,PubMed,,
black carbon,Air Quality,sICAM-1,Null,Cardiovascular Disease;Atherosclerosis,Health Outcome,,21600003,Literature,PubMed,,
black carbon,Air Quality,sVCAM-1,Null,Cardiovascular Disease;Atherosclerosis,Health Outcome,,21600003,Literature,PubMed,,
black carbon,Air Quality,Alu DNA methylation,Negative,Cardiovascular Health,Health Outcome,Blood,21385671,Literature,PubMed,,
NO2,Air Quality,FEV1,Negative,Respiratory Health,Health Outcome,,20802163,Literature,PubMed,,
NO2,Air Quality,FVC,Negative,Respiratory Health,Health Outcome,,20802163,Literature,PubMed,,
NO2,Air Quality,maximal mid-expiratory flow rate,Negative,Respiratory Health,Health Outcome,,20802163,Literature,PubMed,,
PM2.5,Air Quality,FEV1,Negative,Respiratory Health,Health Outcome,,20802163,Literature,PubMed,,
O3,Air Quality,FEV1,Negative,Respiratory Health,Health Outcome,,20802163,Literature,PubMed,,
black carbon,Air Quality,heart-rate-corrected QT interval (QTc),Positive,Cardiovascular Health,Health Outcome,,20194081,Literature,PubMed,,
black carbon,Air Quality,heart-rate-corrected QT interval (QTc),Positive,Cardiovascular Health,Health Outcome,,20194081,Literature,PubMed,,
NO2,Air Quality,heart-rate-corrected QT interval (QTc),Null,Cardiovascular Health,Health Outcome,,20194081,Literature,PubMed,,
CO,Air Quality,heart-rate-corrected QT interval (QTc),Null,Cardiovascular Health,Health Outcome,,20194081,Literature,PubMed,,
PM2.5,Air Quality,heart-rate-corrected QT interval (QTc),Null,Cardiovascular Health,Health Outcome,,20194081,Literature,PubMed,,
O3,Air Quality,heart-rate-corrected QT interval (QTc),Null,Cardiovascular Health,Health Outcome,,20194081,Literature,PubMed,,
black carbon,Air Quality,sVCAM-1,Positive,Cardiovascular Health,Health Outcome,Serum,19884647,Literature,PubMed,,
black carbon,Air Quality,sICAM-1,Null,Cardiovascular Health,Health Outcome,Serum,19884647,Literature,PubMed,,
PM2.5,Air Quality,sICAM-1,Null,Cardiovascular Health,Health Outcome,Serum,19884647,Literature,PubMed,,
NO2,Air Quality,urinary 1-hydroxypyrene (1-OHP),Positive,Pediatric Health,Health Outcome,Urine,19095289,Literature,PubMed,,
PM2.5,Air Quality,SDNN,Negative,Cardiovascular Health,Health Outcome,,18378616,Literature,PubMed,,
PM2.5,Air Quality,SDNN,Negative,Cardiovascular Health,Health Outcome,,18378616,Literature,PubMed,,
PM2.5,Air Quality,SDNN,Null,Cardiovascular Health,Health Outcome,,18378616,Literature,PubMed,,
PM2.5,Air Quality,heart rate variability,Negative,Cardiovascular Health,Health Outcome,,18378616,Literature,PubMed,,
PM2.5,Air Quality,heart rate variability,Null,Cardiovascular Health,Health Outcome,,18378616,Literature,PubMed,,
PM2.5,Air Quality,u-8-OHdG,Positive,Systemic inflammation;DNA damage;Oxidative stress,Health Outcome,Urine,18301175,Literature,PubMed,,
PM2.5,Air Quality,u-8-isoprostane,Negative,Systemic inflammation;DNA damage;Oxidative stress,Health Outcome,Urine,18301175,Literature,PubMed,,
O3,Air Quality,FEF75,Negative,Respiratory Health,Health Outcome,,16222164,Literature,PubMed,,
O3,Air Quality,FEF25-75,Negative,Respiratory Health,Health Outcome,,16222164,Literature,PubMed,,
PM2.5,Air Quality,high-frequency (HF) component of heart rate variability,Negative,Cardiovascular Health,Health Outcome,,16020798,Literature,PubMed,,
temperature,Other,Bet v 1a promoter activity,Positive,Allergy,Health Outcome,pollen;tobacco plants,15051934,Literature,PubMed,,
PM2.5,Air Quality,metal mobilization,Positive,Toxicity of urban particulate matter,Health Outcome,,12953862,Literature,PubMed,,
PM2.5,Air Quality,DNA damage,Positive,Respiratory Health,Health Outcome,human cells,11599928,Literature,PubMed,,
wildland fire-specific PM2.5,Air Quality,severe maternal morbidity (SMM),Positive,Maternal Health,Health Outcome,,42102415,Literature,PubMed,,
PM2.5,Air Quality,all-cause mortality among Native American beneficiaries,Positive,Mortality,Health Outcome,,42074403,Literature,PubMed,,
PM2.5,Air Quality,all-cause mortality among non-Native American beneficiaries,Positive,Mortality,Health Outcome,,42074403,Literature,PubMed,,
O3,Air Quality,math standardized test scores,Negative,Neurological Health,Health Outcome,,42069109,Literature,PubMed,,
PM2.5,Air Quality,math standardized test scores,Negative,Neurological Health,Health Outcome,,42069109,Literature,PubMed,,
NO2,Air Quality,math standardized test scores,Null,Neurological Health,Health Outcome,,42069109,Literature,PubMed,,
O3,Air Quality,English Language Arts standardized test scores,Null,Neurological Health,Health Outcome,,42069109,Literature,PubMed,,
PM2.5,Air Quality,English Language Arts standardized test scores,Null,Neurological Health,Health Outcome,,42069109,Literature,PubMed,,
PM2.5,Air Quality,postoperative complications,Positive,Perioperative Health,Health Outcome,,42036603,Literature,PubMed,,
PM2.5,Air Quality,hypertension-related hospitalization,Positive,Cardiovascular Health,Health Outcome,,41984014,Literature,PubMed,,
PM2.5mass,Air Quality,COVID-19 mortality,Positive,Infectious Disease;Cardiovascular Health;Neurological Health;Respiratory Health,Health Outcome,,41979136,Literature,PubMed,,
PM2.5 nitrate,Air Quality,COVID-19 mortality,Positive,Infectious Disease;Cardiovascular Health;Neurological Health;Respiratory Health,Health Outcome,,41979136,Literature,PubMed,,
PM2.5 elemental carbon,Air Quality,COVID-19 mortality,Positive,Infectious Disease;Cardiovascular Health;Neurological Health;Respiratory Health,Health Outcome,,41979136,Literature,PubMed,,
PM2.5 on-road diesel,Air Quality,COVID-19 mortality,Positive,Infectious Disease;Cardiovascular Health;Neurological Health;Respiratory Health,Health Outcome,,41979136,Literature,PubMed,,
PM2.5 on-road gasoline,Air Quality,COVID-19 mortality,Positive,Infectious Disease;Cardiovascular Health;Neurological Health;Respiratory Health,Health Outcome,,41979136,Literature,PubMed,,
PM2.5mass,Air Quality,deterioration to intensive care admission,Positive,Infectious Disease;Cardiovascular Health;Neurological Health;Respiratory Health,Health Outcome,,41979136,Literature,PubMed,,
PM2.5mass,Air Quality,deterioration to death,Positive,Infectious Disease;Cardiovascular Health;Neurological Health;Respiratory Health,Health Outcome,,41979136,Literature,PubMed,,
O3,Air Quality,transition from recovery to death,Positive,Infectious Disease;Cardiovascular Health;Neurological Health;Respiratory Health,Health Outcome,,41979136,Literature,PubMed,,
PM2.5,Air Quality,public health,Negative,Public Health,Health Outcome,,41928331,Literature,PubMed,,
PM2.5 concentration,Air Quality,K6+ scores,Negative,Mental Health,Health Outcome,,41899784,Literature,PubMed,,
PM2.5 AQI,Air Quality,K6+ scores,Negative,Mental Health,Health Outcome,,41899784,Literature,PubMed,,
PM2.5,Air Quality,Neutrophil-to-monocyte ratio (NMR),Positive,Cancer Risk;Immunological Health,Health Outcome,,41882731,Literature,PubMed,,
PM2.5,Air Quality,Neutrophil-to-lymphocyte ratio (NLR),Positive,Cancer Risk;Immunological Health,Health Outcome,,41882731,Literature,PubMed,,
PM2.5,Air Quality,Charlson comorbidity index,Positive,Cancer Risk;Immunological Health,Health Outcome,,41882731,Literature,PubMed,,
PM2.5,Air Quality,Social Vulnerability Index (SVI),Positive,Cancer Risk;Immunological Health,Health Outcome,,41882731,Literature,PubMed,,
PM2.5,Air Quality,ADRD,Positive,Neurological Health,Health Outcome,,41793956,Literature,PubMed,,
NO2,Air Quality,ADRD,Positive,Neurological Health,Health Outcome,,41793956,Literature,PubMed,,
PM2.5,Air Quality,age at first birth (AFB),Positive,Reproductive Health,Health Outcome,,41778521,Literature,PubMed,,
PM2.5,Air Quality,first live birth (AFLB),Positive,Reproductive Health,Health Outcome,,41778521,Literature,PubMed,,
PM2.5,Air Quality,preterm birth,Positive,Adverse Birth Outcomes,Health Outcome,,41763471,Literature,PubMed,,
PM2.5,Air Quality,low birth weight at term (TLBW),Positive,Adverse Birth Outcomes,Health Outcome,,41763471,Literature,PubMed,,
NO2,Air Quality,preterm birth,Positive,Adverse Birth Outcomes,Health Outcome,,41763471,Literature,PubMed,,
NO2,Air Quality,low birth weight at term (TLBW),Positive,Adverse Birth Outcomes,Health Outcome,,41763471,Literature,PubMed,,
PM2.5,Air Quality,postneonatal infant mortality,Positive,Infant Mortality;Cardiovascular Health;Respiratory Health,Health Outcome,,41759880,Literature,PubMed,,
PM2.5,Air Quality,cardiovascular deaths,Positive,Infant Mortality;Cardiovascular Health;Respiratory Health,Health Outcome,,41759880,Literature,PubMed,,
PM2.5,Air Quality,respiratory deaths,Positive,Infant Mortality;Cardiovascular Health;Respiratory Health,Health Outcome,,41759880,Literature,PubMed,,
NO2,Air Quality,congenital heart defects,Positive,Infant Mortality;Cardiovascular Health;Respiratory Health,Health Outcome,,41759880,Literature,PubMed,,
NO2,Air Quality,cardiovascular or respiratory causes,Positive,Infant Mortality;Cardiovascular Health;Respiratory Health,Health Outcome,,41759880,Literature,PubMed,,
O3,Air Quality,congenital heart defects,Positive,Infant Mortality;Cardiovascular Health;Respiratory Health,Health Outcome,,41759880,Literature,PubMed,,
O3,Air Quality,cardiovascular or respiratory causes,Positive,Infant Mortality;Cardiovascular Health;Respiratory Health,Health Outcome,,41759880,Literature,PubMed,,
O3,Air Quality,SIDS,Positive,Infant Mortality;Cardiovascular Health;Respiratory Health,Health Outcome,,41759880,Literature,PubMed,,
PM2.5,Air Quality,incident Alzheimer's disease (AD),Positive,Neurological Health;Cardiovascular Health;Mental Health,Health Outcome,,41701678,Literature,PubMed,,
PM2.5,Air Quality,incident Alzheimer's disease (AD) in individuals with stroke,Positive,Neurological Health;Cardiovascular Health;Mental Health,Health Outcome,,41701678,Literature,PubMed,,
PM2.5,Air Quality,incident Alzheimer's disease (AD) mediated by hypertension,Positive,Neurological Health;Cardiovascular Health;Mental Health,Health Outcome,,41701678,Literature,PubMed,,
PM2.5,Air Quality,incident Alzheimer's disease (AD) mediated by stroke,Positive,Neurological Health;Cardiovascular Health;Mental Health,Health Outcome,,41701678,Literature,PubMed,,
PM2.5,Air Quality,incident Alzheimer's disease (AD) mediated by depression,Positive,Neurological Health;Cardiovascular Health;Mental Health,Health Outcome,,41701678,Literature,PubMed,,
NO2,Air Quality,Medicare healthcare spending and out-of-pocket healthcare spending,Positive,Health Economics,Health Outcome,,41679082,Literature,PubMed,,
PM2.5,Air Quality,Medicare healthcare spending and out-of-pocket healthcare spending,Null,Health Economics,Health Outcome,,41679082,Literature,PubMed,,
O3,Air Quality,Medicare healthcare spending and out-of-pocket healthcare spending,Negative,Health Economics,Health Outcome,,41679082,Literature,PubMed,,
PM2.5,Air Quality,transitioning from no physical function limitations to physical function limitations,Positive,Physical Disability;Aging,Health Outcome,,41670997,Literature,PubMed,,
PM2.5,Air Quality,reverting back to healthy physical function from physical function limitations,Negative,Physical Disability;Aging,Health Outcome,,41670997,Literature,PubMed,,
O3,Air Quality,transitioning from no physical function limitations to physical function limitations,Negative,Physical Disability;Aging,Health Outcome,,41670997,Literature,PubMed,,
O3,Air Quality,ADL disability,Negative,Physical Disability;Aging,Health Outcome,,41670997,Literature,PubMed,,
NO2,Air Quality,transitioning from a state of no physical function limitation toward disability,Positive,Physical Disability;Aging,Health Outcome,,41670997,Literature,PubMed,,
PM2.5,Air Quality,brachial artery flow-mediated dilation (FMD),Negative,Cardiovascular Health,Health Outcome,,32410621,Literature,PubMed,,
PM2.5,Air Quality,Proteobacteria relative abundance,Positive,Environmental Health,Health Outcome,PM2.5 samples;dust settling of TSP,32408469,Literature,PubMed,,
PM2.5,Air Quality,Firmicutes relative abundance,Positive,Environmental Health,Health Outcome,PM2.5 samples;dust settling of TSP,32408469,Literature,PubMed,,
PM2.5,Air Quality,Actinobacteria relative abundance,Positive,Environmental Health,Health Outcome,PM2.5 samples;dust settling of TSP,32408469,Literature,PubMed,,
PM2.5,Air Quality,Bacteroidetes relative abundance,Positive,Environmental Health,Health Outcome,PM2.5 samples;dust settling of TSP,32408469,Literature,PubMed,,
PM2.5,Air Quality,Cyanobacteria relative abundance,Negative,Environmental Health,Health Outcome,PM2.5 samples;dust settling of TSP,32408469,Literature,PubMed,,
PM2.5,Air Quality,Tenericutes relative abundance,Negative,Environmental Health,Health Outcome,PM2.5 samples;dust settling of TSP,32408469,Literature,PubMed,,
PM2.5,Air Quality,Fusobacteria relative abundance,Negative,Environmental Health,Health Outcome,PM2.5 samples;dust settling of TSP,32408469,Literature,PubMed,,
PM2.5,Air Quality,Deinococcus relative abundance,Negative,Environmental Health,Health Outcome,PM2.5 samples;dust settling of TSP,32408469,Literature,PubMed,,
PM2.5,Air Quality,potentially pathogenic taxa,Positive,Environmental Health,Health Outcome,PM2.5 samples;dust settling of TSP,32408469,Literature,PubMed,,
NO2,Air Quality,global cognitive score at enrollment in WHICAP,Negative,Neurological Health,Health Outcome,,32269113,Literature,PubMed,,
NO2,Air Quality,cognitive decline in WHICAP,Negative,Neurological Health,Health Outcome,,32269113,Literature,PubMed,,
PM2.5,Air Quality,global cognitive score at enrollment in WHICAP,Negative,Neurological Health,Health Outcome,,32269113,Literature,PubMed,,
PM2.5,Air Quality,cognitive decline in WHICAP,Negative,Neurological Health,Health Outcome,,32269113,Literature,PubMed,,
NO2,Air Quality,cognitive function in NOMAS,Null,Neurological Health,Health Outcome,,32269113,Literature,PubMed,,
PM2.5,Air Quality,cognitive function in NOMAS,Null,Neurological Health,Health Outcome,,32269113,Literature,PubMed,,
CO,Air Quality,emergency department (ED) visit counts for acute SCD exacerbations,Positive,Hematologic Health,Health Outcome,,32179263,Literature,PubMed,,
O3,Air Quality,emergency department (ED) visit counts for acute SCD exacerbations,Null,Hematologic Health,Health Outcome,,32179263,Literature,PubMed,,
NO2,Air Quality,global cognition among APOE-ε4 positive individuals,Negative,Neurological Health,Health Outcome,,31926436,Literature,PubMed,,
NO2,Air Quality,global cognition among APOE-ε4 negative individuals,Negative,Neurological Health,Health Outcome,,31926436,Literature,PubMed,,
fine [PM2.5] particulate matter,Air Quality,global cognition,Negative,Neurological Health,Health Outcome,,31926436,Literature,PubMed,,
apparent temperature,Weather,stillbirth,Positive,Reproductive Health,Health Outcome,,31376592,Literature,PubMed,,
apparent temperature,Weather,stillbirth caused by placental abruption,Positive,Reproductive Health,Health Outcome,,31376592,Literature,PubMed,,
O3,Air Quality,stillbirth,Positive,Maternal and Fetal Health,Health Outcome,,31111863,Literature,PubMed,,
O3,Air Quality,deaths caused by cardiovascular disease,Positive,Cardiovascular Health;Respiratory Health,Health Outcome,,31051079,Literature,PubMed,,
O3,Air Quality,ischemic heart disease,Positive,Cardiovascular Health;Respiratory Health,Health Outcome,,31051079,Literature,PubMed,,
O3,Air Quality,respiratory disease,Positive,Cardiovascular Health;Respiratory Health,Health Outcome,,31051079,Literature,PubMed,,
O3,Air Quality,COPD,Positive,Cardiovascular Health;Respiratory Health,Health Outcome,,31051079,Literature,PubMed,,
benzene,Air Quality,assigned to a higher exposure quartile at diagnosis relative to the time of birth,Null,Leukemia,Health Outcome,,30770842,Literature,PubMed,,
PM2.5,Other,low birth weight,Positive,Pregnancy Outcomes,Health Outcome,,30758792,Literature,PubMed,EJSCREEN;Public Health Exposome,
PM2.5,Other,pre-term birth (PTB),Positive,Pregnancy Outcomes,Health Outcome,,30758792,Literature,PubMed,EJSCREEN;Public Health Exposome,
PM2.5,Air Quality,cardiovascular disease,Positive,Cardiovascular Health,Health Outcome,,30700142,Literature,PubMed,,
PM2.5,Air Quality,ischemic heart disease,Positive,Cardiovascular Health,Health Outcome,,30700142,Literature,PubMed,,
PM2.5,Air Quality,cerebrovascular disease,Positive,Cardiovascular Health,Health Outcome,,30700142,Literature,PubMed,,
NO2,Air Quality,cardiovascular disease,Positive,Cardiovascular Health,Health Outcome,,30700142,Literature,PubMed,,
NO2,Air Quality,ischemic heart disease,Positive,Cardiovascular Health,Health Outcome,,30700142,Literature,PubMed,,
"PM2.5 (1st trimester, 10 km buffer)",Air Quality,small for gestational age,Null,Fetal Growth,Health Outcome,,30660917,Literature,PubMed,,
"PM2.5 (2nd trimester, 10 km buffer)",Air Quality,small for gestational age,Null,Fetal Growth,Health Outcome,,30660917,Literature,PubMed,,
"PM2.5 (3rd trimester, 10 km buffer)",Air Quality,small for gestational age,Positive,Fetal Growth,Health Outcome,,30660917,Literature,PubMed,,
"PM2.5 (entire pregnancy, 10 km buffer)",Air Quality,small for gestational age,Null,Fetal Growth,Health Outcome,,30660917,Literature,PubMed,,
"PM2.5 (1st trimester, 5 km buffer)",Air Quality,small for gestational age,Null,Fetal Growth,Health Outcome,,30660917,Literature,PubMed,,
"PM2.5 (2nd trimester, 5 km buffer)",Air Quality,small for gestational age,Null,Fetal Growth,Health Outcome,,30660917,Literature,PubMed,,
"PM2.5 (3rd trimester, 5 km buffer)",Air Quality,small for gestational age,Positive,Fetal Growth,Health Outcome,,30660917,Literature,PubMed,,
"PM2.5 (overall pregnancy, 5 km buffer)",Air Quality,small for gestational age,Null,Fetal Growth,Health Outcome,,30660917,Literature,PubMed,,
black carbon,Air Quality,intraocular pressure in individuals with a high oxidative stress allelic score,Positive,Ophthalmological Health,Health Outcome,,30419128,Literature,PubMed,,
black carbon,Air Quality,intraocular pressure in individuals with a low oxidative stress allelic score,Null,Ophthalmological Health,Health Outcome,,30419128,Literature,PubMed,,
NO2,Air Quality,fetal growth restriction (FGR),Positive,Reproductive Health;Pediatric Health,Health Outcome,,30296771,Literature,PubMed,,
O3,Air Quality,fetal growth restriction (FGR),Negative,Reproductive Health;Pediatric Health,Health Outcome,,30296771,Literature,PubMed,,
NO2,Air Quality,small for gestational age,Null,Reproductive Health;Pediatric Health,Health Outcome,,30296771,Literature,PubMed,,
O3,Air Quality,small for gestational age,Null,Reproductive Health;Pediatric Health,Health Outcome,,30296771,Literature,PubMed,,
PM2.5,Other,preterm birth,Positive,Reproductive Health,Health Outcome,,30075861,Literature,PubMed,,
PM2.5,Air Quality,CVD mortality,Positive,Cardiovascular Health,Health Outcome,,29848499,Literature,PubMed,,
PM2.5,Air Quality,stroke mortality,Positive,Cardiovascular Health,Health Outcome,,29848499,Literature,PubMed,,
O3,Air Quality,CVD mortality,Positive,Cardiovascular Health,Health Outcome,,29848499,Literature,PubMed,,
PM2.5,Air Quality,diabetes mortality,Positive,Endocrine Health;Metabolic Health,Health Outcome,,29778967,Literature,PubMed,,
NO2,Air Quality,diabetes mortality,Positive,Endocrine Health;Metabolic Health,Health Outcome,,29778967,Literature,PubMed,,
O3,Air Quality,diabetes mortality,Null,Endocrine Health;Metabolic Health,Health Outcome,,29778967,Literature,PubMed,,
O3,Air Quality,hypertension,Negative,Cardiovascular Health,Health Outcome,,29679333,Literature,PubMed,,
PM2.5,Air Quality,diabetes,Positive,Metabolic Health,Health Outcome,,29634612,Literature,PubMed,,
O3,Air Quality,diabetes,Positive,Metabolic Health,Health Outcome,,29634612,Literature,PubMed,,
NO2,Air Quality,Foxp3 methylation,Positive,Asthma,Health Outcome,Blood,29317916,Literature,PubMed,,
CO,Air Quality,Foxp3 methylation,Positive,Asthma,Health Outcome,Blood,29317916,Literature,PubMed,,
PM2.5,Air Quality,Foxp3 methylation,Positive,Asthma,Health Outcome,Blood,29317916,Literature,PubMed,,
air quality,Other,multiple sclerosis (< 20 miles from center),Positive,Neurological Health,Health Outcome,,29141802,Literature,PubMed,,
air quality,Other,multiple sclerosis (>= 20 miles from center),Positive,Neurological Health,Health Outcome,,29141802,Literature,PubMed,,
PM2.5,Air Quality,mitochondrial DNA abundance,Negative,Mitochondrial Health,Health Outcome,Blood,28953603,Literature,PubMed,,
NO2,Air Quality,Mullen Scales of Early Learning (MSEL),Negative,Autism Spectrum Disorder,Health Outcome,,28921105,Literature,PubMed,,
NO2,Air Quality,Vineland Adaptive Behavior Scales (VABS),Negative,Autism Spectrum Disorder,Health Outcome,,28921105,Literature,PubMed,,
PM2.5,Air Quality,obesity prevalence,Positive,Metabolic Health,Health Outcome,,28831041,Literature,PubMed,,
PM2.5,Air Quality,T2D prevalence,Positive,Metabolic Health,Health Outcome,,28831041,Literature,PubMed,,
PM2.5,Air Quality,T2D prevalence in males,Positive,Metabolic Health,Health Outcome,,28831041,Literature,PubMed,,
PM2.5,Air Quality,T2D prevalence in females,Positive,Metabolic Health,Health Outcome,,28831041,Literature,PubMed,,
PM2.5,Air Quality,ratio of T2D to obesity prevalence in males,Positive,Metabolic Health,Health Outcome,,28831041,Literature,PubMed,,
PM2.5,Air Quality,ratio of T2D to obesity prevalence in females,Positive,Metabolic Health,Health Outcome,,28831041,Literature,PubMed,,
PM2.5,Air Quality,ratio of T2D to obesity prevalence across non-African countries,Positive,Metabolic Health,Health Outcome,,28831041,Literature,PubMed,,
PM2.5,Air Quality,FeNO,Positive,Respiratory Health,Health Outcome,buccal samples,28821285,Literature,PubMed,,
O3,Air Quality,stillbirth,Positive,Reproductive Health,Health Outcome,,28684711,Literature,PubMed,,
O3,Air Quality,stillbirth,Positive,Reproductive Health,Health Outcome,,28684711,Literature,PubMed,,
O3,Air Quality,stillbirth,Positive,Reproductive Health,Health Outcome,,28684711,Literature,PubMed,,
O3,Air Quality,stillbirth,Positive,Reproductive Health,Health Outcome,,28684711,Literature,PubMed,,
PM2.5,Air Quality,stillbirth,Positive,Reproductive Health,Health Outcome,,28684711,Literature,PubMed,,
CO,Air Quality,stillbirth,Positive,Reproductive Health,Health Outcome,,28684711,Literature,PubMed,,
PM2.5,Air Quality,placental growth factor (PlGF),Positive,Maternal and Fetal Health,Health Outcome,maternal plasma;cord plasma,28575932,Literature,PubMed,,
NO2,Air Quality,perimembranous ventricular septal defect,Positive,Cardiovascular Health,Health Outcome,,28520847,Literature,PubMed,,
PM2.5,Air Quality,DNAm-age,Positive,Aging,Health Outcome,Blood;Serum,28486674,Literature,PubMed,,
PM2.5,Air Quality,buccal cell DNA methylation of targeted asthma genes,Null,Respiratory Health,Health Outcome,buccal cell;buccal samples,28424066,Literature,PubMed,,
PM2.5,Air Quality,lung function,Negative,Respiratory Health,Health Outcome,buccal cell;buccal samples,28424066,Literature,PubMed,,
CO,Air Quality,neural tube defects,Positive,Birth Defects,Health Outcome,,28398703,Literature,PubMed,,
NO2,Air Quality,neural tube defects,Positive,Birth Defects,Health Outcome,,28398703,Literature,PubMed,,
heat,Other,asthma symptoms,Positive,Respiratory Health,Health Outcome,,28288104,Literature,PubMed,,
wildfires,Other,asthma symptoms,Positive,Respiratory Health,Health Outcome,,28288104,Literature,PubMed,,
PM2.5,Air Quality,cg20455854 methylation,Positive,Cardiovascular Disease;Atherosclerosis,Health Outcome,circulating monocytes;purified monocytes,27903268,Literature,PubMed,,
PM2.5,Air Quality,"cg07855639, cg07598385, cg17360854, and cg23599683 methylation",Positive,Cardiovascular Disease;Atherosclerosis,Health Outcome,circulating monocytes;purified monocytes,27903268,Literature,PubMed,,
PM2.5,Air Quality,"ANKHD1, LGALS2, and ANKRD11 mRNA expression",Positive,Cardiovascular Disease;Atherosclerosis,Health Outcome,circulating monocytes;purified monocytes,27903268,Literature,PubMed,,
PM2.5,Air Quality,Alu and LINE-1 methylation,Null,Cardiovascular Disease;Atherosclerosis,Health Outcome,circulating monocytes;purified monocytes,27903268,Literature,PubMed,,
PM2.5,Air Quality,extrinsic epigenetic age acceleration (EEAA),Positive,Biological Aging,Health Outcome,,27793020,Literature,PubMed,,
PM2.5 absorbance/black carbon (BC),Air Quality,DNA methylation age acceleration (DNAmAA),Positive,Biological Aging,Health Outcome,,27793020,Literature,PubMed,,
PM2.5 absorbance/black carbon (BC),Air Quality,intrinsic epigenetic age acceleration (IEAA),Positive,Biological Aging,Health Outcome,,27793020,Literature,PubMed,,
PM2.5 absorbance/black carbon (BC),Air Quality,telomere length (TeloAA),Negative,Biological Aging,Health Outcome,,27793020,Literature,PubMed,,
PM2.5 absorbance/black carbon (BC),Air Quality,biological aging,Positive,Biological Aging,Health Outcome,,27793020,Literature,PubMed,,
PM2.5,Air Quality,glycine concentrations,Negative,Cardiovascular Health,Health Outcome,Plasma,27792908,Literature,PubMed,,
PM2.5,Air Quality,mild coronary atherosclerosis,Positive,Cardiovascular Health,Health Outcome,,27468926,Literature,PubMed,,
PM2.5,Air Quality,severe coronary atherosclerosis,Positive,Cardiovascular Health,Health Outcome,,27468926,Literature,PubMed,,
PM2.5,Air Quality,incident myocardial infarction,Positive,Cardiovascular Health,Health Outcome,,27468926,Literature,PubMed,,
PM2.5,Air Quality,stroke,Null,Cardiovascular Health,Health Outcome,,27468926,Literature,PubMed,,
PM2.5,Air Quality,all-cause mortality,Null,Cardiovascular Health,Health Outcome,,27468926,Literature,PubMed,,
NO2,Air Quality,all-cause mortality,Null,Cardiovascular Health,Health Outcome,,27468926,Literature,PubMed,,
NO2,Air Quality,stroke,Null,Cardiovascular Health,Health Outcome,,27468926,Literature,PubMed,,
NO2,Air Quality,systolic BP,Positive,Cardiovascular Health,Health Outcome,newborn blood spots,27219456,Literature,PubMed,,
"PM2.5, PM10, NO2, O3",Air Quality,LINE1 DNA methylation,Negative,Cardiovascular Health,Health Outcome,newborn blood spots,27219456,Literature,PubMed,,
O3,Air Quality,LINE1 DNA methylation,Positive,Cardiovascular Health,Health Outcome,newborn blood spots,27219456,Literature,PubMed,,
O3,Air Quality,carotid intima-media thickness (CIMT),Null,Cardiovascular Health,Health Outcome,newborn blood spots,27219456,Literature,PubMed,,
O3,Air Quality,systolic BP,Null,Cardiovascular Health,Health Outcome,newborn blood spots,27219456,Literature,PubMed,,
PM2.5,Air Quality,DNA methylation,Positive,cancer;respiratory diseases;cardiovascular diseases,Health Outcome,Whole blood,26731791,Literature,PubMed,,
black carbon,Air Quality,low (≤25) Mini-Mental State Examination (MMSE),Positive,Neurological Health,Health Outcome,Blood,26724585,Literature,PubMed,,
black carbon,Air Quality,low (≤25) Mini-Mental State Examination (MMSE),Positive,Neurological Health,Health Outcome,Blood,26724585,Literature,PubMed,,
black carbon,Air Quality,global cognitive score,Negative,Neurological Health,Health Outcome,Blood,26724585,Literature,PubMed,,
black carbon,Air Quality,global cognitive score,Negative,Neurological Health,Health Outcome,Blood,26724585,Literature,PubMed,,
1-nitropyrene in PM2.5,Air Quality,8-hydroxy-N-acetyl-1-aminopyrene (8-OHNAAP),Positive,Environmental Health,Health Outcome,Urine,26669848,Literature,PubMed,,
1-nitropyrene in PM2.5,Air Quality,sum of 8-OHNP and 8-OHNAAP,Positive,Environmental Health,Health Outcome,Urine,26669848,Literature,PubMed,,
PM2.5,Air Quality,corrected QT duration,Positive,Cardiovascular Health,Health Outcome,,26605812,Literature,PubMed,,
PM2.5,Air Quality,birth weight for gestational age (BWGA) z scores,Negative,Birth Outcomes,Health Outcome,,41632155,Literature,PubMed,,
PM2.5,Air Quality,birth weight for gestational age (BWGA) z scores in males,Negative,Birth Outcomes,Health Outcome,,41632155,Literature,PubMed,,
PM2.5,Air Quality,birth weight for gestational age (BWGA) z scores in Northeast,Negative,Birth Outcomes,Health Outcome,,41632155,Literature,PubMed,,
PM2.5,Air Quality,birth weight for gestational age (BWGA) z scores in Midwest,Negative,Birth Outcomes,Health Outcome,,41632155,Literature,PubMed,,
PM2.5,Air Quality,birth weight for gestational age (BWGA) z scores in South,Negative,Birth Outcomes,Health Outcome,,41632155,Literature,PubMed,,
PM2.5,Air Quality,Late-life depression,Positive,Mental Health,Health Outcome,,41632134,Literature,PubMed,,
mixture of multiple PM2.5 major components,Air Quality,Late-life depression,Positive,Mental Health,Health Outcome,,41632134,Literature,PubMed,,
PM2.5 components mixtures,Air Quality,all-cause mortality,Positive,Oncology;Cardiovascular Health,Health Outcome,,41617107,Literature,PubMed,,
PM2.5 components mixtures,Air Quality,prostate cancer (PCa) mortality,Null,Oncology;Cardiovascular Health,Health Outcome,,41617107,Literature,PubMed,,
PM2.5 components mixtures,Air Quality,cardiovascular disease (CVD) mortality,Positive,Oncology;Cardiovascular Health,Health Outcome,,41617107,Literature,PubMed,,
wildfire smoke PM2.5,Air Quality,incident stroke,Positive,Cardiovascular Health;Neurological Health,Health Outcome,,41587749,Literature,PubMed,,
1-5 wildfire days in the third trimester,Air Quality,autism in nonmovers,Positive,Neurological Health,Health Outcome,,41557972,Literature,PubMed,,
6-10 wildfire days in the third trimester,Air Quality,autism in nonmovers,Null,Neurological Health,Health Outcome,,41557972,Literature,PubMed,,
>10 wildfire days in the third trimester,Air Quality,autism in nonmovers,Positive,Neurological Health,Health Outcome,,41557972,Literature,PubMed,,
wildfire wave increase during the third trimester,Air Quality,autism in entire cohort,Positive,Neurological Health,Health Outcome,,41557972,Literature,PubMed,,
wildfire wave increase during the third trimester,Air Quality,autism in nonmovers,Positive,Neurological Health,Health Outcome,,41557972,Literature,PubMed,,
mean wildfire PM2.5 concentration,Air Quality,autism,Null,Neurological Health,Health Outcome,,41557972,Literature,PubMed,,
WFS PM2.5,Air Quality,St. George's Respiratory Questionnaire (SGRQ),Positive,Mental Health;Physical Health;Respiratory Health,Health Outcome,,41535858,Literature,PubMed,,
WFS PM2.5,Air Quality,36-Item Short Form Survey (SF-36),Negative,Mental Health;Physical Health;Respiratory Health,Health Outcome,,41535858,Literature,PubMed,,
black carbon,Air Quality,St. George's Respiratory Questionnaire (SGRQ),Positive,Mental Health;Physical Health;Respiratory Health,Health Outcome,,41535858,Literature,PubMed,,
black carbon,Air Quality,36-Item Short Form Survey (SF-36),Negative,Mental Health;Physical Health;Respiratory Health,Health Outcome,,41535858,Literature,PubMed,,
O3,Air Quality,ADRD risk,Positive,Neurological Health,Health Outcome,,41467748,Literature,PubMed,,
NO2,Air Quality,ADRD risk,Positive,Neurological Health,Health Outcome,,41467748,Literature,PubMed,,
PM2.5,Air Quality,asthma by age 5,Positive,Respiratory Health,Health Outcome,,41405000,Literature,PubMed,,
PM2.5 (Tertile 2 vs Tertile 1),Air Quality,asthma by age 5,Null,Respiratory Health,Health Outcome,,41405000,Literature,PubMed,,
PM2.5 (Tertile 3 vs Tertile 1),Air Quality,asthma by age 5,Positive,Respiratory Health,Health Outcome,,41405000,Literature,PubMed,,
mean daily wildfire-specific PM2.5,Air Quality,all-cause mortality,Positive,Mortality,Health Outcome,,41397130,Literature,PubMed,,
wildfire-specific PM2.5 (all five metrics),Air Quality,all-cause mortality,Positive,Mortality,Health Outcome,,41397130,Literature,PubMed,,
O3,Air Quality,IL-1β,Positive,Immunological Health,Health Outcome,Serum,41350622,Literature,PubMed,,
O3,Air Quality,IL-8,Positive,Immunological Health,Health Outcome,Serum,41350622,Literature,PubMed,,
O3,Air Quality,sTNFR2,Positive,Immunological Health,Health Outcome,Serum,41350622,Literature,PubMed,,
O3,Air Quality,sgp130,Positive,Immunological Health,Health Outcome,Serum,41350622,Literature,PubMed,,
O3,Air Quality,sCD27,Positive,Immunological Health,Health Outcome,Serum,41350622,Literature,PubMed,,
O3,Air Quality,BAFF,Positive,Immunological Health,Health Outcome,Serum,41350622,Literature,PubMed,,
O3,Air Quality,pro-inflammatory/macrophage activation pathway,Positive,Immunological Health,Health Outcome,Serum,41350622,Literature,PubMed,,
O3,Air Quality,B-cell activation pathway,Positive,Immunological Health,Health Outcome,Serum,41350622,Literature,PubMed,,
NO2,Air Quality,TNFα,Positive,Immunological Health,Health Outcome,Serum,41350622,Literature,PubMed,,
PM2.5,Air Quality,circulating immune markers,Negative,Immunological Health,Health Outcome,Serum,41350622,Literature,PubMed,,
NO2,Air Quality,ER-positive breast cancer,Positive,Oncology,Health Outcome,,41330098,Literature,PubMed,,
NO2,Air Quality,ductal carcinoma in situ (DCIS) breast cancer,Positive,Oncology,Health Outcome,,41330098,Literature,PubMed,,
PM2.5,Air Quality,ER-negative breast cancer,Positive,Oncology,Health Outcome,,41330098,Literature,PubMed,,
NO2,Air Quality,"breast cancer incidence during first birth, most recent birth, or menopause transition",Null,Oncology,Health Outcome,,41330098,Literature,PubMed,,
PM2.5,Air Quality,"breast cancer incidence during first birth, most recent birth, or menopause transition",Null,Oncology,Health Outcome,,41330098,Literature,PubMed,,
wildfires,Other,Virtual respiratory visits (highly exposed),Positive,Acute Health Care Utilization,Health Outcome,,41296376,Literature,PubMed,,
wildfires,Other,Virtual respiratory visits (moderately exposed),Positive,Acute Health Care Utilization,Health Outcome,,41296376,Literature,PubMed,,
wildfires,Other,Virtual cardiovascular visits (highly exposed),Positive,Acute Health Care Utilization,Health Outcome,,41296376,Literature,PubMed,,
wildfires,Other,Virtual cardiovascular visits (moderately exposed),Positive,Acute Health Care Utilization,Health Outcome,,41296376,Literature,PubMed,,
wildfires,Other,Outpatient respiratory visits (highly exposed),Positive,Acute Health Care Utilization,Health Outcome,,41296376,Literature,PubMed,,
wildfires,Other,Outpatient respiratory visits (moderately exposed),Positive,Acute Health Care Utilization,Health Outcome,,41296376,Literature,PubMed,,
wildfires,Other,Outpatient and virtual injury visits (highly exposed),Positive,Acute Health Care Utilization,Health Outcome,,41296376,Literature,PubMed,,
wildfires,Other,Outpatient neuropsychiatric visits (highly exposed),Positive,Acute Health Care Utilization,Health Outcome,,41296376,Literature,PubMed,,
wildfires,Other,All-cause virtual care visits (moderately exposed),Positive,Acute Health Care Utilization,Health Outcome,,41296376,Literature,PubMed,,
black carbon,Air Quality,ALS Functional Rating Scale Revised (ALSFRS-R) score,Negative,Neurological Health,Health Outcome,,41285343,Literature,PubMed,,
O3,Air Quality,ALS Functional Rating Scale Revised (ALSFRS-R) score,Negative,Neurological Health,Health Outcome,,41285343,Literature,PubMed,,
PM2.5,Air Quality,cortical thickness,Negative,Neurological Health,Health Outcome,,41271136,Literature,PubMed,,
NO2,Air Quality,cortical thickness,Negative,Neurological Health,Health Outcome,,41271136,Literature,PubMed,,
O3,Air Quality,cortical morphology,Null,Neurological Health,Health Outcome,,41271136,Literature,PubMed,,
PM2.5 in the first trimester,Air Quality,polycystic ovary syndrome (PCOS),Positive,Reproductive Health,Health Outcome,,41207218,Literature,PubMed,,
"PM2.5-10 during preconception, gestation, and childhood",Air Quality,polycystic ovary syndrome (PCOS),Null,Reproductive Health,Health Outcome,,41207218,Literature,PubMed,,
"NO2 during preconception, gestation, and childhood",Air Quality,polycystic ovary syndrome (PCOS),Null,Reproductive Health,Health Outcome,,41207218,Literature,PubMed,,
wildfire PM2.5 (nationwide),Air Quality,preterm birth,Null,Pregnancy Outcomes,Health Outcome,,41197644,Literature,PubMed,,
mean daily wildfire PM2.5 (US West),Air Quality,preterm birth,Positive,Pregnancy Outcomes,Health Outcome,,41197644,Literature,PubMed,,
smoke days with wildfire PM2.5 >= 5.0 μg/m3 (US West),Air Quality,preterm birth,Positive,Pregnancy Outcomes,Health Outcome,,41197644,Literature,PubMed,,
smoke days with wildfire PM2.5 >= 10.0 μg/m3 (US West),Air Quality,preterm birth,Positive,Pregnancy Outcomes,Health Outcome,,41197644,Literature,PubMed,,
NO2,Air Quality,physical performance,Negative,Physical Functioning,Health Outcome,,41092758,Literature,PubMed,,
PM2.5,Air Quality,childhood asthma,Positive,Respiratory Health,Health Outcome,,41083639,Literature,PubMed,,
PM2.5,Air Quality,mortality among Native American beneficiaries eligible for Medicaid,Positive,Mortality;Renal Health;Cardiovascular Health;Endocrine Health;Respiratory Health,Health Outcome,,41007483,Literature,PubMed,,
PM2.5,Air Quality,mortality among Native American beneficiaries ineligible for Medicaid,Positive,Mortality;Renal Health;Cardiovascular Health;Endocrine Health;Respiratory Health,Health Outcome,,41007483,Literature,PubMed,,
NO2,Air Quality,breast cancer incidence,Positive,Oncology,Health Outcome,,40998424,Literature,PubMed,,
PM2.5,Air Quality,ER-/PR- tumors,Positive,Oncology,Health Outcome,,40998424,Literature,PubMed,,
PM2.5,Air Quality,breast cancer incidence,Positive,Oncology,Health Outcome,,40998424,Literature,PubMed,,
O3,Air Quality,breast cancer incidence,Null,Oncology,Health Outcome,,40998424,Literature,PubMed,,
O3,Air Quality,ER-/PR- tumors,Positive,Oncology,Health Outcome,,40998424,Literature,PubMed,,
PM2.5,Air Quality,age-standardized mortality rate (ASMR) for TBL cancers,Negative,Oncology;Respiratory Health,Health Outcome,,40994933,Literature,PubMed,,
PM2.5,Air Quality,cognitive performance,Negative,Neurological Health,Health Outcome,,40938769,Literature,PubMed,,
PM2.5,Air Quality,cognitive decline,Null,Neurological Health,Health Outcome,,40938769,Literature,PubMed,,
NO2,Air Quality,cognitive performance,Negative,Neurological Health,Health Outcome,,40938769,Literature,PubMed,,
NO2,Air Quality,cognitive decline,Null,Neurological Health,Health Outcome,,40938769,Literature,PubMed,,
PM2.5,Air Quality,birthweight at 10th percentile,Negative,Perinatal Health,Health Outcome,,40913433,Literature,PubMed,,
PM2.5,Air Quality,birthweight at 90th percentile,Negative,Perinatal Health,Health Outcome,,40913433,Literature,PubMed,,
PM2.5,Air Quality,anxiety,Positive,Mental Health,Health Outcome,,40858232,Literature,PubMed,,
PM2.5,Air Quality,depression,Positive,Mental Health,Health Outcome,,40858232,Literature,PubMed,,
PM2.5,Air Quality,depression prevalence,Positive,Mental Health,Health Outcome,,40824118,Literature,PubMed,,
O3,Air Quality,major depressive disorder (MDD),Null,Mental Health,Health Outcome,,40824118,Literature,PubMed,,
NO2,Air Quality,major depressive disorder (MDD),Null,Mental Health,Health Outcome,,40824118,Literature,PubMed,,
PM2.5 constituent mixture,Air Quality,delayed graft function (DGF),Positive,Renal Health;Posttransplant Outcomes,Health Outcome,,40810939,Literature,PubMed,,
PM2.5 constituent mixture,Air Quality,acute rejection,Positive,Renal Health;Posttransplant Outcomes,Health Outcome,,40810939,Literature,PubMed,,
PM2.5 constituent mixture,Air Quality,death-censored graft failure (DCGF),Positive,Renal Health;Posttransplant Outcomes,Health Outcome,,40810939,Literature,PubMed,,
PM2.5 constituent mixture,Air Quality,all-cause mortality,Positive,Renal Health;Posttransplant Outcomes,Health Outcome,,40810939,Literature,PubMed,,
PM2.5,Air Quality,mortality,Positive,Oncology;Mortality,Health Outcome,,40794608,Literature,PubMed,,
O3,Air Quality,mortality,Positive,Oncology;Mortality,Health Outcome,,40794608,Literature,PubMed,,
NO2,Air Quality,mortality,Positive,Oncology;Mortality,Health Outcome,,40794608,Literature,PubMed,,
Air Quality Index (AQI),Air Quality,5-year mortality,Positive,Mortality,Health Outcome,,40724190,Literature,PubMed,,
PM2.5,Air Quality,asthma exacerbation,Positive,Respiratory Health,Health Outcome,,40720872,Literature,PubMed,,
NO2,Air Quality,asthma exacerbation,Positive,Respiratory Health,Health Outcome,,40720872,Literature,PubMed,,
O3,Air Quality,asthma exacerbation,Null,Respiratory Health,Health Outcome,,40720872,Literature,PubMed,,
wildfire smoke PM2.5,Air Quality,incident HF,Positive,Cardiovascular Health,Health Outcome,,40562508,Literature,PubMed,,
nonsmoke PM2.5,Air Quality,incident HF,Positive,Cardiovascular Health,Health Outcome,,40562508,Literature,PubMed,,
number of days exposed to smoke PM2.5 exceeding 1 μg/m3 over the past 2 years,Air Quality,incident HF,Positive,Cardiovascular Health,Health Outcome,,40562508,Literature,PubMed,,
number of days exposed to smoke PM2.5 exceeding 2.5 μg/m3 over the past 2 years,Air Quality,incident HF,Positive,Cardiovascular Health,Health Outcome,,40562508,Literature,PubMed,,
PM2.5,Air Quality,baseline FEV1,Negative,Respiratory Health,Health Outcome,,40532040,Literature,PubMed,,
PM2.5,Air Quality,baseline FVC,Negative,Respiratory Health,Health Outcome,,40532040,Literature,PubMed,,
PM2.5,Air Quality,baseline FEV1,Null,Respiratory Health,Health Outcome,,40532040,Literature,PubMed,,
PM2.5,Air Quality,baseline FVC,Null,Respiratory Health,Health Outcome,,40532040,Literature,PubMed,,
PM2.5,Air Quality,FEV1 decline,Negative,Respiratory Health,Health Outcome,,40532040,Literature,PubMed,,
PM2.5,Air Quality,FVC decline,Negative,Respiratory Health,Health Outcome,,40532040,Literature,PubMed,,
PM2.5,Air Quality,DlCO decline,Negative,Respiratory Health,Health Outcome,,40532040,Literature,PubMed,,
PM2.5,Air Quality,autism spectrum disorder,Positive,Neurodevelopmental Disorders,Health Outcome,,40482621,Literature,PubMed,,
NO2,Air Quality,autism spectrum disorder,Positive,Neurodevelopmental Disorders,Health Outcome,,40482621,Literature,PubMed,,
benzene,Air Quality,autism spectrum disorder,Positive,Neurodevelopmental Disorders,Health Outcome,,40482621,Literature,PubMed,,
"PM10, PM2.5, CO, NO, NO2, SO2, and O3 mixtures (spermatogenesis)",Air Quality,spontaneous miscarriage,Null,Reproductive Health,Health Outcome,,40447021,Literature,PubMed,,
"PM10, PM2.5, CO, NO, NO2, SO2, and O3 mixtures (early follicle development)",Air Quality,spontaneous miscarriage,Null,Reproductive Health,Health Outcome,,40447021,Literature,PubMed,,
"PM10, PM2.5, CO, NO, NO2, SO2, and O3 mixtures (luteal phase)",Air Quality,spontaneous miscarriage,Null,Reproductive Health,Health Outcome,,40447021,Literature,PubMed,,
"O3 (follicular phase, low vitamin D)",Air Quality,spontaneous miscarriage,Positive,Reproductive Health,Health Outcome,,40447021,Literature,PubMed,,
"O3 (follicular phase, high vitamin D)",Air Quality,spontaneous miscarriage,Null,Reproductive Health,Health Outcome,,40447021,Literature,PubMed,,
PM2.5,Air Quality,self-reported respiratory symptoms,Null,Respiratory Health,Health Outcome,,40392430,Literature,PubMed,,
long-term PM2.5 exposure,Air Quality,proportion of menstrual cycles of abnormally long or short duration,Positive,Reproductive Health,Health Outcome,,40381631,Literature,PubMed,,
long-term PM2.5 exposure,Air Quality,proportion of cycles that were specifically abnormally long,Positive,Reproductive Health,Health Outcome,,40381631,Literature,PubMed,,
short-term PM2.5 concentrations,Air Quality,abnormal cycle length,Null,Reproductive Health,Health Outcome,,40381631,Literature,PubMed,,
O3,Air Quality,preterm birth,Null,Reproductive Health,Health Outcome,,40329024,Literature,PubMed,,
O3,Air Quality,preterm birth,Positive,Reproductive Health,Health Outcome,,40329024,Literature,PubMed,,
PM2.5,Air Quality,preterm birth,Positive,Reproductive Health,Health Outcome,,40329024,Literature,PubMed,,
PM2.5,Air Quality,preterm birth,Null,Reproductive Health,Health Outcome,,40329024,Literature,PubMed,,
PM2.5,Air Quality,autism spectrum disorder,Positive,Neurological Health,Health Outcome,,40324144,Literature,PubMed,,
NO2,Air Quality,autism spectrum disorder,Positive,Neurological Health,Health Outcome,,40324144,Literature,PubMed,,
O3,Air Quality,autism spectrum disorder,Negative,Neurological Health,Health Outcome,,40324144,Literature,PubMed,,
O3,Air Quality,autism spectrum disorder,Positive,Neurological Health,Health Outcome,,40324144,Literature,PubMed,,
PM2.5,Air Quality,infectious postoperative complication,Positive,Thoracic Surgery Outcomes,Health Outcome,,40316228,Literature,PubMed,,
PM2.5,Air Quality,mortality,Positive,Respiratory Health;Mortality,Health Outcome,,40315387,Literature,PubMed,,
PM2.5,Air Quality,incident T2DM,Positive,Metabolic Health,Health Outcome,,40314697,Literature,PubMed,,
NO2,Air Quality,incident T2DM,Positive,Metabolic Health,Health Outcome,,40314697,Literature,PubMed,,
PM2.5,Air Quality,all-cause mortality,Positive,All-cause mortality,Health Outcome,,40310753,Literature,PubMed,,
PM2.5,Air Quality,all-cause mortality,Positive,All-cause mortality,Health Outcome,,40310753,Literature,PubMed,,
smoke-specific PM2.5,Air Quality,unscheduled hospitalization for respiratory concerns,Positive,Respiratory Health;Cardiovascular Health,Health Outcome,,40305019,Literature,PubMed,,
smoke-specific PM2.5,Air Quality,unscheduled hospitalization for cardiovascular concerns,Null,Respiratory Health;Cardiovascular Health,Health Outcome,,40305019,Literature,PubMed,,
O3,Air Quality,current asthma at age 4 to 6 years,Positive,Respiratory Health,Health Outcome,,40172886,Literature,PubMed,,
O3,Air Quality,current wheeze at age 4 to 6 years,Positive,Respiratory Health,Health Outcome,,40172886,Literature,PubMed,,
O3,Air Quality,asthma and wheeze at age 8 to 9 years,Null,Respiratory Health,Health Outcome,,40172886,Literature,PubMed,,
PM < 2.5 ̆m in diameter (PM2.5),Air Quality,premature ventricular contraction burden,Positive,Cardiovascular Health,Health Outcome,,40107401,Literature,PubMed,,
Air Quality Index (AQI),Air Quality,physical activity,Positive,Cardiovascular Health,Health Outcome,,40107401,Literature,PubMed,,
Air Quality Index (AQI),Air Quality,heart rate,Positive,Cardiovascular Health,Health Outcome,,40107401,Literature,PubMed,,
Air Quality Index (AQI),Air Quality,thoracic impedance,Positive,Cardiovascular Health,Health Outcome,,40107401,Literature,PubMed,,
PM < 2.5 ̆m in diameter (PM2.5),Air Quality,physical activity,Positive,Cardiovascular Health,Health Outcome,,40107401,Literature,PubMed,,
PM < 2.5 ̆m in diameter (PM2.5),Air Quality,heart rate,Positive,Cardiovascular Health,Health Outcome,,40107401,Literature,PubMed,,
PM < 2.5 ̆m in diameter (PM2.5),Air Quality,thoracic impedance,Positive,Cardiovascular Health,Health Outcome,,40107401,Literature,PubMed,,
PM2.5,Air Quality,upper airway pathology,Positive,Respiratory Health,Health Outcome,,40062612,Literature,PubMed,,
PM2.5,Air Quality,croup,Positive,Respiratory Health,Health Outcome,,40062612,Literature,PubMed,,
PM2.5,Air Quality,dysphonia,Positive,Respiratory Health,Health Outcome,,40062612,Literature,PubMed,,
PM2.5,Air Quality,negative strep test,Positive,Respiratory Health,Health Outcome,,40062612,Literature,PubMed,,
Wildfire smoke,Air Quality,Adverse health symptoms,Positive,Environmental Health,Health Outcome,,40003502,Literature,PubMed,,
Wildfire smoke,Air Quality,WFS-related illness,Positive,Environmental Health,Health Outcome,,40003502,Literature,PubMed,,
NO2,Air Quality,mortality,Positive,Alzheimer's disease and Alzheimer's disease-related dementias,Health Outcome,,39986315,Literature,PubMed,,
NO2,Air Quality,readmission,Positive,Alzheimer's disease and Alzheimer's disease-related dementias,Health Outcome,,39986315,Literature,PubMed,,
PM2.5,Air Quality,readmission,Positive,Alzheimer's disease and Alzheimer's disease-related dementias,Health Outcome,,39986315,Literature,PubMed,,
Reducing pregnancy average PM2.5 by 30%,Air Quality,Autism spectrum disorder (ASD) cumulative incidence,Negative,Neurological Health,Health Outcome,,39930955,Literature,PubMed,,
Reducing pregnancy average PM2.5 below 9 μg/m3,Air Quality,Autism spectrum disorder (ASD) cumulative incidence,Negative,Neurological Health,Health Outcome,,39930955,Literature,PubMed,,
NO2,Air Quality,COPD,Positive,Respiratory Health,Health Outcome,,39847697,Literature,PubMed,,
CO,Air Quality,COPD,Positive,Respiratory Health,Health Outcome,,39847697,Literature,PubMed,,
radon and PM2.5,Other,gestational diabetes mellitus,Positive,Pregnancy Outcomes;Metabolic Health,Health Outcome,,39792382,Literature,PubMed,,
NO2,Air Quality,cognitive decline,Null,Neurological Health,Health Outcome,,39641998,Literature,PubMed,,
"PM2.5-10,Cu",Air Quality,cognitive decline,Null,Neurological Health,Health Outcome,,39641998,Literature,PubMed,,
"PM2.5-10,Zn",Air Quality,cognitive decline,Null,Neurological Health,Health Outcome,,39641998,Literature,PubMed,,
PM2.5,Other,urinary OH-PAHs,Null,Maternal Health,Health Outcome,Urine,39631646,Literature,PubMed,,
wildfire PM2.5,Air Quality,incident dementia,Positive,Neurological Health,Health Outcome,,39585704,Literature,PubMed,,
nonwildfire PM2.5,Air Quality,incident dementia,Positive,Neurological Health,Health Outcome,,39585704,Literature,PubMed,,
PM2.5,Air Quality,eczema,Positive,inflammatory skin disease,Health Outcome,,39536018,Literature,PubMed,,
PM2.5,Air Quality,head and neck cancer (HNC) incidence rates,Positive,Oncology,Health Outcome,,39532908,Literature,PubMed,,
PM2.5,Air Quality,head and neck cancer (HNC) incidence rates,Positive,Oncology,Health Outcome,,39532908,Literature,PubMed,,
PM2.5,Air Quality,head and neck cancer (HNC) incidence rates,Positive,Oncology,Health Outcome,,39532908,Literature,PubMed,,
PM2.5 during the saccular phase,Air Quality,FEV1 z-score,Negative,Respiratory Health,Health Outcome,,39492664,Literature,PubMed,,
PM2.5 during the pseudoglandular phase,Air Quality,FEV1,Negative,Respiratory Health,Health Outcome,,39492664,Literature,PubMed,,
PM2.5 during the pseudoglandular phase,Air Quality,FVC,Negative,Respiratory Health,Health Outcome,,39492664,Literature,PubMed,,
PM2.5 during the saccular phase,Air Quality,FVC,Negative,Respiratory Health,Health Outcome,,39492664,Literature,PubMed,,
PM2.5,Air Quality,FEV1/FVC ratio,Null,Respiratory Health,Health Outcome,,39492664,Literature,PubMed,,
NO2,Air Quality,mental developmental index (MDI) at age 1,Negative,Neurological Health,Health Outcome,,39478594,Literature,PubMed,,
PM2.5,Air Quality,mental developmental index (MDI) at age 1,Negative,Neurological Health,Health Outcome,,39478594,Literature,PubMed,,
NO2,Air Quality,mental developmental index (MDI) at age 2,Null,Neurological Health,Health Outcome,,39478594,Literature,PubMed,,
PM2.5,Air Quality,mental developmental index (MDI) at age 2,Null,Neurological Health,Health Outcome,,39478594,Literature,PubMed,,
NO2,Air Quality,mental developmental index (MDI) at age 3,Negative,Neurological Health,Health Outcome,,39478594,Literature,PubMed,,
NO2,Air Quality,mental developmental index (MDI) at age 1 (DLM),Negative,Neurological Health,Health Outcome,,39478594,Literature,PubMed,,
PM2.5,Air Quality,mental developmental index (MDI) at age 1 (DLM),Negative,Neurological Health,Health Outcome,,39478594,Literature,PubMed,,
NO2,Air Quality,mental developmental index (MDI) at age 3 (DLM),Negative,Neurological Health,Health Outcome,,39478594,Literature,PubMed,,
PM2.5,Air Quality,mental developmental index (MDI) at age 3 (DLM),Negative,Neurological Health,Health Outcome,,39478594,Literature,PubMed,,
NO2,Air Quality,"psychomotor index (PDI) at ages 1, 2 or 3",Null,Neurological Health,Health Outcome,,39478594,Literature,PubMed,,
PM2.5,Air Quality,"psychomotor index (PDI) at ages 1, 2 or 3",Null,Neurological Health,Health Outcome,,39478594,Literature,PubMed,,
PM2.5,Air Quality,CRS-OV,Positive,Respiratory Health,Health Outcome,,39476332,Literature,PubMed,,
NO2,Air Quality,FEV1,Negative,Respiratory Health,Health Outcome,,39471316,Literature,PubMed,,
NO2,Air Quality,FVC,Negative,Respiratory Health,Health Outcome,,39471316,Literature,PubMed,,
NO2,Air Quality,FeNO,Positive,Respiratory Health,Health Outcome,,39471316,Literature,PubMed,,
O3,Air Quality,FEV1,Null,Respiratory Health,Health Outcome,,39471316,Literature,PubMed,,
O3,Air Quality,FVC,Null,Respiratory Health,Health Outcome,,39471316,Literature,PubMed,,
O3,Air Quality,FeNO,Null,Respiratory Health,Health Outcome,,39471316,Literature,PubMed,,
maximal temperature,Other,MVPA,Negative,Metabolic Health;Obesity,Health Outcome,,39469319,Literature,PubMed,,
air quality index,Other,MVPA,Negative,Metabolic Health;Obesity,Health Outcome,,39469319,Literature,PubMed,,
air quality index,Other,sedentary time,Negative,Metabolic Health;Obesity,Health Outcome,,39469319,Literature,PubMed,,
PM2.5,Air Quality,time to death or lung allograft failure after lung transplant,Positive,Lung Transplantation;Respiratory Health,Health Outcome,,39418024,Literature,PubMed,,
PM2.5,Air Quality,time to death or lung allograft failure after lung transplant,Positive,Lung Transplantation;Respiratory Health,Health Outcome,,39418024,Literature,PubMed,,
PM2.5,Air Quality,time to death or lung allograft failure after lung transplant,Positive,Lung Transplantation;Respiratory Health,Health Outcome,,39418024,Literature,PubMed,,
PM2.5,Air Quality,invasive breast cancer,Positive,Oncology,Health Outcome,,39378392,Literature,PubMed,,
PM2.5,Air Quality,breast cancer incidence (meta-analysis),Positive,Oncology,Health Outcome,,39378392,Literature,PubMed,,
PM2.5,Air Quality,autism spectrum disorder,Positive,Neurological Health,Health Outcome,,39362545,Literature,PubMed,,
PM2.5,Air Quality,incident activities of daily living (ADL) disability,Positive,Physical Health;Physical Disability,Health Outcome,,39342952,Literature,PubMed,,
NO2,Air Quality,incident activities of daily living (ADL) disability,Positive,Physical Health;Physical Disability,Health Outcome,,39342952,Literature,PubMed,,
O3,Air Quality,incident activities of daily living (ADL) disability,Negative,Physical Health;Physical Disability,Health Outcome,,39342952,Literature,PubMed,,
O3,Air Quality,incident activities of daily living (ADL) disability (multi-pollutant model),Negative,Physical Health;Physical Disability,Health Outcome,,39342952,Literature,PubMed,,
PM2.5,Air Quality,COVID-19 incidence,Positive,Infectious Disease,Health Outcome,,39183866,Literature,PubMed,,
NO2,Air Quality,COVID-19 incidence,Positive,Infectious Disease,Health Outcome,,39183866,Literature,PubMed,,
CO,Air Quality,COVID-19 incidence,Positive,Infectious Disease,Health Outcome,,39183866,Literature,PubMed,,
O3,Air Quality,COVID-19 incidence,Positive,Infectious Disease,Health Outcome,,39183866,Literature,PubMed,,
PM2.5,Air Quality,COVID-19 mortality,Positive,Infectious Disease,Health Outcome,,39183866,Literature,PubMed,,
NO2,Air Quality,COVID-19 mortality,Positive,Infectious Disease,Health Outcome,,39183866,Literature,PubMed,,
CO,Air Quality,COVID-19 mortality,Null,Infectious Disease,Health Outcome,,39183866,Literature,PubMed,,
O3,Air Quality,COVID-19 mortality,Positive,Infectious Disease,Health Outcome,,39183866,Literature,PubMed,,
PM2.5,Air Quality,Incident myocardial infarction (MI),Positive,Cardiovascular Disease,Health Outcome,,39158908,Literature,PubMed,,
PM2.5,Air Quality,stroke,Positive,Cardiovascular Disease,Health Outcome,,39158908,Literature,PubMed,,
PM2.5,Air Quality,stroke in less-deprived cohort,Null,Cardiovascular Disease,Health Outcome,,39158908,Literature,PubMed,,
PM2.5,Air Quality,stroke in more-deprived cohort,Positive,Cardiovascular Disease,Health Outcome,,39158908,Literature,PubMed,,
PM2.5,Air Quality,stroke in $50 000 or more per year cohort,Positive,Cardiovascular Disease,Health Outcome,,39158908,Literature,PubMed,,
PM2.5,Air Quality,stroke in under $50 000 per year cohort,Positive,Cardiovascular Disease,Health Outcome,,39158908,Literature,PubMed,,
PM2.5,Air Quality,stroke in White individuals,Positive,Cardiovascular Disease,Health Outcome,,39158908,Literature,PubMed,,
PM2.5,Air Quality,stroke in Black individuals,Positive,Cardiovascular Disease,Health Outcome,,39158908,Literature,PubMed,,
PM2.5,Air Quality,chemosis,Positive,Ophthalmology;Veterinary Health,Health Outcome,,39137801,Literature,PubMed,,
PM2.5,Air Quality,tetralogy of Fallot (TOF),Positive,Cardiovascular Health,Health Outcome,,39108168,Literature,PubMed,,
PM2.5,Air Quality,congenital heart defects (CHDs),Positive,Cardiovascular Health,Health Outcome,,39108168,Literature,PubMed,,
O3,Air Quality,atrioventricular septal defect (AVSD),Positive,Cardiovascular Health,Health Outcome,,39108168,Literature,PubMed,,
PM2.5,Air Quality,all-cause death,Positive,Cardiovascular Health,Health Outcome,,39082400,Literature,PubMed,,
PM2.5,Air Quality,first HF readmission,Positive,Cardiovascular Health,Health Outcome,,39082400,Literature,PubMed,,
PM2.5,Air Quality,HF hospitalization burden,Positive,Cardiovascular Health,Health Outcome,,39082400,Literature,PubMed,,
PM2.5,Air Quality,all-cause readmission burden,Positive,Cardiovascular Health,Health Outcome,,39082400,Literature,PubMed,,
NO2,Air Quality,maternal immune markers,Positive,Immune Health;Maternal Health,Health Outcome,maternal plasma,39034020,Literature,PubMed,,
NO2,Air Quality,IL-23 in late pregnancy,Positive,Immune Health;Maternal Health,Health Outcome,maternal plasma,39034020,Literature,PubMed,,
NO2,Air Quality,IL-23 in early pregnancy,Null,Immune Health;Maternal Health,Health Outcome,maternal plasma,39034020,Literature,PubMed,,
"ambient air pollutants (ozone, nitrogen dioxide, sulfur dioxide, carbon monoxide, particulate matter 2.5, and particulate matter 10)",Air Quality,Primary graft dysfunction (PGD),Null,Lung Transplantation;Primary graft dysfunction,Health Outcome,,39019353,Literature,PubMed,,
PM2.5,Air Quality,oxidative stress,Positive,Maternal and Fetal Health,Biological Endpoint,Urine,38942277,Literature,PubMed,,
NO2,Air Quality,oxidative stress,Negative,Maternal and Fetal Health,Biological Endpoint,Urine,38942277,Literature,PubMed,,
NO2,Air Quality,cardiovascular,Positive,Inflammatory Health;Cardiovascular Health;Metabolic Health;Cancer;Neurological Health,Biological Endpoint,Maternal blood;Cord blood,38555084,Literature,PubMed,,
NO2,Air Quality,inflammation,Positive,Inflammatory Health;Cardiovascular Health;Metabolic Health;Cancer;Neurological Health,Biological Endpoint,Maternal blood;Cord blood,38555084,Literature,PubMed,,
O3,Air Quality,inflammation,Positive,Inflammatory Health;Cardiovascular Health;Metabolic Health;Cancer;Neurological Health,Biological Endpoint,Maternal blood;Cord blood,38555084,Literature,PubMed,,
O3,Air Quality,metabolic,Positive,Inflammatory Health;Cardiovascular Health;Metabolic Health;Cancer;Neurological Health,Biological Endpoint,Maternal blood;Cord blood,38555084,Literature,PubMed,,
O3,Air Quality,cardiovascular,Positive,Inflammatory Health;Cardiovascular Health;Metabolic Health;Cancer;Neurological Health,Biological Endpoint,Maternal blood;Cord blood,38555084,Literature,PubMed,,
PM2.5,Air Quality,cardiovascular,Positive,Inflammatory Health;Cardiovascular Health;Metabolic Health;Cancer;Neurological Health,Biological Endpoint,Maternal blood;Cord blood,38555084,Literature,PubMed,,
PM2.5,Air Quality,metabolic,Positive,Inflammatory Health;Cardiovascular Health;Metabolic Health;Cancer;Neurological Health,Biological Endpoint,Maternal blood;Cord blood,38555084,Literature,PubMed,,
PM2.5,Air Quality,inflammation,Positive,Kidney Failure;Inflammation,Biological Endpoint,Serum,36700905,Literature,PubMed,,
PM2.5,Air Quality,oxidative stress,Positive,Cardiovascular Health,Biological Endpoint,Blood;Urine,27126478,Literature,PubMed,,
black carbon,Air Quality,oxidative stress,Positive,Cardiovascular Health,Biological Endpoint,Blood;Urine,27126478,Literature,PubMed,,
PM2.5,Air Quality,oxidative stress,Positive,Cardiovascular Health,Biological Endpoint,,26732377,Literature,PubMed,,
PM2.5,Air Quality,metal processing,Negative,Cardiovascular Health,Biological Endpoint,,26732377,Literature,PubMed,,
PM2.5,Air Quality,endothelial function,Negative,Cardiovascular Health,Biological Endpoint,,26732377,Literature,PubMed,,
black carbon,Air Quality,oxidative stress,Positive,Respiratory Health,Biological Endpoint,exhaled breath condensate,25262082,Literature,PubMed,,
black carbon,Air Quality,lipid peroxidation,Positive,Respiratory Health,Biological Endpoint,exhaled breath condensate,25262082,Literature,PubMed,,
PM2.5,Air Quality,systemic inflammation,Positive,Cardiovascular Health,Biological Endpoint,,24792413,Literature,PubMed,,
NO2,Air Quality,eosinophilic airway inflammation,Positive,Respiratory Health,Biological Endpoint,Exhaled breath,24696513,Literature,PubMed,,
PM2.5,Air Quality,eosinophilic airway inflammation,Positive,Respiratory Health,Biological Endpoint,Exhaled breath,24696513,Literature,PubMed,,
PM2.5,Air Quality,pulmonary inflammatory responses,Positive,Respiratory Health;Cardiovascular Health,Biological Endpoint,,24451609,Literature,PubMed,,
PM2.5,Air Quality,vascular responses,Positive,Respiratory Health;Cardiovascular Health,Biological Endpoint,,24451609,Literature,PubMed,,
Daily maximum ambient temperature,Weather,amino acid metabolism,Positive,Pregnancy and Birth Outcomes,Biological Endpoint,Serum,41270169,Literature,PubMed,,
Daily maximum ambient temperature,Weather,oxidative stress regulation,Positive,Pregnancy and Birth Outcomes,Biological Endpoint,Serum,41270169,Literature,PubMed,,
temperature,Weather,photosynthesis,Positive,Plant Physiology,Biological Endpoint,needles,26220656,Literature,PubMed,,
temperature,Weather,respiration,Positive,Plant Physiology,Biological Endpoint,needles,26220656,Literature,PubMed,,
topical radiant heating,Other,innate immunity,Positive,Wound Healing,Biological Endpoint,Skin biopsies,16722872,Literature,PubMed,,
High temperature,Weather,thermoregulation,Positive,All-cause mortality,Biological Endpoint,,30886182,Literature,PubMed,,
black carbon,Air Quality,inflammatory pathways,Positive,Cardiovascular Disease,Biological Endpoint,Blood,16844771,Literature,PubMed,,
PM2.5,Air Quality,inflammatory pathways,Positive,Cardiovascular Disease,Biological Endpoint,Blood,16844771,Literature,PubMed,,
PM2.5,Air Quality,airway inflammation,Positive,Respiratory Health,Biological Endpoint,Exhaled breath,15811822,Literature,PubMed,,
PM2.5,Air Quality,airway inflammation,Positive,Respiratory Health,Biological Endpoint,breath samples,14985553,Literature,PubMed,,
naphthalene,Air Quality,oxidative stress,Positive,Oxidative Stress;Inflammation,Biological Endpoint,Urine,42219792,Literature,PubMed,,
naphthalene,Air Quality,inflammation,Positive,Oxidative Stress;Inflammation,Biological Endpoint,Urine,42219792,Literature,PubMed,,
PM2.5 related to wildfire smoke,Air Quality,inflammation,Positive,Behavioral Health,Biological Endpoint,Blood,41412360,Literature,PubMed,,
PM2.5 related to wildfire smoke,Air Quality,neurodevelopment,Positive,Behavioral Health,Biological Endpoint,Blood,41412360,Literature,PubMed,,
PM2.5 related to wildfire smoke,Air Quality,tissue development,Positive,Behavioral Health,Biological Endpoint,Blood,41412360,Literature,PubMed,,
black carbon,Air Quality,inflammatory processes,Positive,Inflammatory processes;Health Inequities,Biological Endpoint,frozen blood spots;purified monocytes,41310776,Literature,PubMed,,
PM2.5,Air Quality,oxidative stress,Positive,Endocrine and Metabolic Health,Biological Endpoint,,41183598,Literature,PubMed,,
PM2.5,Air Quality,systemic inflammation,Positive,Endocrine and Metabolic Health,Biological Endpoint,,41183598,Literature,PubMed,,
PM2.5,Air Quality,protein digestion and absorption,Positive,Reproductive Health,Biological Endpoint,Serum,40440123,Literature,PubMed,,
PM2.5,Air Quality,"aromatic amino acid (phenylalanine, tyrosine, and tryptophan) metabolism",Positive,Reproductive Health,Biological Endpoint,Serum,40440123,Literature,PubMed,,
PM2.5,Air Quality,LOX pathway,Positive,Immune Health,Biological Endpoint,Serum,40381411,Literature,PubMed,,
PM2.5,Air Quality,immunity,Positive,Immune Health,Biological Endpoint,Serum,40381411,Literature,PubMed,,
PM2.5,Air Quality,apoptosis,Positive,Congenital Heart Defects,Biological Endpoint,residual newborn blood spots;DNA,40269475,Literature,PubMed,,
PM2.5,Air Quality,necrosis,Positive,Congenital Heart Defects,Biological Endpoint,residual newborn blood spots;DNA,40269475,Literature,PubMed,,
PM2.5,Air Quality,inflammation,Positive,Congenital Heart Defects,Biological Endpoint,residual newborn blood spots;DNA,40269475,Literature,PubMed,,
PM2.5,Air Quality,immune response,Positive,Congenital Heart Defects,Biological Endpoint,residual newborn blood spots;DNA,40269475,Literature,PubMed,,
O3,Air Quality,apoptosis,Positive,Congenital Heart Defects,Biological Endpoint,residual newborn blood spots;DNA,40269475,Literature,PubMed,,
O3,Air Quality,necrosis,Positive,Congenital Heart Defects,Biological Endpoint,residual newborn blood spots;DNA,40269475,Literature,PubMed,,
O3,Air Quality,inflammation,Positive,Congenital Heart Defects,Biological Endpoint,residual newborn blood spots;DNA,40269475,Literature,PubMed,,
O3,Air Quality,immune response,Positive,Congenital Heart Defects,Biological Endpoint,residual newborn blood spots;DNA,40269475,Literature,PubMed,,
PM2.5,Air Quality,inflammation,Positive,Breast Cancer;Breast adipose inflammation,Biological Endpoint,Noncancerous breast tissue,40055781,Literature,PubMed,,
PM2.5,Other,inflammation,Positive,Breast Cancer;Inflammation,Biological Endpoint,Noncancerous breast tissue,39992653,Literature,PubMed,,
PM2.5,Air Quality,epithelial induction of tissue kallikreins,Positive,Respiratory Health,Biological Endpoint,nasal samples,36608946,Literature,PubMed,,
PM2.5,Air Quality,mucus hypersecretion,Positive,Respiratory Health,Biological Endpoint,nasal samples,36608946,Literature,PubMed,,
PM2.5,Air Quality,barrier functions,Positive,Respiratory Health,Biological Endpoint,nasal samples,36608946,Literature,PubMed,,
O3,Air Quality,type-2 inflammation,Positive,Respiratory Health,Biological Endpoint,nasal samples,36608946,Literature,PubMed,,
PM2.5,Air Quality,cardiometabolic disease,Positive,Cardiometabolic Health;Immune Function and Inflammation;Neurological Health,Biological Endpoint,Umbilical cord blood,35835166,Literature,PubMed,,
PM2.5,Air Quality,immune function and inflammation,Positive,Cardiometabolic Health;Immune Function and Inflammation;Neurological Health,Biological Endpoint,Umbilical cord blood,35835166,Literature,PubMed,,
PM2.5,Air Quality,neurologic disorders,Positive,Cardiometabolic Health;Immune Function and Inflammation;Neurological Health,Biological Endpoint,Umbilical cord blood,35835166,Literature,PubMed,,
O3,Air Quality,cardiometabolic disease,Positive,Cardiometabolic Health;Immune Function and Inflammation;Neurological Health,Biological Endpoint,Umbilical cord blood,35835166,Literature,PubMed,,
O3,Air Quality,immune function and inflammation,Positive,Cardiometabolic Health;Immune Function and Inflammation;Neurological Health,Biological Endpoint,Umbilical cord blood,35835166,Literature,PubMed,,
O3,Air Quality,neurologic disorders,Positive,Cardiometabolic Health;Immune Function and Inflammation;Neurological Health,Biological Endpoint,Umbilical cord blood,35835166,Literature,PubMed,,
O3,Air Quality,inflammation,Positive,Cardiovascular Health,Biological Endpoint,Blood,35780850,Literature,PubMed,,
O3,Air Quality,endothelial function,Positive,Cardiovascular Health,Biological Endpoint,Blood,35780850,Literature,PubMed,,
PM2.5,Air Quality,inflammation,Positive,Cardiovascular Health,Biological Endpoint,Blood;Serum,35576800,Literature,PubMed,,
O3,Air Quality,inflammation,Positive,Cardiovascular Health,Biological Endpoint,Blood;Serum,35576800,Literature,PubMed,,
NO2,Air Quality,inflammation,Positive,Cardiovascular Health,Biological Endpoint,Blood;Serum,35576800,Literature,PubMed,,
PM2.5,Air Quality,inflammation,Positive,Kidney Disease,Biological Endpoint,,35174736,Literature,PubMed,,
PM2.5,Air Quality,oxidative stress,Positive,Kidney Disease,Biological Endpoint,,35174736,Literature,PubMed,,
PM2.5,Air Quality,apoptosis,Positive,Kidney Disease,Biological Endpoint,,35174736,Literature,PubMed,,
PM2.5,Air Quality,DNA damage,Positive,Kidney Disease,Biological Endpoint,,35174736,Literature,PubMed,,
PM2.5,Air Quality,autophagy,Positive,Kidney Disease,Biological Endpoint,,35174736,Literature,PubMed,,
black carbon,Air Quality,viral related gene pathways,Positive,Respiratory Health,Biological Endpoint,Peripheral blood,34593881,Literature,PubMed,,
black carbon,Air Quality,antigen presentation,Positive,Respiratory Health,Biological Endpoint,Peripheral blood,34593881,Literature,PubMed,,
PM2.5,Air Quality,amino acid transport,Positive,Fetal Growth;Cardiometabolic Health,Biological Endpoint,Placenta,34015297,Literature,PubMed,,
PM2.5,Air Quality,cellular respiration,Positive,Fetal Growth;Cardiometabolic Health,Biological Endpoint,Placenta,34015297,Literature,PubMed,,
PM2.5,Air Quality,immune regulation,Positive,Cardiovascular Health;Immunological Health,Biological Endpoint,,33603036,Literature,PubMed,,
CO,Air Quality,immune regulation,Positive,Cardiovascular Health;Immunological Health,Biological Endpoint,,33603036,Literature,PubMed,,
O3,Air Quality,immune regulation,Positive,Cardiovascular Health;Immunological Health,Biological Endpoint,,33603036,Literature,PubMed,,
PM2.5,Air Quality,vascular endothelial growth factor (VEGF) receptor signaling pathway,Positive,Cancer,Biological Endpoint,,33338681,Literature,PubMed,,
PM2.5,Air Quality,Cardiovascular autonomic response,Positive,Cardiovascular Health,Biological Endpoint,Blood,24083379,Literature,PubMed,,
PM2.5,Air Quality,inflammation,Positive,Cardiovascular Health,Biological Endpoint,Blood,24083379,Literature,PubMed,,
PM2.5,Air Quality,endothelial dysfunction,Positive,Cardiovascular Health,Biological Endpoint,,23103035,Literature,PubMed,,
black carbon,Air Quality,airway inflammation,Positive,Respiratory Health,Biological Endpoint,Exhaled breath,21896396,Literature,PubMed,,
NO2,Air Quality,airway inflammation,Positive,Respiratory Health,Biological Endpoint,Exhaled breath,21896396,Literature,PubMed,,
ambient temperature,Weather,autonomic nervous system dysfunction,Positive,Cardiovascular Health,Biological Endpoint,,21385834,Literature,PubMed,,
PM2.5,Air Quality,airway inflammation,Positive,Respiratory Health,Biological Endpoint,Exhaled breath,20947676,Literature,PubMed,,
O3,Air Quality,airway inflammation,Positive,Respiratory Health,Biological Endpoint,Exhaled breath,20947676,Literature,PubMed,,
ambient temperature,Weather,inflammation,Positive,Cardiovascular Health,Biological Endpoint,Blood,20653951,Literature,PubMed,,
PM2.5,Air Quality,vascular inflammation,Positive,Cardiovascular Health,Biological Endpoint,Blood,35139860,Literature,PubMed,,
PM2.5,Air Quality,coagulation,Positive,Cardiovascular Health,Biological Endpoint,Blood,35139860,Literature,PubMed,,
PM2.5,Air Quality,fibrinolysis,Positive,Cardiovascular Health,Biological Endpoint,Blood,35139860,Literature,PubMed,,
O3,Air Quality,vascular inflammation,Positive,Cardiovascular Health,Biological Endpoint,Blood,35139860,Literature,PubMed,,
O3,Air Quality,coagulation,Positive,Cardiovascular Health,Biological Endpoint,Blood,35139860,Literature,PubMed,,
O3,Air Quality,fibrinolysis,Positive,Cardiovascular Health,Biological Endpoint,Blood,35139860,Literature,PubMed,,
PM2.5,Air Quality,platelet activation,Positive,Cardiovascular Health,Biological Endpoint,,27029326,Literature,PubMed,,
O3,Air Quality,pro-inflammatory adaptive immune processes,Positive,Asthma;Respiratory Health,Biological Endpoint,nasal samples;bronchial samples,41430723,Literature,PubMed,,
PM2.5,Air Quality,pro-inflammatory adaptive immune processes,Positive,Asthma;Respiratory Health,Biological Endpoint,nasal samples;bronchial samples,41430723,Literature,PubMed,,
O3,Air Quality,DNA repair,Positive,Asthma;Respiratory Health,Biological Endpoint,nasal samples;bronchial samples,41430723,Literature,PubMed,,
O3,Air Quality,immune regulation,Positive,Asthma;Respiratory Health,Biological Endpoint,nasal samples;bronchial samples,41430723,Literature,PubMed,,
PM2.5,Air Quality,inflammation pathways,Positive,Cardiovascular Disease,Biological Endpoint,,31822152,Literature,PubMed,,
PM2.5,Air Quality,inflammation,Positive,Inflammatory Diseases;Asthma;Cardiovascular Disease,Biological Endpoint,Blood,34014775,Literature,PubMed,,
black carbon,Air Quality,inflammation,Positive,Inflammatory Diseases;Asthma;Cardiovascular Disease,Biological Endpoint,Blood,34014775,Literature,PubMed,,
PM2.5,Air Quality,inflammatory pathways,Positive,Cardiovascular Health,Biological Endpoint,Serum,26600256,Literature,PubMed,,
PM2.5,Air Quality,hemostatic pathways,Positive,Cardiovascular Health,Biological Endpoint,Serum,26600256,Literature,PubMed,,
O3,Air Quality,inflammatory pathways,Positive,Cardiovascular Health,Biological Endpoint,Serum,26600256,Literature,PubMed,,
O3,Air Quality,hemostatic pathways,Positive,Cardiovascular Health,Biological Endpoint,Serum,26600256,Literature,PubMed,,
PM2.5,Air Quality,extracellular matrix remodeling,Positive,Respiratory Health,Biological Endpoint,blood;lung tissue,40540633,Literature,PubMed,,
PM2.5,Air Quality,fibroblast migration,Positive,Respiratory Health,Biological Endpoint,blood;lung tissue,40540633,Literature,PubMed,,
PM2.5,Air Quality,systemic inflammation,Positive,Cardiovascular Health,Biological Endpoint,,26725170,Literature,PubMed,,
PM2.5,Air Quality,oxidation,Positive,Cardiovascular Health,Biological Endpoint,,26725170,Literature,PubMed,,
PM2.5,Air Quality,systemic inflammation,Positive,Immunological Health,Biological Endpoint,Peripheral blood,15723880,Literature,PubMed,,
PM2.5,Air Quality,oxidative stress,Positive,Cardiovascular Health,Biological Endpoint,,18007994,Literature,PubMed,,
PM2.5,Air Quality,inflammation,Positive,Obstetric Health;Metabolic Health,Biological Endpoint,Placenta,35248564,Literature,PubMed,,
PM2.5,Air Quality,lipid transport,Positive,Obstetric Health;Metabolic Health,Biological Endpoint,Placenta,35248564,Literature,PubMed,,
PM2.5,Air Quality,cell-cell communication,Positive,Obstetric Health;Metabolic Health,Biological Endpoint,Placenta,35248564,Literature,PubMed,,
PM2.5,Air Quality,cell invasion,Positive,Obstetric Health;Metabolic Health,Biological Endpoint,Placenta,35248564,Literature,PubMed,,
PM2.5,Air Quality,oxidative stress,Positive,Cardiovascular Disease,Biological Endpoint,Serum,26956024,Literature,PubMed,,
PM2.5,Air Quality,inflammation,Positive,Cardiovascular Disease,Biological Endpoint,Serum,26956024,Literature,PubMed,,
PM2.5,Air Quality,atherosclerosis,Positive,Cardiovascular Disease,Biological Endpoint,Serum,26956024,Literature,PubMed,,
PM2.5,Air Quality,type-2 dominant CRS inflammatory response,Positive,Respiratory Health,Biological Endpoint,mucus;tissue,38180309,Literature,PubMed,,
PM2.5,Air Quality,platelet mitochondrial respiration,Positive,Cardiovascular Health,Biological Endpoint,fresh whole blood samples;Platelets,38111233,Literature,PubMed,,
black carbon,Air Quality,systemic inflammation,Positive,Systemic Inflammation,Biological Endpoint,circulating biomarkers,28751572,Literature,PubMed,,
O3,Air Quality,systemic inflammation,Positive,Systemic Inflammation,Biological Endpoint,circulating biomarkers,28751572,Literature,PubMed,,
PM2.5,Air Quality,glucose metabolism,Positive,Metabolic Health;Diabetes,Biological Endpoint,dried blood spots,28712959,Literature,PubMed,,
NO2,Air Quality,glucose metabolism,Positive,Metabolic Health;Diabetes,Biological Endpoint,dried blood spots,28712959,Literature,PubMed,,
Wildfire smoke,Air Quality,Toll-like receptor (TLR) pathway,Positive,Immune Health;Respiratory Health,Biological Endpoint,Peripheral blood mononuclear cells (PBMCs),28208028,Literature,PubMed,,
O3,Air Quality,oxidative stress,Positive,Metabolic Health,Biological Endpoint,,28153529,Literature,PubMed,,
O3,Air Quality,insulin resistance,Positive,Metabolic Health,Biological Endpoint,,28153529,Literature,PubMed,,
PM2.5,Air Quality,systemic inflammation,Positive,Hematologic Health,Biological Endpoint,dried blood spots,28153527,Literature,PubMed,,
black carbon,Air Quality,airway inflammation,Positive,Respiratory Health,Biological Endpoint,Exhaled breath,27694044,Literature,PubMed,,
PM2.5 mass,Air Quality,inflammation,Positive,Cardiovascular Health;Inflammation,Biological Endpoint,Blood,31446321,Literature,PubMed,,
PM2.5 mass,Air Quality,inflammation,Positive,Cardiovascular Health;Endocrine Health,Biological Endpoint,Blood,31419765,Literature,PubMed,,
black carbon,Air Quality,remodelling of small pulmonary vessels,Positive,Respiratory Health,Biological Endpoint,,31167881,Literature,PubMed,,
PM2.5,Air Quality,sympathetic nervous system activation,Positive,Autonomic Nervous System Health,Biological Endpoint,Urine,31095432,Literature,PubMed,,
NO2,Air Quality,sympathetic nervous system activation,Positive,Autonomic Nervous System Health,Biological Endpoint,Urine,31095432,Literature,PubMed,,
black carbon,Air Quality,systemic cytokine-mediated inflammation,Positive,Cardiovascular Health,Biological Endpoint,,30888266,Literature,PubMed,,
black carbon,Air Quality,pro-thrombotic activity,Positive,Cardiovascular Health,Biological Endpoint,,30888266,Literature,PubMed,,
O3,Air Quality,pulmonary inflammation,Positive,Respiratory Health,Biological Endpoint,exhaled breath condensate (EBC),25985308,Literature,PubMed,,
O3,Air Quality,oxidative stress,Positive,Respiratory Health,Biological Endpoint,exhaled breath condensate (EBC),25985308,Literature,PubMed,,
PM2.5 mass concentrations,Air Quality,coagulation,Negative,Coagulation;Inflammation,Biological Endpoint,Blood,25769179,Literature,PubMed,,
PM2.5 mass concentrations,Air Quality,inflammation,Positive,Coagulation;Inflammation,Biological Endpoint,Blood,25769179,Literature,PubMed,,
PM2.5 black carbon,Air Quality,inflammation,Positive,Coagulation;Inflammation,Biological Endpoint,Blood,25769179,Literature,PubMed,,
PM2.5,Air Quality,oxidative stress,Positive,Cardiovascular Health,Biological Endpoint,Peripheral blood;spot urine,25074558,Literature,PubMed,,
PM2.5,Air Quality,systemic inflammation,Positive,Cardiovascular Health,Biological Endpoint,Peripheral blood;spot urine,25074558,Literature,PubMed,,
PM2.5,Air Quality,inflammation,Positive,Pulmonary Health,Biological Endpoint,Blood,24602767,Literature,PubMed,,
PM2.5,Air Quality,immunity,Positive,Pulmonary Health,Biological Endpoint,Blood,24602767,Literature,PubMed,,
black carbon,Air Quality,glutathione metabolism,Positive,Cardiovascular Health,Biological Endpoint,Blood,21385671,Literature,PubMed,,
O3,Air Quality,oxidative stress,Positive,Oxidative Stress,Biological Endpoint,Urine,21138591,Literature,PubMed,,
NO2,Air Quality,glutathione synthesis pathway,Positive,Respiratory Health,Biological Endpoint,,20802163,Literature,PubMed,,
NO2,Air Quality,glutathione metabolism pathway,Positive,Respiratory Health,Biological Endpoint,,20802163,Literature,PubMed,,
black carbon,Air Quality,oxidative stress,Positive,Cardiovascular Health,Biological Endpoint,,20194081,Literature,PubMed,,
black carbon,Air Quality,oxidative defence,Positive,Cardiovascular Health,Biological Endpoint,Serum,19884647,Literature,PubMed,,
black carbon,Air Quality,endothelial function,Positive,Cardiovascular Health,Biological Endpoint,Serum,19884647,Literature,PubMed,,
black carbon,Air Quality,inflammation,Positive,Cardiovascular Health,Biological Endpoint,Serum,19884647,Literature,PubMed,,
PM2.5,Air Quality,methionine cycle,Positive,Cardiovascular Health,Biological Endpoint,,18378616,Literature,PubMed,,
PM2.5,Air Quality,systemic inflammation,Positive,Systemic inflammation;DNA damage;Oxidative stress,Biological Endpoint,Urine,18301175,Literature,PubMed,,
PM2.5,Air Quality,oxidative DNA damage,Negative,Systemic inflammation;DNA damage;Oxidative stress,Biological Endpoint,Urine,18301175,Literature,PubMed,,
PM2.5,Air Quality,oxidative stress,Positive,Cardiovascular Health,Biological Endpoint,,16020798,Literature,PubMed,,
PM2.5,Air Quality,disturbances of the autonomic control of the heart,Positive,Cardiovascular Health,Biological Endpoint,,16020798,Literature,PubMed,,
PM2.5,Air Quality,redox cycling,Positive,Respiratory Health,Biological Endpoint,human cells,11599928,Literature,PubMed,,
PM2.5,Air Quality,systemic inflammation,Positive,Cancer Risk;Immunological Health,Biological Endpoint,,41882731,Literature,PubMed,,
black carbon,Air Quality,endothelial function,Positive,Ophthalmological Health,Biological Endpoint,,30419128,Literature,PubMed,,
black carbon,Air Quality,oxidative stress,Positive,Ophthalmological Health,Biological Endpoint,,30419128,Literature,PubMed,,
black carbon,Air Quality,metal processing,Positive,Ophthalmological Health,Biological Endpoint,,30419128,Literature,PubMed,,
PM2.5,Air Quality,airway inflammation,Positive,Respiratory Health,Biological Endpoint,buccal samples,28821285,Literature,PubMed,,
PM2.5,Air Quality,endothelial function,Positive,Aging,Biological Endpoint,Blood;Serum,28486674,Literature,PubMed,,
PM2.5,Air Quality,oxidative stress,Negative,Aging,Biological Endpoint,Blood;Serum,28486674,Literature,PubMed,,
PM2.5,Air Quality,metal processing,Negative,Aging,Biological Endpoint,Blood;Serum,28486674,Literature,PubMed,,
PM2.5,Air Quality,glycine-ornithine-arginine metabolic axis,Positive,Cardiovascular Health,Biological Endpoint,Plasma,27792908,Literature,PubMed,,
O3,Air Quality,glycine-ornithine-arginine metabolic axis,Positive,Cardiovascular Health,Biological Endpoint,Plasma,27792908,Literature,PubMed,,
PM2.5,Air Quality,incomplete fatty acid oxidation,Positive,Cardiovascular Health,Biological Endpoint,Plasma,27792908,Literature,PubMed,,
O3,Air Quality,incomplete fatty acid oxidation,Positive,Cardiovascular Health,Biological Endpoint,Plasma,27792908,Literature,PubMed,,
PM2.5,Air Quality,mitochondrial dysfunction,Positive,Cardiovascular Health,Biological Endpoint,Plasma,27792908,Literature,PubMed,,
O3,Air Quality,mitochondrial dysfunction,Positive,Cardiovascular Health,Biological Endpoint,Plasma,27792908,Literature,PubMed,,
O3,Air Quality,DNA methylation reprogramming,Positive,Cardiovascular Health,Biological Endpoint,newborn blood spots,27219456,Literature,PubMed,,
black carbon,Air Quality,miRNA processing,Positive,Neurological Health,Biological Endpoint,Blood,26724585,Literature,PubMed,,
PM2.5,Air Quality,inflammation,Positive,Oncology;Cardiovascular Health,Biological Endpoint,,41617107,Literature,PubMed,,
O3,Air Quality,pro-inflammatory/macrophage activation,Positive,Immunological Health,Biological Endpoint,Serum,41350622,Literature,PubMed,,
O3,Air Quality,B-cell activation,Positive,Immunological Health,Biological Endpoint,Serum,41350622,Literature,PubMed,,
O3,Air Quality,T-cell activation,Negative,Immunological Health,Biological Endpoint,Serum,41350622,Literature,PubMed,,
PM2.5,Air Quality,inflammation,Positive,Ophthalmology;Veterinary Health,Biological Endpoint,,39137801,Literature,PubMed,,
NO2,Air Quality,maternal immune activation,Positive,Immune Health;Maternal Health,Biological Endpoint,maternal plasma,39034020,Literature,PubMed,,
NO2,Air Quality,maternal immune dysregulation,Positive,Immune Health;Maternal Health,Biological Endpoint,maternal plasma,39034020,Literature,PubMed,,
